Verification started: 2026-10-09T17:06:59Z
Verification scope: focused; build mode: parallel
Lean (version 4.34.1, x86_64-unknown-linux-gnu, commit 5045d0056413266e57c625dcd7c365b10e377c52, Release)
✔ [6085/6328] Built OAI.Combinatorics.ContingencyTables.Transport.QuadraticTransport (2.6s)
✔ [8925/8948] Built OAI.Combinatorics.ContingencyTables.Transport.BalancedSummation (2.9s)
✔ [8926/8948] Built OAI.Combinatorics.ContingencyTables.Transport.SignedTransport (2.2s)
✔ [8927/8948] Built OAI.Combinatorics.MatroidCounting.CommonBases (229s)
✔ [8928/8948] Built OAI.Combinatorics.ContingencyTables.Machines.BinaryContraction (7.1s)
✔ [8929/8948] Built OAI.Combinatorics.ContingencyTables.Transport.FactorialSignatures (7.7s)
✔ [8930/8948] Built OAI.Combinatorics.ContingencyTables.Transport.IntegerMarginal (5.0s)
✔ [8931/8948] Built OAI.Combinatorics.ContingencyTables.Transport.BalancedBox (4.6s)
✔ [8932/8948] Built OAI.Combinatorics.ContingencyTables.Transport.IntegerWeightedTransport (4.0s)
✔ [8933/8948] Built OAI.Combinatorics.ContingencyTables.Transport.IntegerReflection (5.2s)
✔ [8934/8948] Built OAI.Combinatorics.ContingencyTables.Transport.IntegerSliceReindex (4.0s)
✔ [8935/8948] Built OAI.Combinatorics.ContingencyTables.Transport.BalancedFamily (5.1s)
✔ [8936/8948] Built OAI.Combinatorics.ContingencyTables.Transport.IntegerFutureSquare (7.6s)
✔ [8937/8948] Built OAI.Combinatorics.ContingencyTables.Transport.BalancedEnumeration (4.0s)
✔ [8938/8948] Built OAI.Combinatorics.ContingencyTables.Transport.IntegerFutureKernel (4.7s)
✔ [8939/8948] Built OAI.Combinatorics.ContingencyTables.Transport.IntegerPairRecursion (5.1s)
✔ [8940/8948] Built OAI.Combinatorics.ContingencyTables.Transport.IntegerLeafTransport (4.0s)
✔ [8941/8948] Built OAI.Combinatorics.ContingencyTables.Transport.IntegerExposure (4.8s)
✔ [8942/8948] Built OAI.Combinatorics.ContingencyTables.Transport.IntegerTransportLevels (4.8s)
✔ [8943/8948] Built OAI.Combinatorics.ContingencyTables.Transport.IntegerRecursiveFlow (4.2s)
✔ [8944/8948] Built OAI.Combinatorics.ContingencyTables.Transport.IntegerRootEstimate (4.6s)
✔ [8945/8948] Built OAI.Combinatorics.ContingencyTables.Transport.IntegerCorrectionKernel (4.1s)
✔ [8946/8948] Built OAI.Combinatorics.ContingencyTables.Transport.IntegerLeafEnergy (4.6s)
✔ [8947/8948] Built OAI.Combinatorics.ContingencyTables.Transport.IntegerRecursivePotential (4.5s)
✔ [8948/8948] Built OAI.Combinatorics.ContingencyTables.Transport.IntegerRootTransport (3.9s)
Build completed successfully (8948 jobs).
✔ [8925/8961] Built Math115.QuadraticCoefficient (2.7s)
✔ [8926/8963] Built Math115.GlobalDisplayOwnership (2.7s)
✔ [8927/8963] Built Math115.SwitchingFiniteSums (3.0s)
✔ [8929/8963] Built OAI.Combinatorics.ContingencyTables.Model (2.0s)
✔ [8946/8965] Built Math115.RepairCoefficient (3.2s)
✔ [8951/8965] Built Math115.SurvivalAlgebra (3.5s)
✔ [8953/8965] Built OAI.Combinatorics.ContingencyTables.Sampling.SmallEntries (5.3s)
✔ [8954/8965] Built Math115.ScaleCertificate (6.8s)
✔ [8956/8965] Built OAI.Combinatorics.ContingencyTables.Rooted.LargePairEnumeration (7.1s)
✔ [8957/8965] Built OAI.Combinatorics.ContingencyTables.Sampling.Padding (2.3s)
✔ [8958/8970] Built Math115.UpstreamOwnershipBridge (5.9s)
✔ [8959/8971] Built Math115.SmallEntrySwitching (3.7s)
✔ [8960/8973] Built OAI.Combinatorics.ContingencyTables.Transport.LaminarSignature (3.9s)
✔ [8961/8973] Built OAI.Combinatorics.ContingencyTables.Sampling.PhysicalLargeProfiles (5.9s)
✔ [8962/8980] Built Math115.TransportRefinement (7.0s)
✔ [8963/8980] Built OAI.Combinatorics.ContingencyTables.Transport.LineUnarySignature (3.4s)
✔ [8964/8980] Built Math115.SmallEntryTail (6.3s)
✔ [8965/8980] Built OAI.Combinatorics.ContingencyTables.Transport.LabelledFactorial (7.2s)
✔ [8966/8983] Built Math115.WidthWeightedTransport (6.4s)
✔ [8967/8983] Built OAI.Combinatorics.ContingencyTables.Transport.ProductIntegerSignature (7.5s)
✔ [8968/8986] Built Math115.PaddedMarginBridge (4.3s)
✔ [8969/8986] Built OAI.Combinatorics.ContingencyTables.Transport.SliceFactorial (5.9s)
✔ [8970/8986] Built OAI.Combinatorics.ContingencyTables.Transport.RecursiveSignedTransport (13s)
✔ [8971/8993] Built OAI.Combinatorics.ContingencyTables.Transport.IntegerBoxTruncation (5.4s)
✔ [8972/8993] Built OAI.Combinatorics.ContingencyTables.Transport.ScalarPenalty (5.9s)
✔ [8973/8995] Built OAI.Combinatorics.ContingencyTables.Sampling.Repair (2.2s)
✔ [8974/8997] Built OAI.Combinatorics.ContingencyTables.Sampling.RepairPrefixes (2.0s)
✔ [8975/8997] Built OAI.Combinatorics.ContingencyTables.Transport.HardZeroTransport (6.4s)
✔ [8976/9002] Built OAI.Combinatorics.ContingencyTables.Transport.NestedProductSignature (8.5s)
✔ [8977/9002] Built OAI.Combinatorics.ContingencyTables.Transport.EqualitySoftening (6.6s)
✔ [8978/9002] Built OAI.Combinatorics.ContingencyTables.Transport.PositiveSequenceMinimum (1.7s)
✔ [8979/9007] Built OAI.Combinatorics.ContingencyTables.Transport.IntegerSliceRestriction (5.7s)
✔ [8980/9007] Built OAI.Combinatorics.ContingencyTables.Transport.IntegerTransportLimit (5.7s)
✔ [8981/9007] Built OAI.Combinatorics.ContingencyTables.Transport.NestedPenaltyApplication (6.2s)
✔ [8982/9008] Built OAI.Combinatorics.ContingencyTables.Transport.IntegerContextSlices (5.3s)
✔ [8983/9010] Built OAI.Combinatorics.ContingencyTables.Transport.ReflectedSlices (5.9s)
✔ [8984/9010] Built OAI.Combinatorics.ContingencyTables.Transport.IntegerTruncatedTransport (6.1s)
✔ [8985/9012] Built OAI.Combinatorics.ContingencyTables.Transport.IntegerChildLogConcavity (6.3s)
✔ [8986/9014] Built OAI.Combinatorics.ContingencyTables.Transport.ReflectedNested (6.4s)
✔ [8987/9014] Built OAI.Combinatorics.ContingencyTables.Transport.RowColumnPenalties (8.1s)
✔ [8988/9023] Built OAI.Combinatorics.ContingencyTables.Transport.EqualityReindex (6.4s)
✔ [8989/9025] Built OAI.Combinatorics.ContingencyTables.Transport.IntegerAuxiliaryEnumeration (6.5s)
✔ [8990/9025] Built OAI.Combinatorics.ContingencyTables.Transport.IntegerGraphTruncation (5.3s)
✔ [8991/9025] Built OAI.Combinatorics.ContingencyTables.Transport.IntegerTransportCoefficient (5.6s)
✔ [8992/9025] Built OAI.Combinatorics.ContingencyTables.Sampling.PaddedCompletions (5.7s)
✔ [8993/9025] Built OAI.Combinatorics.ContingencyTables.Transport.NestedReindex (5.6s)
✔ [8994/9042] Built Math115.PathDistanceSum (2.9s)
✔ [8995/9045] Built OAI.Combinatorics.ContingencyTables.Transport.IntegerChildVariance (7.5s)
✔ [8996/9055] Built OAI.Combinatorics.ContingencyTables.Transport.ExcessPairCoordinates (6.3s)
✔ [8997/9055] Built OAI.Combinatorics.ContingencyTables.Transport.CompletionCounts (6.6s)
✔ [8998/9055] Built OAI.Combinatorics.ContingencyTables.Transport.FiniteSymmetricEnergy (5.7s)
✔ [8999/9055] Built OAI.Combinatorics.ContingencyTables.Transport.SignedMarginTranslation (2.1s)
✔ [9000/9057] Built Math115.PaddingGrowthAlgebra (3.8s)
✔ [9001/9059] Built OAI.Combinatorics.ContingencyTables.Transport.FiniteExposureVariance (6.4s)
✔ [9002/9059] Built OAI.Combinatorics.ContingencyTables.Sampling.RepairResiduals (6.1s)
✔ [9003/9059] Built Math115.PaddingGrowth (3.8s)
✔ [9004/9059] Built OAI.Combinatorics.ContingencyTables.Sampling.FirstPaperProfiles (6.1s)
✔ [9005/9059] Built OAI.Combinatorics.ContingencyTables.Transport.TableReindex (1.5s)
✔ [9006/9059] Built OAI.Combinatorics.ContingencyTables.Transport.RectangleCompletions (6.0s)
✔ [9007/9064] Built OAI.Combinatorics.ContingencyTables.Transport.FiniteSupportVariance (5.4s)
✔ [9008/9068] Built OAI.Combinatorics.ContingencyTables.Transport.FinitePartitionVariance (5.5s)
✔ [9009/9068] Built OAI.Combinatorics.ContingencyTables.Sampling.RepairFibres (6.4s)
✔ [9010/9068] Built OAI.Combinatorics.ContingencyTables.Transport.FiniteExchangeDegree (5.6s)
✔ [9011/9071] Built OAI.Combinatorics.ContingencyTables.Transport.FinitePrefixVariance (6.2s)
✔ [9012/9071] Built OAI.Combinatorics.ContingencyTables.Transport.FiniteChoiceFibres (7.6s)
✔ [9013/9076] Built OAI.Combinatorics.ContingencyTables.Transport.FiniteExchangeObservables (6.8s)
✔ [9014/9076] Built OAI.Combinatorics.ContingencyTables.Transport.FiniteExposureBudget (6.1s)
✔ [9015/9083] Built OAI.Combinatorics.ContingencyTables.Transport.TranslatedCompletions (2.4s)
✔ [9016/9083] Built OAI.Combinatorics.ContingencyTables.Transport.TranslatedCompletionAcceptance (2.7s)
✔ [9017/9088] Built OAI.Combinatorics.ContingencyTables.Transport.TranslatedCompletionCounts (1.6s)
✔ [9018/9093] Built OAI.Combinatorics.ContingencyTables.Transport.FiniteRepairDegree (6.4s)
✔ [9019/9095] Built OAI.Combinatorics.ContingencyTables.Transport.FiniteSupportEnergy (6.2s)
✔ [9020/9095] Built OAI.Combinatorics.ContingencyTables.Sampling.FirstPaperPhysicalMarginal (21s)
✔ [9021/9095] Built OAI.Combinatorics.ContingencyTables.Transport.TableMarginTransport (1.4s)
✔ [9022/9097] Built OAI.Combinatorics.ContingencyTables.Dense.PublishedCheeger (4.7s)
✔ [9023/9097] Built OAI.Combinatorics.ContingencyTables.Transport.FiniteChainWeightVariance (4.9s)
✔ [9024/9097] Built OAI.Combinatorics.ContingencyTables.Sampling.FirstPaperContextTransport (5.5s)
✔ [9025/9100] Built OAI.Combinatorics.ContingencyTables.Sampling.PhysicalCompletionFibres (6.3s)
✔ [9026/9105] Built OAI.Combinatorics.ContingencyTables.Transport.FiniteChainGraphComparison (5.4s)
✔ [9027/9105] Built OAI.Combinatorics.ContingencyTables.Transport.MetropolisChain (5.9s)
✔ [9028/9105] Built OAI.Combinatorics.ContingencyTables.Sampling.FirstPaperContextBox (5.5s)
✔ [9029/9127] Built OAI.Combinatorics.ContingencyTables.Sampling.FirstPaperContextChildren (5.3s)
✔ [9030/9127] Built OAI.Combinatorics.ContingencyTables.Sampling.ResidualMixture (2.8s)
✔ [9031/9129] Built OAI.Combinatorics.ContingencyTables.Transport.FirstSuccess (2.6s)
✔ [9032/9129] Built OAI.Combinatorics.ContingencyTables.Sampling.SmallContextFibres (6.0s)
✔ [9033/9129] Built OAI.Combinatorics.ContingencyTables.Transport.TranslatedCompletionChain (5.8s)
✔ [9034/9129] Built OAI.Combinatorics.ContingencyTables.Transport.RationalProducts (1.9s)
✔ [9035/9129] Built OAI.Combinatorics.ContingencyTables.Sampling.UnitGraphEnergy (5.9s)
✔ [9036/9129] Built OAI.Combinatorics.ContingencyTables.Transport.RationalReindex (1.6s)
✔ [9037/9134] Built OAI.Combinatorics.ContingencyTables.Transport.RejectionLaw (2.3s)
✔ [9038/9134] Built OAI.Combinatorics.ContingencyTables.Transport.CompletionFibreTransport (5.2s)
✔ [9039/9134] Built OAI.Combinatorics.ContingencyTables.Machines.FiniteFairBits (1.6s)
✔ [9040/9134] Built OAI.Combinatorics.ContingencyTables.Transport.RationalWalks (1.7s)
✔ [9042/9152] Built OAI.Combinatorics.ContingencyTables.Sampling.SmallContextCount (6.7s)
✔ [9043/9152] Built OAI.Combinatorics.ContingencyTables.Transport.CompletionChainFlow (5.8s)
✔ [9044/9152] Built OAI.Combinatorics.ContingencyTables.Sampling.SmallContextCoordinates (6.1s)
✔ [9045/9152] Built OAI.Combinatorics.ContingencyTables.Transport.UniformPartialRejection (3.4s)
✔ [9046/9152] Built OAI.Combinatorics.ContingencyTables.Transport.RationalMapProducts (2.0s)
✔ [9047/9152] Built OAI.Combinatorics.ContingencyTables.Transport.RationalWalkApproximation (1.0s)
⚠ [9048/9152] Built Math115.CompletionRetryBudget (2.3s)
warning: Math115/CompletionRetryBudget.lean:20:0: automatically included section variable(s) unused in theorem `Math115.CompletionRetryBudget.uniform_success_mass`:
  [Fintype A]
  [Nonempty A]
consider restructuring your `variable` declarations so that the variables are not in scope or explicitly omit them:
  omit [Fintype A] [Nonempty A] in theorem ...

Note: This linter can be disabled with `set_option linter.unusedSectionVars false`
warning: Math115/CompletionRetryBudget.lean:34:0: automatically included section variable(s) unused in theorem `Math115.CompletionRetryBudget.failure_nonnegative`:
  [Fintype A]
  [Nonempty A]
consider restructuring your `variable` declarations so that the variables are not in scope or explicitly omit them:
  omit [Fintype A] [Nonempty A] in theorem ...

Note: This linter can be disabled with `set_option linter.unusedSectionVars false`
warning: Math115/CompletionRetryBudget.lean:43:0: automatically included section variable(s) unused in theorem `Math115.CompletionRetryBudget.success_nonnegative`:
  [Fintype A]
  [Nonempty A]
consider restructuring your `variable` declarations so that the variables are not in scope or explicitly omit them:
  omit [Fintype A] [Nonempty A] in theorem ...

Note: This linter can be disabled with `set_option linter.unusedSectionVars false`
✔ [9049/9152] Built OAI.Combinatorics.ContingencyTables.Transport.RationalChainCast (5.8s)
✔ [9050/9152] Built Math115.LatticeCellVolume (4.1s)
✔ [9051/9152] Built Math115.LatticeCompletion (4.8s)
⚠ [9052/9152] Built Math115.CompletionAcceptance (4.0s)
warning: Math115/CompletionAcceptance.lean:87:43: Used `tac1 <;> tac2` where `(tac1; tac2)` would suffice

Note: This linter can be disabled with `set_option linter.unnecessarySeqFocus false`
✔ [9053/9152] Built OAI.Combinatorics.ContingencyTables.Transport.CompletionEnergyComparison (5.9s)
✔ [9054/9152] Built OAI.Combinatorics.ContingencyTables.Sampling.SmallCoordinateSums (6.5s)
✔ [9055/9152] Built OAI.Combinatorics.ContingencyTables.Transport.RowMajorEnumeration (6.3s)
✔ [9056/9152] Built OAI.Combinatorics.ContingencyTables.Transport.FiniteDependentLaw (1.7s)
✔ [9057/9152] Built OAI.Combinatorics.ContingencyTables.Transport.CompletionStepApproximation (1.8s)
✔ [9058/9152] Built OAI.Combinatorics.ContingencyTables.Sampling.SmallContextEnumeration (6.8s)
✔ [9059/9152] Built OAI.Combinatorics.ContingencyTables.Transport.FiniteDependentApproximation (2.4s)
✔ [9060/9152] Built Math115.LatticeCompletionFinite (4.9s)
✔ [9061/9152] Built Math115.PrefixTransportation (5.6s)
✔ [9062/9152] Built OAI.Combinatorics.ContingencyTables.Transport.CompletionProposalLaw (3.2s)
✔ [9063/9152] Built OAI.Combinatorics.ContingencyTables.Sampling.FirstPaperChildMass (5.7s)
✔ [9064/9152] Built Math115.LatticeCompletionLaw (3.3s)
✔ [9065/9152] Built OAI.Combinatorics.ContingencyTables.Transport.RationalChainMixing (5.6s)
✔ [9066/9152] Built OAI.Combinatorics.ContingencyTables.Transport.CompletionKernelIdentification (1.7s)
✔ [9067/9152] Built OAI.Combinatorics.ContingencyTables.Transport.ExcessContextProfiles (6.1s)
✔ [9068/9152] Built Math115.PrefixFloorCover (3.8s)
✔ [9069/9152] Built Math115.CompletionCountBound (4.1s)
✔ [9070/9152] Built OAI.Combinatorics.ContingencyTables.Transport.ContextWeightedEnumeration (5.0s)
✔ [9071/9152] Built OAI.Combinatorics.ContingencyTables.Sampling.SmallGraphProfiles (6.1s)
✔ [9072/9152] Built OAI.Combinatorics.ContingencyTables.Transport.ExcessContextDefects (6.1s)
⚠ [9073/9152] Built Math115.LatticeCompletionAccuracy (2.1s)
warning: Math115/LatticeCompletionAccuracy.lean:34:2: Try this: 
  letI̵

The goal is a proposition, so `let` is preferred over `letI`.
The difference between `let` and `letI` is that `letI` inlines the value.
But this is not relevant for proofs because of proof irrelevance.

Note: This linter can be disabled with `set_option linter.style.haveILetI false`
warning: Math115/LatticeCompletionAccuracy.lean:65:2: Try this: 
  letI̵

The goal is a proposition, so `let` is preferred over `letI`.
The difference between `let` and `letI` is that `letI` inlines the value.
But this is not relevant for proofs because of proof irrelevance.

Note: This linter can be disabled with `set_option linter.style.haveILetI false`
warning: Math115/LatticeCompletionAccuracy.lean:66:2: Try this: 
  letI̵

The goal is a proposition, so `let` is preferred over `letI`.
The difference between `let` and `letI` is that `letI` inlines the value.
But this is not relevant for proofs because of proof irrelevance.

Note: This linter can be disabled with `set_option linter.style.haveILetI false`
✔ [9074/9152] Built OAI.Combinatorics.ContingencyTables.Transport.AuxiliaryRepairMass (4.0s)
✔ [9075/9152] Built OAI.Combinatorics.ContingencyTables.Transport.ContextAdjacentTransport (4.1s)
✔ [9076/9152] Built OAI.Combinatorics.ContingencyTables.Transport.FiniteRepairVariance (4.1s)
✔ [9077/9152] Built Math115.PathVariance (6.7s)
✔ [9078/9152] Built OAI.Combinatorics.ContingencyTables.Transport.ContextChildVariance (6.0s)
⚠ [9079/9152] Built Math115.RepairVarianceRefinement (7.2s)
warning: Math115/RepairVarianceRefinement.lean:21:4: Used `tac1 <;> tac2` where `(tac1; tac2)` would suffice

Note: This linter can be disabled with `set_option linter.unnecessarySeqFocus false`
✔ [9080/9152] Built OAI.Combinatorics.ContingencyTables.Transport.FiniteGraphPoincareBudget (7.5s)
✔ [9081/9152] Built OAI.Combinatorics.ContingencyTables.Transport.ContextGraphMembership (4.7s)
✔ [9082/9152] Built OAI.Combinatorics.ContingencyTables.Sampling.SmallChainBudget (5.0s)
✔ [9083/9152] Built OAI.Combinatorics.ContingencyTables.Sampling.FirstPaperExposureVariance (5.7s)
✔ [9084/9152] Built OAI.Combinatorics.ContingencyTables.Sampling.PhysicalGraphVertices (5.0s)
✔ [9085/9152] Built OAI.Combinatorics.ContingencyTables.Sampling.SmallCompletionAcceptance (5.1s)
✔ [9086/9152] Built OAI.Combinatorics.ContingencyTables.Sampling.SmallProposal (6.1s)
✔ [9087/9152] Built OAI.Combinatorics.ContingencyTables.Sampling.SmallProfileRepair (3.9s)
✔ [9088/9152] Built OAI.Combinatorics.ContingencyTables.Transport.ContextGraphEnergy (6.3s)
✔ [9089/9152] Built OAI.Combinatorics.ContingencyTables.Sampling.RepairLargeMass (4.1s)
✔ [9090/9152] Built OAI.Combinatorics.ContingencyTables.Sampling.PhysicalContextVariance (4.4s)
✔ [9091/9152] Built OAI.Combinatorics.ContingencyTables.Sampling.RepairSmallMargins (4.7s)
✔ [9092/9152] Built OAI.Combinatorics.ContingencyTables.Sampling.PhysicalPrefixEnergies (8.1s)
✔ [9093/9152] Built OAI.Combinatorics.ContingencyTables.Sampling.SmallRepairCapacity (4.1s)
✔ [9094/9152] Built OAI.Combinatorics.ContingencyTables.Transport.ChoiceContextEnumeration (6.0s)
✔ [9095/9152] Built OAI.Combinatorics.ContingencyTables.Sampling.PhysicalRepairMass (5.9s)
⚠ [9096/9152] Built Math115.PhysicalLeafEnergy (9.7s)
warning: Math115/PhysicalLeafEnergy.lean:154:0: automatically included section variable(s) unused in theorem `Math115.PhysicalLeafEnergy.physical_display_special`:
  [Fintype I]
  [Fintype J]
consider restructuring your `variable` declarations so that the variables are not in scope or explicitly omit them:
  omit [Fintype I] [Fintype J] in theorem ...

Note: This linter can be disabled with `set_option linter.unusedSectionVars false`
warning: Math115/PhysicalLeafEnergy.lean:413:0: automatically included section variable(s) unused in theorem `Math115.PhysicalLeafEnergy.context_box_leaf_transport_quarter`:
  [LinearOrder I]
  [LinearOrder J]
consider restructuring your `variable` declarations so that the variables are not in scope or explicitly omit them:
  omit [LinearOrder I] [LinearOrder J] in theorem ...

Note: This linter can be disabled with `set_option linter.unusedSectionVars false`
✔ [9097/9152] Built OAI.Combinatorics.ContingencyTables.Transport.RowMajorPrefixFibres (4.3s)
✔ [9098/9152] Built OAI.Combinatorics.ContingencyTables.Transport.RawSmallChoiceProperties (4.8s)
✔ [9099/9152] Built OAI.Combinatorics.ContingencyTables.Transport.WordContextVariance (3.8s)
✔ [9100/9152] Built Math115.PhysicalExposureVariance (4.7s)
✔ [9101/9152] Built OAI.Combinatorics.ContingencyTables.Sampling.SmallRepairWords (5.4s)
✔ [9102/9152] Built OAI.Combinatorics.ContingencyTables.Sampling.FirstPaperTransversalVariance (8.6s)
✔ [9103/9152] Built OAI.Combinatorics.ContingencyTables.Sampling.SmallBalancedEncoding (4.4s)
✔ [9104/9152] Built OAI.Combinatorics.ContingencyTables.Sampling.PhysicalRepairGraph (6.8s)
✔ [9105/9152] Built OAI.Combinatorics.ContingencyTables.Transport.BalancedCompletionMass (5.3s)
✔ [9106/9152] Built OAI.Combinatorics.ContingencyTables.Sampling.SmallProfileEncoding (5.6s)
✔ [9107/9152] Built OAI.Combinatorics.ContingencyTables.Sampling.FirstPaperFullVariance (5.3s)
✔ [9108/9152] Built OAI.Combinatorics.ContingencyTables.Transport.BalancedJointConstruction (4.6s)
✔ [9109/9152] Built OAI.Combinatorics.ContingencyTables.Sampling.FirstPaperPhysicalVariance (4.3s)
✔ [9110/9152] Built OAI.Combinatorics.ContingencyTables.Sampling.PhysicalGraphDegree (10s)
✔ [9111/9152] Built OAI.Combinatorics.ContingencyTables.Sampling.PhysicalResidualMargins (5.7s)
✔ [9112/9152] Built OAI.Combinatorics.ContingencyTables.Sampling.PhysicalPaperCapacity (6.4s)
✔ [9113/9152] Built OAI.Combinatorics.ContingencyTables.Sampling.PhysicalOriginalResiduals (5.8s)
✔ [9114/9152] Built OAI.Combinatorics.ContingencyTables.Sampling.PhysicalSmallGraph (18s)
✔ [9115/9152] Built Math115.PhysicalFullVariance (19s)
✔ [9116/9152] Built OAI.Combinatorics.ContingencyTables.Sampling.PhysicalMassBound (14s)
✔ [9117/9152] Built OAI.Combinatorics.ContingencyTables.Transport.ReferenceCompletionBlock (4.5s)
✔ [9118/9152] Built OAI.Combinatorics.ContingencyTables.Sampling.PhysicalExchangeMargins (5.1s)
✔ [9119/9152] Built OAI.Combinatorics.ContingencyTables.Transport.CompletionFibreEquiv (6.2s)
✔ [9120/9152] Built OAI.Combinatorics.ContingencyTables.Transport.ReferenceCompletionBounds (6.7s)
✔ [9121/9152] Built OAI.Combinatorics.ContingencyTables.Sampling.PhysicalRepairMargins (5.7s)
✔ [9122/9152] Built OAI.Combinatorics.ContingencyTables.Sampling.PhysicalSmallEnergy (10s)
✔ [9123/9152] Built OAI.Combinatorics.ContingencyTables.Sampling.PhysicalEdgeMargins (6.3s)
⚠ [9124/9152] Built Math115.CompletionAdjustment (7.5s)
warning: Math115/CompletionAdjustment.lean:568:39: Used `tac1 <;> tac2` where `(tac1; tac2)` would suffice

Note: This linter can be disabled with `set_option linter.unnecessarySeqFocus false`
warning: Math115/CompletionAdjustment.lean:574:39: Used `tac1 <;> tac2` where `(tac1; tac2)` would suffice

Note: This linter can be disabled with `set_option linter.unnecessarySeqFocus false`
✔ [9125/9152] Built OAI.Combinatorics.ContingencyTables.Transport.ReferenceEdgeAcceptance (4.7s)
✔ [9126/9152] Built Math115.ReferenceEdgeAcceptance (5.9s)
✔ [9127/9152] Built OAI.Combinatorics.ContingencyTables.Sampling.FirstPaperSmallChain (4.1s)
✔ [9128/9152] Built OAI.Combinatorics.ContingencyTables.Sampling.FirstPaperSmallMixing (4.2s)
✔ [9129/9152] Built Math115.SmallChainGap (5.3s)
✔ [9130/9152] Built OAI.Combinatorics.ContingencyTables.Sampling.FirstPaperSmallKernel (3.9s)
✔ [9131/9152] Built Math115.ReducedSmallChain (4.2s)
✔ [9132/9152] Built OAI.Combinatorics.ContingencyTables.Sampling.FirstPaperRationalMixing (4.1s)
✔ [9133/9152] Built Math115.ReducedAllSmallChain (4.4s)
✔ [9134/9152] Built OAI.Combinatorics.ContingencyTables.Sampling.FirstPaperJointLaw (4.6s)
⚠ [9135/9152] Built Math115.PhysicalStateNonempty (4.9s)
warning: Math115/PhysicalStateNonempty.lean:132:2: Try this: 
  letI̵

The goal is a proposition, so `let` is preferred over `letI`.
The difference between `let` and `letI` is that `letI` inlines the value.
But this is not relevant for proofs because of proof irrelevance.

Note: This linter can be disabled with `set_option linter.style.haveILetI false`
warning: Math115/PhysicalStateNonempty.lean:142:2: Try this: 
  letI̵

The goal is a proposition, so `let` is preferred over `letI`.
The difference between `let` and `letI` is that `letI` inlines the value.
But this is not relevant for proofs because of proof irrelevance.

Note: This linter can be disabled with `set_option linter.style.haveILetI false`
✔ [9136/9152] Built OAI.Combinatorics.ContingencyTables.Sampling.AllSmallFibres (5.5s)
✔ [9137/9152] Built Math115.PhysicalRepairRefinement (8.5s)
⚠ [9138/9152] Built Math115.IdealOracleScales (6.3s)
warning: Math115/IdealOracleScales.lean:111:0: automatically included section variable(s) unused in theorem `Math115.IdealOracleScales.dimension_at_least_eleven`:
  [LinearOrder I]
  [LinearOrder J]
consider restructuring your `variable` declarations so that the variables are not in scope or explicitly omit them:
  omit [LinearOrder I] [LinearOrder J] in theorem ...

Note: This linter can be disabled with `set_option linter.unusedSectionVars false`
warning: Math115/IdealOracleScales.lean:201:2: Try this: 
  letI̵

The goal is a proposition, so `let` is preferred over `letI`.
The difference between `let` and `letI` is that `letI` inlines the value.
But this is not relevant for proofs because of proof irrelevance.

Note: This linter can be disabled with `set_option linter.style.haveILetI false`
⚠ [9139/9152] Built Math115.ReducedRepairRefinement (7.1s)
warning: Math115/ReducedRepairRefinement.lean:78:2: Try this: 
  letI̵

The goal is a proposition, so `let` is preferred over `letI`.
The difference between `let` and `letI` is that `letI` inlines the value.
But this is not relevant for proofs because of proof irrelevance.

Note: This linter can be disabled with `set_option linter.style.haveILetI false`
✔ [9140/9152] Built OAI.Combinatorics.ContingencyTables.Sampling.AllSmallChain (8.3s)
⚠ [9141/9152] Built Math115.IdealRepairRefinement (6.7s)
warning: Math115/IdealRepairRefinement.lean:58:2: Try this: 
  letI̵

The goal is a proposition, so `let` is preferred over `letI`.
The difference between `let` and `letI` is that `letI` inlines the value.
But this is not relevant for proofs because of proof irrelevance.

Note: This linter can be disabled with `set_option linter.style.haveILetI false`
✔ [9142/9152] Built Math115.AllSmallChainGap (5.3s)
✔ [9143/9152] Built Math115.PhysicalStationaryMass (53s)
✔ [9144/9152] Built Math115.PhysicalStationarySuccess (5.6s)
⚠ [9145/9152] Built Math115.PhysicalStationaryLaw (4.2s)
warning: Math115/PhysicalStationaryLaw.lean:136:2: Try this: 
  letI̵

The goal is a proposition, so `let` is preferred over `letI`.
The difference between `let` and `letI` is that `letI` inlines the value.
But this is not relevant for proofs because of proof irrelevance.

Note: This linter can be disabled with `set_option linter.style.haveILetI false`
warning: Math115/PhysicalStationaryLaw.lean:178:2: Try this: 
  letI̵

The goal is a proposition, so `let` is preferred over `letI`.
The difference between `let` and `letI` is that `letI` inlines the value.
But this is not relevant for proofs because of proof irrelevance.

Note: This linter can be disabled with `set_option linter.style.haveILetI false`
warning: Math115/PhysicalStationaryLaw.lean:179:2: Try this: 
  letI̵

The goal is a proposition, so `let` is preferred over `letI`.
The difference between `let` and `letI` is that `letI` inlines the value.
But this is not relevant for proofs because of proof irrelevance.

Note: This linter can be disabled with `set_option linter.style.haveILetI false`
✔ [9146/9152] Built Math115.PhysicalRationalKernel (3.9s)
⚠ [9147/9152] Built Math115.PhysicalFiniteWalk (5.0s)
warning: Math115/PhysicalFiniteWalk.lean:31:0: automatically included section variable(s) unused in theorem `Math115.PhysicalFiniteWalk.massAllowance_positive`:
  [LinearOrder I]
  [LinearOrder J]
consider restructuring your `variable` declarations so that the variables are not in scope or explicitly omit them:
  omit [LinearOrder I] [LinearOrder J] in theorem ...

Note: This linter can be disabled with `set_option linter.unusedSectionVars false`
warning: Math115/PhysicalFiniteWalk.lean:35:0: automatically included section variable(s) unused in theorem `Math115.PhysicalFiniteWalk.capacity_le_bound`:
  [LinearOrder I]
  [LinearOrder J]
consider restructuring your `variable` declarations so that the variables are not in scope or explicitly omit them:
  omit [LinearOrder I] [LinearOrder J] in theorem ...

Note: This linter can be disabled with `set_option linter.unusedSectionVars false`
warning: Math115/PhysicalFiniteWalk.lean:156:0: automatically included section variable(s) unused in theorem `Math115.PhysicalFiniteWalk.successAllowance_positive`:
  [LinearOrder I]
  [LinearOrder J]
consider restructuring your `variable` declarations so that the variables are not in scope or explicitly omit them:
  omit [LinearOrder I] [LinearOrder J] in theorem ...

Note: This linter can be disabled with `set_option linter.unusedSectionVars false`
warning: Math115/PhysicalFiniteWalk.lean:179:2: Try this: 
  letI̵

The goal is a proposition, so `let` is preferred over `letI`.
The difference between `let` and `letI` is that `letI` inlines the value.
But this is not relevant for proofs because of proof irrelevance.

Note: This linter can be disabled with `set_option linter.style.haveILetI false`
warning: Math115/PhysicalFiniteWalk.lean:180:2: Try this: 
  letI̵

The goal is a proposition, so `let` is preferred over `letI`.
The difference between `let` and `letI` is that `letI` inlines the value.
But this is not relevant for proofs because of proof irrelevance.

Note: This linter can be disabled with `set_option linter.style.haveILetI false`
warning: Math115/PhysicalFiniteWalk.lean:223:2: Try this: 
  letI̵

The goal is a proposition, so `let` is preferred over `letI`.
The difference between `let` and `letI` is that `letI` inlines the value.
But this is not relevant for proofs because of proof irrelevance.

Note: This linter can be disabled with `set_option linter.style.haveILetI false`
warning: Math115/PhysicalFiniteWalk.lean:236:8: this tactic is never executed

Note: This linter can be disabled with `set_option linter.unreachableTactic false`
warning: Math115/PhysicalFiniteWalk.lean:231:23: Used `tac1 <;> tac2` where `(tac1; tac2)` would suffice

Note: This linter can be disabled with `set_option linter.unnecessarySeqFocus false`
warning: Math115/PhysicalFiniteWalk.lean:236:8: Unused tactic linter: `ring` does nothing

Note: This linter can be disabled with `set_option linter.unusedTactic false`
⚠ [9148/9152] Built Math115.PhysicalCompletionOracle (14s)
warning: Math115/PhysicalCompletionOracle.lean:178:13: Variable name `hζ` is not explicitly referenced.

Hint: The binding can be removed (if unused) or named `_` (if used implicitly). Alternatively, prefix the name with `_` to silence this warning:
  [apply] _hζ

Note: This linter can be disabled with `set_option linter.unusedVariables false`
✔ [9149/9152] Built Math115.DilatedCompletionMargins (4.5s)
⚠ [9150/9152] Built Math115.PhysicalApproximateOracle (4.5s)
warning: Math115/PhysicalApproximateOracle.lean:117:2: Try this: 
  letI̵

The goal is a proposition, so `let` is preferred over `letI`.
The difference between `let` and `letI` is that `letI` inlines the value.
But this is not relevant for proofs because of proof irrelevance.

Note: This linter can be disabled with `set_option linter.style.haveILetI false`
warning: Math115/PhysicalApproximateOracle.lean:118:2: Try this: 
  letI̵

The goal is a proposition, so `let` is preferred over `letI`.
The difference between `let` and `letI` is that `letI` inlines the value.
But this is not relevant for proofs because of proof irrelevance.

Note: This linter can be disabled with `set_option linter.style.haveILetI false`
✔ [9151/9152] Built Math115 (3.2s)
Build completed successfully (9152 jobs).
'OAI.ContingencyTables.IntegerWeightedTransport.leafEnergySum_le_graphEnergy' depends on axioms: [propext,
 Classical.choice,
 Quot.sound]
'OAI.ContingencyTables.IntegerWeightedTransport.integer_root_graph_transport' depends on axioms: [propext,
 Classical.choice,
 Quot.sound]
'OAI.ContingencyTables.IntegerWeightedTransport.weightedFuture_upper_quadratic' depends on axioms: [propext,
 Classical.choice,
 Quot.sound]
'OAI.ContingencyTables.IntegerWeightedTransport.weightedFuture_upper_quarter' depends on axioms: [propext,
 Classical.choice,
 Quot.sound]
'OAI.ContingencyTables.IntegerWeightedTransport.correctionKernel_upper_quarter' depends on axioms: [propext,
 Classical.choice,
 Quot.sound]
'OAI.ContingencyTables.IntegerWeightedTransport.recursive_root_potential_quarter' depends on axioms: [propext,
 Classical.choice,
 Quot.sound]
'OAI.ContingencyTables.IntegerWeightedTransport.integer_root_leaf_transport_quarter' depends on axioms: [propext,
 Classical.choice,
 Quot.sound]
'OAI.ContingencyTables.IntegerWeightedTransport.integer_root_graph_transport_quarter' depends on axioms: [propext,
 Classical.choice,
 Quot.sound]
'OAI.ContingencyTables.IntegerWeightedTransport.recursive_root_potential_widths' depends on axioms: [propext,
 Classical.choice,
 Quot.sound]
'OAI.ContingencyTables.IntegerWeightedTransport.integer_root_leaf_transport_widths' depends on axioms: [propext,
 Classical.choice,
 Quot.sound]
'Math115.GlobalDisplayOwnership.edge_owner_unique_upstream' depends on axioms: [propext, Quot.sound]
'Math115.SmallEntrySwitching.all_donor_incidence_bound' depends on axioms: [propext, Classical.choice, Quot.sound]
'Math115.SmallEntrySwitching.donor_capacity_sum_lower' depends on axioms: [propext, Classical.choice, Quot.sound]
'Math115.SmallEntrySwitching.donor_capacity_sum_lower_of_margins' depends on axioms: [propext,
 Classical.choice,
 Quot.sound]
'Math115.SmallEntrySwitching.all_donor_small_entry_count_refined' depends on axioms: [propext,
 Classical.choice,
 Quot.sound]
'Math115.SmallEntrySwitching.all_donor_small_entry_count' depends on axioms: [propext, Classical.choice, Quot.sound]
'Math115.SmallEntrySwitching.all_donor_small_entry_probability_refined' depends on axioms: [propext,
 Classical.choice,
 Quot.sound]
'Math115.SmallEntrySwitching.all_donor_small_entry_probability' depends on axioms: [propext,
 Classical.choice,
 Quot.sound]
'Math115.SmallEntryTail.shiftEquiv' depends on axioms: [propext, Classical.choice, Quot.sound]
'Math115.SmallEntryTail.shiftPositiveEquiv' depends on axioms: [propext, Classical.choice, Quot.sound]
'Math115.SmallEntryTail.survival_step' depends on axioms: [propext, Classical.choice, Quot.sound]
'Math115.SmallEntryTail.survival_step_real' depends on axioms: [propext, Classical.choice, Quot.sound]
'Math115.SmallEntryTail.small_card_add_survival' depends on axioms: [propext, Classical.choice, Quot.sound]
'Math115.SmallEntryTail.all_donor_small_entry_count_strong' depends on axioms: [propext, Classical.choice, Quot.sound]
'Math115.SmallEntryTail.all_donor_small_entry_probability_strong' depends on axioms: [propext,
 Classical.choice,
 Quot.sound]
'Math115.SmallEntryTail.all_donor_survival_product_count' depends on axioms: [propext, Classical.choice, Quot.sound]
'Math115.SmallEntryTail.all_donor_small_entry_probability_product' depends on axioms: [propext,
 Classical.choice,
 Quot.sound]
'Math115.SmallEntryTail.survival_sum_le_entry_sum' depends on axioms: [propext, Classical.choice, Quot.sound]
'Math115.SmallEntryTail.all_donor_entry_sum_lower' depends on axioms: [propext, Classical.choice, Quot.sound]
'Math115.SmallEntryTail.all_donor_entry_mean_lower' depends on axioms: [propext, Classical.choice, Quot.sound]
'Math115.SurvivalAlgebra.nat_lower_tail_linear_bound' depends on axioms: [propext, Classical.choice, Quot.sound]
'Math115.SurvivalAlgebra.nat_survival_product_bound' depends on axioms: [propext, Classical.choice, Quot.sound]
'Math115.SurvivalAlgebra.nat_mean_tail_sum_bound' depends on axioms: [propext, Classical.choice, Quot.sound]
'Math115.DenseScaleConditions.width_bounds' depends on axioms: [propext, Classical.choice, Quot.sound]
'Math115.proposed_dense_scales' depends on axioms: [propext, Classical.choice, Quot.sound]
'Math115.proposed_padding_scales' depends on axioms: [propext, Classical.choice, Quot.sound]
'Math115.sharper_enlarged_margin_padding_scales' depends on axioms: [propext, Classical.choice, Quot.sound]
'Math115.shape_aware_linear_tail_budget' depends on axioms: [propext, Classical.choice, Quot.sound]
'Math115.shape_aware_linear_unpadding_error_le_half' depends on axioms: [propext, Classical.choice, Quot.sound]
'Math115.PaddedMarginBridge.marked_incident_margins' depends on axioms: [propext, Classical.choice, Quot.sound]
'Math115.PaddedMarginBridge.large_padding_good_card' depends on axioms: [propext, Classical.choice, Quot.sound]
'Math115.PaddedMarginBridge.enlarged_bad_count' depends on axioms: [propext, Classical.choice, Quot.sound]
'Math115.PaddedMarginBridge.sharper_padded_count_le_twice_original' depends on axioms: [propext,
 Classical.choice,
 Quot.sound]
'Math115.PaddedMarginBridge.enlarged_bad_count_strong' depends on axioms: [propext, Classical.choice, Quot.sound]
'Math115.PaddedMarginBridge.shape_aware_padded_count_le_twice_original' depends on axioms: [propext,
 Classical.choice,
 Quot.sound]
'Math115.PhysicalLeafEnergy.leafEnergySum_eq_physicalLeafEnergy' depends on axioms: [propext,
 Classical.choice,
 Quot.sound]
'Math115.PhysicalLeafEnergy.physicalLeafEnergy_tendsto' depends on axioms: [propext, Classical.choice, Quot.sound]
'Math115.PhysicalLeafEnergy.leafEnergySum_truncate_eq' depends on axioms: [propext, Classical.choice, Quot.sound]
'Math115.PhysicalLeafEnergy.physicalLeafEdges_subset' depends on axioms: [propext, Classical.choice, Quot.sound]
'Math115.PhysicalLeafEnergy.physicalLeafEdges_owner_unique' depends on axioms: [propext, Classical.choice, Quot.sound]
'Math115.PhysicalLeafEnergy.owner_unique' depends on axioms: [propext, Classical.choice, Quot.sound]
'Math115.PhysicalLeafEnergy.ownerEdges_pairwiseDisjoint' depends on axioms: [propext, Classical.choice, Quot.sound]
'Math115.PhysicalLeafEnergy.sum_ownerEnergy_le_physicalEnergy' depends on axioms: [propext,
 Classical.choice,
 Quot.sound]
'Math115.PhysicalLeafEnergy.sum_ownerEnergy_hardMarginal_le' depends on axioms: [propext, Classical.choice, Quot.sound]
'Math115.PhysicalLeafEnergy.leafEnergySum_tendsto' depends on axioms: [propext, Classical.choice, Quot.sound]
'Math115.PhysicalLeafEnergy.integer_root_leaf_transport_quarter_limit' depends on axioms: [propext,
 Classical.choice,
 Quot.sound]
'Math115.PhysicalLeafEnergy.integer_box_root_leaf_transport_quarter_limit' depends on axioms: [propext,
 Classical.choice,
 Quot.sound]
'Math115.PhysicalLeafEnergy.context_box_leaf_transport_quarter' depends on axioms: [propext,
 Classical.choice,
 Quot.sound]
'Math115.PhysicalLeafEnergy.repaired_root_transport_quarter' depends on axioms: [propext, Classical.choice, Quot.sound]
'Math115.PhysicalLeafEnergy.adjacent_physical_leaf_transport_quarter' depends on axioms: [propext,
 Classical.choice,
 Quot.sound]
'Math115.PhysicalLeafEnergy.ownerContrast_le_ownerEnergy' depends on axioms: [propext, Classical.choice, Quot.sound]
'Math115.PhysicalLeafEnergy.sum_ownerContrast_le_physicalEnergy' depends on axioms: [propext,
 Classical.choice,
 Quot.sound]
'Math115.PathDistanceSum.sum_values_eq_triangle' depends on axioms: [propext, Classical.choice, Quot.sound]
'Math115.PathDistanceSum.sum_dist_eq_two_triangles' depends on axioms: [propext, Classical.choice, Quot.sound]
'Math115.PathDistanceSum.sum_dist_eq_triangle_sub' depends on axioms: [propext, Classical.choice, Quot.sound]
'Math115.PathDistanceSum.sum_dist_le_triangle' depends on axioms: [propext, Classical.choice, Quot.sound]
'Math115.PathVariance.pathEnergy_nonneg' depends on axioms: [propext, Classical.choice, Quot.sound]
'Math115.PathVariance.weighted_pair_path_bound' depends on axioms: [propext, Classical.choice, Quot.sound]
'Math115.PathVariance.centered_at_mode_term' depends on axioms: [propext, Classical.choice, Quot.sound]
'Math115.PathVariance.weighted_path_variance_mode' depends on axioms: [propext, Classical.choice, Quot.sound]
'Math115.PathVariance.weighted_path_variance_mode_sharp' depends on axioms: [propext, Classical.choice, Quot.sound]
'Math115.PathVariance.weighted_path_variance_bound' depends on axioms: [propext, Classical.choice, Quot.sound]
'Math115.PathVariance.weighted_path_variance_of_adjacent' depends on axioms: [propext, Classical.choice, Quot.sound]
'Math115.PathVariance.child_variance_path_bound' depends on axioms: [propext, Classical.choice, Quot.sound]
'Math115.PathVariance.child_variance_limit_path_bound' depends on axioms: [propext, Classical.choice, Quot.sound]
'Math115.PhysicalExposureVariance.variance_eq_sum_prefixContribution' depends on axioms: [propext,
 Classical.choice,
 Quot.sound]
'Math115.PhysicalExposureVariance.canonical_context_variance_le_contrasts' depends on axioms: [propext,
 Classical.choice,
 Quot.sound]
'Math115.PhysicalExposureVariance.canonical_eliminate_eq_word_fibre' depends on axioms: [propext,
 Classical.choice,
 Quot.sound]
'Math115.PhysicalExposureVariance.word_context_variance_le_ownerContrasts' depends on axioms: [propext,
 Classical.choice,
 Quot.sound]
'Math115.PhysicalExposureVariance.prefixContribution_le_ownerContrasts' depends on axioms: [propext,
 Classical.choice,
 Quot.sound]
'Math115.PhysicalExposureVariance.variance_le_sum_ownerContrasts' depends on axioms: [propext,
 Classical.choice,
 Quot.sound]
'Math115.PhysicalExposureVariance.physical_transversal_variance_localized' depends on axioms: [propext,
 Classical.choice,
 Quot.sound]
'Math115.PhysicalFullVariance.physical_full_variance_localized' depends on axioms: [propext,
 Classical.choice,
 Quot.sound]
'Math115.PhysicalFullVariance.physical_variance_localized' depends on axioms: [propext, Classical.choice, Quot.sound]
'Math115.PaddingGrowthAlgebra.envelope_eq' depends on axioms: [propext, Classical.choice, Quot.sound]
'Math115.PaddingGrowthAlgebra.envelope_step' depends on axioms: [propext, Classical.choice, Quot.sound]
'Math115.PaddingGrowthAlgebra.one_add_pow_le_envelope' depends on axioms: [propext, Classical.choice, Quot.sound]
'Math115.PaddingGrowthAlgebra.envelope_32_div_47' depends on axioms: [propext, Classical.choice, Quot.sound]
'Math115.PaddingGrowthAlgebra.envelope_le_10147_div_5123' depends on axioms: [propext, Classical.choice, Quot.sound]
'Math115.PaddingGrowthAlgebra.one_add_pow_le_10147_div_5123' depends on axioms: [propext, Classical.choice, Quot.sound]
'Math115.PaddingGrowthAlgebra.one_add_pow_lt_two' depends on axioms: [propext, Classical.choice, Quot.sound]
'Math115.PaddingGrowthAlgebra.count_le_twice_of_growth' depends on axioms: [propext, Classical.choice, Quot.sound]
'Math115.PaddingGrowth.one_unit_count_growth' depends on axioms: [propext, Classical.choice, Quot.sound]
'Math115.PaddingGrowth.one_cell_count_growth' depends on axioms: [propext, Classical.choice, Quot.sound]
'Math115.PaddingGrowth.largePadding_insert' depends on axioms: [propext, Classical.choice, Quot.sound]
'Math115.PaddingGrowth.paddedRows_insert' depends on axioms: [propext, Classical.choice, Quot.sound]
'Math115.PaddingGrowth.paddedColumns_insert' depends on axioms: [propext, Classical.choice, Quot.sound]
'Math115.PaddingGrowth.large_padding_count_growth' depends on axioms: [propext, Classical.choice, Quot.sound]
'Math115.PaddingGrowth.large_padding_count_eq_of_zero_donors' depends on axioms: [propext, Classical.choice, Quot.sound]
'Math115.PaddingGrowth.sequential_scale_budget' depends on axioms: [propext]
'Math115.PaddingGrowth.sequential_padded_count_le_twice_original' depends on axioms: [propext,
 Classical.choice,
 Quot.sound]
'Math115.PaddingGrowth.sequential_shape_scale_budget' depends on axioms: [propext, Quot.sound]
'Math115.PaddingGrowth.sequential_shape_padded_count_le_twice_original' depends on axioms: [propext,
 Classical.choice,
 Quot.sound]
'Math115.CompletionAdjustment.elementary_star_bounds' depends on axioms: [propext, Classical.choice, Quot.sound]
'Math115.CompletionAdjustment.elementary_star_reverse_bounds' depends on axioms: [propext, Classical.choice, Quot.sound]
'Math115.CompletionAdjustment.exchange_selected_sum_abs_le_one' depends on axioms: [propext,
 Classical.choice,
 Quot.sound]
'Math115.CompletionAdjustment.exchange_residual_margins_one' depends on axioms: [propext, Classical.choice, Quot.sound]
'Math115.CompletionAdjustment.exchange_reference_adjustment_bounds' depends on axioms: [propext,
 Classical.choice,
 Quot.sound]
'Math115.CompletionAdjustment.repair_residual_formula' depends on axioms: [propext, Classical.choice, Quot.sound]
'Math115.CompletionAdjustment.repair_reference_adjustment_bounds' depends on axioms: [propext,
 Classical.choice,
 Quot.sound]
'Math115.CompletionAdjustment.row_major_repair_conditional' depends on axioms: [propext, Quot.sound]
'Math115.CompletionAdjustment.repaired_profile_prefix' depends on axioms: [propext, Classical.choice, Quot.sound]
'Math115.CompletionAdjustment.translation_rejection_iff' depends on axioms: [propext, Classical.choice, Quot.sound]
'Math115.CompletionAdjustment.singleton_translation_nonnegative' depends on axioms: [propext,
 Classical.choice,
 Quot.sound]
'Math115.CompletionAdjustment.empty_rectangle_card_one' depends on axioms: [propext, Classical.choice, Quot.sound]
'Math115.CompletionAdjustment.physical_empty_completion_weight' depends on axioms: [propext,
 Classical.choice,
 Quot.sound]
'Math115.CompletionAdjustment.repair_reference_elementary' depends on axioms: [propext, Classical.choice, Quot.sound]
'Math115.CompletionAdjustment.repair_reverse_reference_adjustment_bounds' depends on axioms: [propext,
 Classical.choice,
 Quot.sound]
'Math115.ReferenceEdgeAcceptance.zero_entry_count' depends on axioms: [propext, Classical.choice, Quot.sound]
'Math115.ReferenceEdgeAcceptance.rejected_card_eq_zero_union' depends on axioms: [propext, Classical.choice, Quot.sound]
'Math115.ReferenceEdgeAcceptance.rejected_count' depends on axioms: [propext, Classical.choice, Quot.sound]
'Math115.ReferenceEdgeAcceptance.rejected_count_le_two' depends on axioms: [propext, Classical.choice, Quot.sound]
'Math115.ReferenceEdgeAcceptance.rejected_add_accepted' depends on axioms: [propext, Classical.choice, Quot.sound]
'Math115.ReferenceEdgeAcceptance.rejection_probability_le' depends on axioms: [propext, Classical.choice, Quot.sound]
'Math115.ReferenceEdgeAcceptance.accepted_half_count' depends on axioms: [propext, Classical.choice, Quot.sound]
'Math115.ReferenceEdgeAcceptance.betweenAcceptedEquiv' depends on axioms: [propext, Classical.choice, Quot.sound]
'Math115.ReferenceEdgeAcceptance.singleton_between_accepted_card' depends on axioms: [propext,
 Classical.choice,
 Quot.sound]
'Math115.ReferenceEdgeAcceptance.between_accepted_half_count' depends on axioms: [propext, Classical.choice, Quot.sound]
'Math115.ReferenceEdgeAcceptance.designated_repair_adjustment_bounds' depends on axioms: [propext,
 Classical.choice,
 Quot.sound]
'Math115.ReferenceEdgeAcceptance.physical_reference_adjustment_bounds' depends on axioms: [propext,
 Classical.choice,
 Quot.sound]
'Math115.ReferenceEdgeAcceptance.reference_edge_acceptance_reduced' depends on axioms: [propext,
 Classical.choice,
 Quot.sound]
'Math115.SmallChainGap.fullConstant_le_polynomial' depends on axioms: [propext, Classical.choice, Quot.sound]
'Math115.SmallChainGap.smallProposal_localized_budget' depends on axioms: [propext, Classical.choice, Quot.sound]
'Math115.SmallChainGap.chain_poincare_localized' depends on axioms: [propext, Classical.choice, Quot.sound]
'Math115.SmallChainGap.paper_state_variance_localized' depends on axioms: [propext, Classical.choice, Quot.sound]
'Math115.SmallChainGap.paperSmallChain_poincare_exact' depends on axioms: [propext, Classical.choice, Quot.sound]
'Math115.SmallChainGap.paperSmallChain_poincare_d85' depends on axioms: [propext, Classical.choice, Quot.sound]
'Math115.SmallChainGap.unitSmallChain_poincare_exact' depends on axioms: [propext, Classical.choice, Quot.sound]
'Math115.SmallChainGap.unitSmallChain_poincare_d85' depends on axioms: [propext, Classical.choice, Quot.sound]
'Math115.ReducedSmallChain.chain' depends on axioms: [propext, Classical.choice, Quot.sound]
'Math115.ReducedSmallChain.chain_pi' depends on axioms: [propext, Classical.choice, Quot.sound]
'Math115.ReducedSmallChain.state_variance_localized' depends on axioms: [propext, Classical.choice, Quot.sound]
'Math115.ReducedSmallChain.nonreference_product_le_allowance' depends on axioms: [propext, Classical.choice, Quot.sound]
'Math115.ReducedSmallChain.chain_energy_lower' depends on axioms: [propext, Classical.choice, Quot.sound]
'Math115.ReducedSmallChain.chain_poincare_exact' depends on axioms: [propext, Classical.choice, Quot.sound]
'Math115.ReducedSmallChain.chain_poincare_polynomial' depends on axioms: [propext, Classical.choice, Quot.sound]
'Math115.ReducedSmallChain.reducedChain' depends on axioms: [propext, Classical.choice, Quot.sound]
'Math115.ReducedSmallChain.reducedChain_poincare_d25' depends on axioms: [propext, Classical.choice, Quot.sound]
'Math115.ReducedAllSmallChain.unitChain' depends on axioms: [propext, Classical.choice, Quot.sound]
'Math115.ReducedAllSmallChain.weight_eq_one' depends on axioms: [propext, Classical.choice, Quot.sound]
'Math115.ReducedAllSmallChain.unitChain_pi' depends on axioms: [propext, Classical.choice, Quot.sound]
'Math115.ReducedAllSmallChain.unitChain_pi_weight' depends on axioms: [propext, Classical.choice, Quot.sound]
'Math115.ReducedAllSmallChain.graphEnergy_empty' depends on axioms: [propext, Classical.choice, Quot.sound]
'Math115.ReducedAllSmallChain.unitChain_energy' depends on axioms: [propext, Classical.choice, Quot.sound]
'Math115.ReducedAllSmallChain.unitChain_poincare_exact' depends on axioms: [propext, Classical.choice, Quot.sound]
'Math115.ReducedAllSmallChain.unitChain_poincare_polynomial' depends on axioms: [propext, Classical.choice, Quot.sound]
'Math115.ReducedAllSmallChain.missing_reference_empty' depends on axioms: [propext, Classical.choice, Quot.sound]
'Math115.ReducedAllSmallChain.selectedChain' depends on axioms: [propext, Classical.choice, Quot.sound]
'Math115.ReducedAllSmallChain.selectedChain_pi' depends on axioms: [propext, Classical.choice, Quot.sound]
'Math115.ReducedAllSmallChain.selectedChain_poincare_exact' depends on axioms: [propext, Classical.choice, Quot.sound]
'Math115.ReducedAllSmallChain.selectedChain_poincare_polynomial' depends on axioms: [propext,
 Classical.choice,
 Quot.sound]
'Math115.ReducedAllSmallChain.reducedUnitChain' depends on axioms: [propext, Classical.choice, Quot.sound]
'Math115.ReducedAllSmallChain.reducedUnitChain_poincare_d25' depends on axioms: [propext, Classical.choice, Quot.sound]
'Math115.ReducedAllSmallChain.reducedSelectedChain' depends on axioms: [propext, Classical.choice, Quot.sound]
'Math115.ReducedAllSmallChain.reducedSelectedChain_poincare_d25' depends on axioms: [propext,
 Classical.choice,
 Quot.sound]
'Math115.RepairVarianceRefinement.square_repair_young' depends on axioms: [propext, Classical.choice, Quot.sound]
'Math115.RepairVarianceRefinement.repair_sqrt_coefficient_nonnegative' depends on axioms: [propext,
 Classical.choice,
 Quot.sound]
'Math115.RepairVarianceRefinement.repair_sqrt_coefficient_le_source' depends on axioms: [propext,
 Classical.choice,
 Quot.sound]
'Math115.RepairVarianceRefinement.repair_sqrt_coefficient_le_triangle' depends on axioms: [propext,
 Classical.choice,
 Quot.sound]
'Math115.RepairVarianceRefinement.variance_sum_repair_young' depends on axioms: [propext, Classical.choice, Quot.sound]
'Math115.RepairVarianceRefinement.variance_sum_repair_sqrt' depends on axioms: [propext, Classical.choice, Quot.sound]
'Math115.RepairVarianceRefinement.variance_repaired_energy_sqrt' depends on axioms: [propext,
 Classical.choice,
 Quot.sound]
'Math115.PhysicalStateNonempty.paddedTable' depends on axioms: [propext, Classical.choice, Quot.sound]
'Math115.PhysicalStateNonempty.small_entry_le' depends on axioms: [propext, Classical.choice, Quot.sound]
'Math115.PhysicalStateNonempty.states_nonempty_of_table' depends on axioms: [propext, Classical.choice, Quot.sound]
'Math115.PhysicalStateNonempty.states_nonempty' depends on axioms: [propext, Classical.choice, Quot.sound]
'Math115.PhysicalStateNonempty.feasibleReducedChain' depends on axioms: [propext, Classical.choice, Quot.sound]
'Math115.PhysicalStateNonempty.feasibleReducedChain_pi' depends on axioms: [propext, Classical.choice, Quot.sound]
'Math115.PhysicalStateNonempty.feasibleReducedChain_poincare_d25' depends on axioms: [propext,
 Classical.choice,
 Quot.sound]
'Math115.IdealOracleScales.idealL' does not depend on any axioms
'Math115.IdealOracleScales.idealU' depends on axioms: [propext]
'Math115.IdealOracleScales.threshold_at_least_two' depends on axioms: [propext, Quot.sound]
'Math115.IdealOracleScales.padding_at_least_three_dimension' does not depend on any axioms
'Math115.IdealOracleScales.threshold_at_least_twice_padding' depends on axioms: [propext, Classical.choice, Quot.sound]
'Math115.IdealOracleScales.sequential_scale_budget' depends on axioms: [propext, Quot.sound]
'Math115.IdealOracleScales.padded_count_le_twice_original' depends on axioms: [propext, Classical.choice, Quot.sound]
'Math115.IdealOracleScales.padded_count_le_twice_successful' depends on axioms: [propext, Classical.choice, Quot.sound]
'Math115.IdealOracleScales.dense_padding_lower_bound' depends on axioms: [propext]
'Math115.IdealOracleScales.incompatible_dense_scales' depends on axioms: [propext, Quot.sound]
'Math115.IdealOracleScales.dimension_at_least_eleven' depends on axioms: [propext, Classical.choice, Quot.sound]
'Math115.IdealOracleScales.cutoff' depends on axioms: [propext, Classical.choice, Quot.sound]
'Math115.IdealOracleScales.padding' depends on axioms: [propext, Classical.choice, Quot.sound]
'Math115.IdealOracleScales.IdealStates' depends on axioms: [propext, Classical.choice, Quot.sound]
'Math115.IdealOracleScales.idealLarge' depends on axioms: [propext, Classical.choice, Quot.sound]
'Math115.IdealOracleScales.ideal_large_padded_count_le_twice_original' depends on axioms: [propext,
 Classical.choice,
 Quot.sound]
'Math115.IdealOracleScales.referenceChain' depends on axioms: [propext, Classical.choice, Quot.sound]
'Math115.IdealOracleScales.referenceChain_poincare_d17' depends on axioms: [propext, Classical.choice, Quot.sound]
'Math115.IdealOracleScales.selectedChain' depends on axioms: [propext, Classical.choice, Quot.sound]
'Math115.IdealOracleScales.selectedChain_poincare_d17' depends on axioms: [propext, Classical.choice, Quot.sound]
'Math115.IdealOracleScales.feasibleChain' depends on axioms: [propext, Classical.choice, Quot.sound]
'Math115.IdealOracleScales.feasibleChain_poincare_d17' depends on axioms: [propext, Classical.choice, Quot.sound]
'Math115.PhysicalRepairRefinement.refinedConstant' depends on axioms: [propext, Classical.choice, Quot.sound]
'Math115.PhysicalRepairRefinement.refinedConstant_nonnegative' depends on axioms: [propext,
 Classical.choice,
 Quot.sound]
'Math115.PhysicalRepairRefinement.refinedConstant_le_fullConstant' depends on axioms: [propext,
 Classical.choice,
 Quot.sound]
'Math115.PhysicalRepairRefinement.sqrt_coefficient_le_young' depends on axioms: [propext, Classical.choice, Quot.sound]
'Math115.PhysicalRepairRefinement.refinedConstant_le_polynomial' depends on axioms: [propext,
 Classical.choice,
 Quot.sound]
'Math115.PhysicalRepairRefinement.refinedProposal_budget' depends on axioms: [propext, Classical.choice, Quot.sound]
'Math115.PhysicalRepairRefinement.refinedReferenceProposal_budget' depends on axioms: [propext,
 Classical.choice,
 Quot.sound]
'Math115.PhysicalRepairRefinement.physical_full_variance_refined' depends on axioms: [propext,
 Classical.choice,
 Quot.sound]
'Math115.PhysicalRepairRefinement.physical_variance_refined' depends on axioms: [propext, Classical.choice, Quot.sound]
'Math115.PhysicalRepairRefinement.state_variance_refined' depends on axioms: [propext, Classical.choice, Quot.sound]
'Math115.PhysicalRepairRefinement.chain_poincare_exact_refined' depends on axioms: [propext,
 Classical.choice,
 Quot.sound]
'Math115.PhysicalRepairRefinement.unitChain_poincare_exact_refined' depends on axioms: [propext,
 Classical.choice,
 Quot.sound]
'Math115.PhysicalRepairRefinement.selectedChain_poincare_exact_refined' depends on axioms: [propext,
 Classical.choice,
 Quot.sound]
'Math115.PhysicalRepairRefinement.dimension_at_least_eleven' depends on axioms: [propext, Classical.choice, Quot.sound]
'Math115.PhysicalRepairRefinement.chain_poincare_polynomial_refined' depends on axioms: [propext,
 Classical.choice,
 Quot.sound]
'Math115.PhysicalRepairRefinement.unitChain_poincare_polynomial_refined' depends on axioms: [propext,
 Classical.choice,
 Quot.sound]
'Math115.PhysicalRepairRefinement.selectedChain_poincare_polynomial_refined' depends on axioms: [propext,
 Classical.choice,
 Quot.sound]
'Math115.IdealRepairRefinement.referenceChain_poincare_d17_refined' depends on axioms: [propext,
 Classical.choice,
 Quot.sound]
'Math115.IdealRepairRefinement.selectedChain_poincare_d17_refined' depends on axioms: [propext,
 Classical.choice,
 Quot.sound]
'Math115.IdealRepairRefinement.feasibleChain_poincare_d17_refined' depends on axioms: [propext,
 Classical.choice,
 Quot.sound]
'Math115.IdealRepairRefinement.unitChain_poincare_d17_refined' depends on axioms: [propext,
 Classical.choice,
 Quot.sound]
'Math115.ReducedRepairRefinement.reducedChain_poincare_d25_refined' depends on axioms: [propext,
 Classical.choice,
 Quot.sound]
'Math115.ReducedRepairRefinement.reducedUnitChain_poincare_d25_refined' depends on axioms: [propext,
 Classical.choice,
 Quot.sound]
'Math115.ReducedRepairRefinement.reducedSelectedChain_poincare_d25_refined' depends on axioms: [propext,
 Classical.choice,
 Quot.sound]
'Math115.ReducedRepairRefinement.feasibleReducedChain_poincare_d25_refined' depends on axioms: [propext,
 Classical.choice,
 Quot.sound]
'Math115.PhysicalStationaryMass.physical_mass_eq_profiles' depends on axioms: [propext, Classical.choice, Quot.sound]
'Math115.PhysicalStationaryMass.physical_mass_eq_words_defects' depends on axioms: [propext,
 Classical.choice,
 Quot.sound]
'Math115.PhysicalStationaryMass.defect_mass_le_words' depends on axioms: [propext, Classical.choice, Quot.sound]
'Math115.PhysicalStationaryMass.normalizer' depends on axioms: [propext, Classical.choice, Quot.sound]
'Math115.PhysicalStationaryMass.normalizer_le_padded_count' depends on axioms: [propext, Classical.choice, Quot.sound]
'Math115.PhysicalStationaryMass.normalizer_le_original_count' depends on axioms: [propext, Classical.choice, Quot.sound]
'Math115.PhysicalStationaryMass.normalizer_positive' depends on axioms: [propext, Classical.choice, Quot.sound]
'Math115.PhysicalStationaryMass.success_ratio_lower' depends on axioms: [propext, Classical.choice, Quot.sound]
'Math115.PhysicalStationarySuccess.paddedTable_small_rows' depends on axioms: [propext, Classical.choice, Quot.sound]
'Math115.PhysicalStationarySuccess.paddedTable_small_columns' depends on axioms: [propext, Classical.choice, Quot.sound]
'Math115.PhysicalStationarySuccess.originalJoint' depends on axioms: [propext, Classical.choice, Quot.sound]
'Math115.PhysicalStationarySuccess.originalJoint_projection' depends on axioms: [propext, Classical.choice, Quot.sound]
'Math115.PhysicalStationarySuccess.large_padding_rows' depends on axioms: [propext, Classical.choice, Quot.sound]
'Math115.PhysicalStationarySuccess.large_padding_columns' depends on axioms: [propext, Classical.choice, Quot.sound]
'Math115.PhysicalStationarySuccess.large' depends on axioms: [propext, Classical.choice, Quot.sound]
'Math115.PhysicalStationarySuccess.jointTable' depends on axioms: [propext, Classical.choice, Quot.sound]
'Math115.PhysicalStationarySuccess.originalSuccessfulJoint' depends on axioms: [propext, Classical.choice, Quot.sound]
'Math115.PhysicalStationarySuccess.unpadSuccessfulJoint' depends on axioms: [propext, Classical.choice, Quot.sound]
'Math115.PhysicalStationarySuccess.unpadSuccessfulJoint_val' depends on axioms: [propext, Classical.choice, Quot.sound]
'Math115.PhysicalStationarySuccess.successfulJointEquiv' depends on axioms: [propext, Classical.choice, Quot.sound]
'Math115.PhysicalStationarySuccess.stateJointProjection' depends on axioms: [propext, Classical.choice, Quot.sound]
'Math115.PhysicalStationarySuccess.stateJointProjection_injective' depends on axioms: [propext,
 Classical.choice,
 Quot.sound]
'Math115.PhysicalStationarySuccess.jointState' depends on axioms: [propext, Classical.choice, Quot.sound]
'Math115.PhysicalStationarySuccess.jointEmbedding' depends on axioms: [propext, Classical.choice, Quot.sound]
'Math115.PhysicalStationarySuccess.jointEmbedding_injective' depends on axioms: [propext, Classical.choice, Quot.sound]
'Math115.PhysicalStationarySuccess.jointEmbedding_balanced' depends on axioms: [propext, Classical.choice, Quot.sound]
'Math115.PhysicalStationarySuccess.balancedJointFromState' depends on axioms: [propext, Classical.choice, Quot.sound]
'Math115.PhysicalStationarySuccess.balancedJointFromState_projection' depends on axioms: [propext,
 Classical.choice,
 Quot.sound]
'Math115.PhysicalStationarySuccess.embedding_fromState' depends on axioms: [propext, Classical.choice, Quot.sound]
'Math115.PhysicalStationarySuccess.fromState_embedding' depends on axioms: [propext, Classical.choice, Quot.sound]
'Math115.PhysicalStationarySuccess.StateJointSuccess' depends on axioms: [propext, Classical.choice, Quot.sound]
'Math115.PhysicalStationarySuccess.successStateEquiv' depends on axioms: [propext, Classical.choice, Quot.sound]
'Math115.PhysicalStationarySuccess.originalStateSuccessEquiv' depends on axioms: [propext, Classical.choice, Quot.sound]
'Math115.PhysicalStationaryLaw.fibre_card_weight' depends on axioms: [propext, Classical.choice, Quot.sound]
'Math115.PhysicalStationaryLaw.fibreNonempty' depends on axioms: [propext, Classical.choice, Quot.sound]
'Math115.PhysicalStationaryLaw.stateJoint_card' depends on axioms: [propext, Classical.choice, Quot.sound]
'Math115.PhysicalStationaryLaw.stationaryRat' depends on axioms: [propext, Classical.choice, Quot.sound]
'Math115.PhysicalStationaryLaw.stationaryRat_cast' depends on axioms: [propext, Classical.choice, Quot.sound]
'Math115.PhysicalStationaryLaw.stationaryLaw' depends on axioms: [propext, Classical.choice, Quot.sound]
'Math115.PhysicalStationaryLaw.jointLaw' depends on axioms: [propext, Classical.choice, Quot.sound]
'Math115.PhysicalStationaryLaw.jointLaw_uniform' depends on axioms: [propext, Classical.choice, Quot.sound]
'Math115.PhysicalStationaryLaw.stationary_trial_mass' depends on axioms: [propext, Classical.choice, Quot.sound]
'Math115.PhysicalStationaryLaw.stationary_trial_mass_real' depends on axioms: [propext, Classical.choice, Quot.sound]
'Math115.PhysicalStationaryLaw.stationary_failure_mass' depends on axioms: [propext, Classical.choice, Quot.sound]
'Math115.PhysicalStationaryLaw.stationary_success_probability' depends on axioms: [propext,
 Classical.choice,
 Quot.sound]
'Math115.PhysicalStationaryLaw.stationary_success_lower' depends on axioms: [propext, Classical.choice, Quot.sound]
'Math115.PhysicalStationaryLaw.stationary_success_probability_lower' depends on axioms: [propext,
 Classical.choice,
 Quot.sound]
'Math115.PhysicalStationaryLaw.stationary_retry_mass' depends on axioms: [propext, Classical.choice, Quot.sound]
'Math115.PhysicalStationaryLaw.stationary_retry_variation' depends on axioms: [propext, Classical.choice, Quot.sound]
'Math115.PhysicalStationaryLaw.ideal_padded_count' depends on axioms: [propext, Classical.choice, Quot.sound]
'Math115.PhysicalStationaryLaw.ideal_stationary_success_lower' depends on axioms: [propext,
 Classical.choice,
 Quot.sound]
'Math115.PhysicalStationaryLaw.ideal_stationary_success_probability_lower' depends on axioms: [propext,
 Classical.choice,
 Quot.sound]
'Math115.PhysicalStationaryLaw.ideal_stationary_retry_variation' depends on axioms: [propext,
 Classical.choice,
 Quot.sound]
'Math115.PhysicalRationalKernel.proposalRat' depends on axioms: [propext, Classical.choice, Quot.sound]
'Math115.PhysicalRationalKernel.proposalRat_cast' depends on axioms: [propext, Classical.choice, Quot.sound]
'Math115.PhysicalRationalKernel.lawOfCast' depends on axioms: [propext, Classical.choice, Quot.sound]
'Math115.PhysicalRationalKernel.referenceMoveRat' depends on axioms: [propext, Classical.choice, Quot.sound]
'Math115.PhysicalRationalKernel.referenceTransitionRat' depends on axioms: [propext, Classical.choice, Quot.sound]
'Math115.PhysicalRationalKernel.referenceMoveRat_cast' depends on axioms: [propext, Classical.choice, Quot.sound]
'Math115.PhysicalRationalKernel.referenceTransitionRat_cast' depends on axioms: [propext, Classical.choice, Quot.sound]
'Math115.PhysicalRationalKernel.referenceTransitionLaw' depends on axioms: [propext, Classical.choice, Quot.sound]
'Math115.PhysicalRationalKernel.unitMoveRat' depends on axioms: [propext, Classical.choice, Quot.sound]
'Math115.PhysicalRationalKernel.unitTransitionRat' depends on axioms: [propext, Classical.choice, Quot.sound]
'Math115.PhysicalRationalKernel.unitMoveRat_cast' depends on axioms: [propext, Classical.choice, Quot.sound]
'Math115.PhysicalRationalKernel.unitTransitionRat_cast' depends on axioms: [propext, Classical.choice, Quot.sound]
'Math115.PhysicalRationalKernel.unitTransitionLaw' depends on axioms: [propext, Classical.choice, Quot.sound]
'Math115.PhysicalRationalKernel.selectedTransitionLaw' depends on axioms: [propext, Classical.choice, Quot.sound]
'Math115.PhysicalRationalKernel.selectedTransitionLaw_cast' depends on axioms: [propext, Classical.choice, Quot.sound]
'Math115.PhysicalRationalKernel.selectedWalkLaw' depends on axioms: [propext, Classical.choice, Quot.sound]
'Math115.PhysicalRationalKernel.selectedWalkLaw_cast' depends on axioms: [propext, Classical.choice, Quot.sound]
'Math115.PhysicalFiniteWalk.capacityBound' depends on axioms: [propext, Classical.choice, Quot.sound]
'Math115.PhysicalFiniteWalk.massAllowance' depends on axioms: [propext, Classical.choice, Quot.sound]
'Math115.PhysicalFiniteWalk.massAllowance_positive' depends on axioms: [propext, Classical.choice, Quot.sound]
'Math115.PhysicalFiniteWalk.capacity_le_bound' depends on axioms: [propext, Classical.choice, Quot.sound]
'Math115.PhysicalFiniteWalk.weight_at_least_one' depends on axioms: [propext, Classical.choice, Quot.sound]
'Math115.PhysicalFiniteWalk.total_mass_le' depends on axioms: [propext, Classical.choice, Quot.sound]
'Math115.PhysicalFiniteWalk.selectedChain_pi_lower' depends on axioms: [propext, Classical.choice, Quot.sound]
'Math115.PhysicalFiniteWalk.selectedWalkLaw_variation' depends on axioms: [propext, Classical.choice, Quot.sound]
'Math115.PhysicalFiniteWalk.walkJointLaw' depends on axioms: [propext, Classical.choice, Quot.sound]
'Math115.PhysicalFiniteWalk.walkJointLaw_variation_le' depends on axioms: [propext, Classical.choice, Quot.sound]
'Math115.PhysicalFiniteWalk.walkJointLaw_variation' depends on axioms: [propext, Classical.choice, Quot.sound]
'Math115.PhysicalFiniteWalk.outerLaw' depends on axioms: [propext, Classical.choice, Quot.sound]
'Math115.PhysicalFiniteWalk.outerLaw_variation' depends on axioms: [propext, Classical.choice, Quot.sound]
'Math115.PhysicalFiniteWalk.initialState' depends on axioms: [propext, Classical.choice, Quot.sound]
'Math115.PhysicalFiniteWalk.idealGapAllowance' depends on axioms: [propext, Classical.choice, Quot.sound]
'Math115.PhysicalFiniteWalk.idealGapAllowance_at_least_one' depends on axioms: [propext, Classical.choice, Quot.sound]
'Math115.PhysicalFiniteWalk.successAllowance' depends on axioms: [propext, Classical.choice, Quot.sound]
'Math115.PhysicalFiniteWalk.successAllowance_positive' depends on axioms: [propext, Classical.choice, Quot.sound]
'Math115.PhysicalFiniteWalk.idealOuterLaw' depends on axioms: [propext, Classical.choice, Quot.sound]
'Math115.PhysicalFiniteWalk.idealOuterLaw_variation' depends on axioms: [propext, Classical.choice, Quot.sound]
'Math115.PhysicalFiniteWalk.exp_neg_steps_le_inverse' depends on axioms: [propext, Classical.choice, Quot.sound]
'Math115.PhysicalFiniteWalk.idealOuterLaw_variation_of_log_schedule' depends on axioms: [propext,
 Classical.choice,
 Quot.sound]
'Math115.PhysicalCompletionOracle.mapLaw_constant' depends on axioms: [propext, Classical.choice, Quot.sound]
'Math115.PhysicalCompletionOracle.completionStep_variation_thinned' depends on axioms: [propext,
 Classical.choice,
 Quot.sound]
'Math115.PhysicalCompletionOracle.equivLaw_uniform' depends on axioms: [propext, Classical.choice, Quot.sound]
'Math115.PhysicalCompletionOracle.proposalRat_nonnegative' depends on axioms: [propext, Classical.choice, Quot.sound]
'Math115.PhysicalCompletionOracle.proposalAllowance' depends on axioms: [propext, Classical.choice, Quot.sound]
'Math115.PhysicalCompletionOracle.proposalAllowance_nonnegative' depends on axioms: [propext,
 Classical.choice,
 Quot.sound]
'Math115.PhysicalCompletionOracle.proposalAllowance_le_half' depends on axioms: [propext, Classical.choice, Quot.sound]
'Math115.PhysicalCompletionOracle.degree' depends on axioms: [propext, Classical.choice, Quot.sound]
'Math115.PhysicalCompletionOracle.degree_le' depends on axioms: [propext, Classical.choice, Quot.sound]
'Math115.PhysicalCompletionOracle.proposalWeight_nonnegative' depends on axioms: [propext, Classical.choice, Quot.sound]
'Math115.PhysicalCompletionOracle.proposalWeight_total' depends on axioms: [propext, Classical.choice, Quot.sound]
'Math115.PhysicalCompletionOracle.proposalWeight_total_le_allowance' depends on axioms: [propext,
 Classical.choice,
 Quot.sound]
'Math115.PhysicalCompletionOracle.proposalWeight_total_le_one' depends on axioms: [propext,
 Classical.choice,
 Quot.sound]
'Math115.PhysicalCompletionOracle.physicalProposalLaw' depends on axioms: [propext, Classical.choice, Quot.sound]
'Math115.PhysicalCompletionOracle.ReferenceTable' depends on axioms: [propext, Classical.choice, Quot.sound]
'Math115.PhysicalCompletionOracle.referenceTableNonempty' depends on axioms: [propext, Classical.choice, Quot.sound]
'Math115.PhysicalCompletionOracle.referenceStepLaw' depends on axioms: [propext, Classical.choice, Quot.sound]
'Math115.PhysicalCompletionOracle.referenceExactStep_eq' depends on axioms: [propext, Classical.choice, Quot.sound]
'Math115.PhysicalCompletionOracle.referenceStep_variation_local' depends on axioms: [propext,
 Classical.choice,
 Quot.sound]
'Math115.PhysicalCompletionOracle.referenceStep_variation_uniform' depends on axioms: [propext,
 Classical.choice,
 Quot.sound]
'Math115.PhysicalCompletionOracle.referenceFibreMap' depends on axioms: [propext, Classical.choice, Quot.sound]
'Math115.PhysicalCompletionOracle.referenceCompletionLaw' depends on axioms: [propext, Classical.choice, Quot.sound]
'Math115.PhysicalCompletionOracle.referenceCompletionLaw_variation' depends on axioms: [propext,
 Classical.choice,
 Quot.sound]
'Math115.PhysicalCompletionOracle.OracleFamily' depends on axioms: [propext, Classical.choice, Quot.sound]
'Math115.PhysicalCompletionOracle.selectedStepLaw' depends on axioms: [propext, Classical.choice, Quot.sound]
'Math115.PhysicalCompletionOracle.selectedCompletionLaw' depends on axioms: [propext, Classical.choice, Quot.sound]
'Math115.PhysicalCompletionOracle.selectedStepLaw_variation' depends on axioms: [propext, Classical.choice, Quot.sound]
'Math115.PhysicalCompletionOracle.selectedCompletionLaw_variation' depends on axioms: [propext,
 Classical.choice,
 Quot.sound]
'Math115.PhysicalCompletionOracle.empty_fibre_card_one' depends on axioms: [propext, Classical.choice, Quot.sound]
'Math115.PhysicalApproximateOracle.approximateJointLaw' depends on axioms: [propext, Classical.choice, Quot.sound]
'Math115.PhysicalApproximateOracle.approximateJointLaw_variation' depends on axioms: [propext,
 Classical.choice,
 Quot.sound]
'Math115.PhysicalApproximateOracle.approximateOuterLaw' depends on axioms: [propext, Classical.choice, Quot.sound]
'Math115.PhysicalApproximateOracle.approximateOuterLaw_variation_le' depends on axioms: [propext,
 Classical.choice,
 Quot.sound]
'Math115.PhysicalApproximateOracle.approximateOuterLaw_variation' depends on axioms: [propext,
 Classical.choice,
 Quot.sound]
'Math115.PhysicalApproximateOracle.idealOracleOuterLaw' depends on axioms: [propext, Classical.choice, Quot.sound]
'Math115.PhysicalApproximateOracle.idealOracleOuterLaw_variation' depends on axioms: [propext,
 Classical.choice,
 Quot.sound]
'Math115.PhysicalApproximateOracle.approximateOuterLaw_variation_of_budget' depends on axioms: [propext,
 Classical.choice,
 Quot.sound]
'Math115.LatticeCompletion.Array' does not depend on any axioms
'Math115.LatticeCompletion.difference' does not depend on any axioms
'Math115.LatticeCompletion.prefixSum' depends on axioms: [propext, Classical.choice, Quot.sound]
'Math115.LatticeCompletion.ZeroAxes' does not depend on any axioms
'Math115.LatticeCompletion.ZeroBoundary' does not depend on any axioms
'Math115.LatticeCompletion.BoundedDigits' does not depend on any axioms
'Math115.LatticeCompletion.difference_row_sum' depends on axioms: [propext, Classical.choice, Quot.sound]
'Math115.LatticeCompletion.difference_column_sum' depends on axioms: [propext, Classical.choice, Quot.sound]
'Math115.LatticeCompletion.difference_row_sum_zero' depends on axioms: [propext, Classical.choice, Quot.sound]
'Math115.LatticeCompletion.difference_column_sum_zero' depends on axioms: [propext, Classical.choice, Quot.sound]
'Math115.LatticeCompletion.prefix_zero_axes' depends on axioms: [propext, Classical.choice, Quot.sound]
'Math115.LatticeCompletion.prefix_difference' depends on axioms: [propext, Classical.choice, Quot.sound]
'Math115.LatticeCompletion.difference_prefix' depends on axioms: [propext, Classical.choice, Quot.sound]
'Math115.LatticeCompletion.difference_bounds' depends on axioms: [propext, Quot.sound]
'Math115.LatticeCompletion.encode' does not depend on any axioms
'Math115.LatticeCompletion.decode' depends on axioms: [propext, Classical.choice, Quot.sound]
'Math115.LatticeCompletion.residue' depends on axioms: [propext, Classical.choice, Quot.sound]
'Math115.LatticeCompletion.prefix_encode' depends on axioms: [propext, Classical.choice, Quot.sound]
'Math115.LatticeCompletion.scaled_digit_ediv' depends on axioms: [propext]
'Math115.LatticeCompletion.scaled_digit_emod' depends on axioms: [propext]
'Math115.LatticeCompletion.decode_encode' depends on axioms: [propext, Classical.choice, Quot.sound]
'Math115.LatticeCompletion.residue_encode' depends on axioms: [propext, Classical.choice, Quot.sound]
'Math115.LatticeCompletion.residue_zero_axes' depends on axioms: [propext, Classical.choice, Quot.sound]
'Math115.LatticeCompletion.residue_bounded' depends on axioms: [propext, Classical.choice, Quot.sound]
'Math115.LatticeCompletion.encode_decode' depends on axioms: [propext, Classical.choice, Quot.sound]
'Math115.LatticeCompletion.encode_entry_at_least_two' depends on axioms: [propext, Classical.choice, Quot.sound]
'Math115.LatticeCompletion.encode_row_margin' depends on axioms: [propext, Classical.choice, Quot.sound]
'Math115.LatticeCompletion.encode_column_margin' depends on axioms: [propext, Classical.choice, Quot.sound]
'Math115.LatticeCompletion.residue_zero_boundary_of_divisible_margins' depends on axioms: [propext,
 Classical.choice,
 Quot.sound]
'Math115.LatticeCompletion.decode_row_margin' depends on axioms: [propext, Classical.choice, Quot.sound]
'Math115.LatticeCompletion.decode_column_margin' depends on axioms: [propext, Classical.choice, Quot.sound]
'Math115.LatticeCompletion.accepted_fine_entry_at_least_two' depends on axioms: [propext, Classical.choice, Quot.sound]
'Math115.LatticeCompletion.OffsetDigits' does not depend on any axioms
'Math115.LatticeCompletion.codecEquiv' depends on axioms: [propext, Classical.choice, Quot.sound]
'Math115.LatticeCompletion.FiniteDigits' does not depend on any axioms
'Math115.LatticeCompletion.finiteOffsets' depends on axioms: [propext, Quot.sound]
'Math115.LatticeCompletion.finiteOffsets_zero_boundary' depends on axioms: [propext, Quot.sound]
'Math115.LatticeCompletion.finiteOffsets_bounded' depends on axioms: [propext, Classical.choice, Quot.sound]
'Math115.LatticeCompletion.finite_encode_decode' depends on axioms: [propext, Classical.choice, Quot.sound]
'Math115.LatticeCompletion.finiteOffsets_apply' depends on axioms: [propext, Classical.choice, Quot.sound]
'Math115.LatticeCompletion.finiteOffsets_injective' depends on axioms: [propext, Classical.choice, Quot.sound]
'Math115.LatticeCompletion.finiteEncode_injective' depends on axioms: [propext, Classical.choice, Quot.sound]
'Math115.LatticeCompletion.finiteDigits_card' depends on axioms: [propext, Classical.choice, Quot.sound]
'Math115.LatticeCompletion.encodedFamily_card' depends on axioms: [propext, Classical.choice, Quot.sound]
'Math115.DilatedCompletionMargins.rowLargeCount_rectangle' depends on axioms: [propext, Classical.choice, Quot.sound]
'Math115.DilatedCompletionMargins.columnLargeCount_rectangle' depends on axioms: [propext, Classical.choice, Quot.sound]
'Math115.DilatedCompletionMargins.total_large_cell_count' depends on axioms: [propext, Classical.choice, Quot.sound]
'Math115.DilatedCompletionMargins.physical_residual_row_lower' depends on axioms: [propext,
 Classical.choice,
 Quot.sound]
'Math115.DilatedCompletionMargins.physical_residual_column_lower' depends on axioms: [propext,
 Classical.choice,
 Quot.sound]
'Math115.DilatedCompletionMargins.reference_row_lower' depends on axioms: [propext, Classical.choice, Quot.sound]
'Math115.DilatedCompletionMargins.reference_column_lower' depends on axioms: [propext, Classical.choice, Quot.sound]
'Math115.DilatedCompletionMargins.reference_row_total_eq_residual' depends on axioms: [propext,
 Classical.choice,
 Quot.sound]
'Math115.DilatedCompletionMargins.reference_total_upper' depends on axioms: [propext, Classical.choice, Quot.sound]
'Math115.DilatedCompletionMargins.fineRows' depends on axioms: [propext, Classical.choice, Quot.sound]
'Math115.DilatedCompletionMargins.fineColumns' depends on axioms: [propext, Classical.choice, Quot.sound]
'Math115.DilatedCompletionMargins.FineReferenceTable' depends on axioms: [propext, Classical.choice, Quot.sound]
'Math115.DilatedCompletionMargins.fine_row_total' depends on axioms: [propext, Classical.choice, Quot.sound]
'Math115.DilatedCompletionMargins.fine_column_total' depends on axioms: [propext, Classical.choice, Quot.sound]
'Math115.DilatedCompletionMargins.fine_totals' depends on axioms: [propext, Classical.choice, Quot.sound]
'Math115.DilatedCompletionMargins.fineReferenceTableNonempty' depends on axioms: [propext, Classical.choice, Quot.sound]
'Math115.DilatedCompletionMargins.fine_total_upper' depends on axioms: [propext, Classical.choice, Quot.sound]
'Math115.DilatedCompletionMargins.fine_row_dense_minimum' depends on axioms: [propext, Classical.choice, Quot.sound]
'Math115.DilatedCompletionMargins.fine_column_dense_minimum' depends on axioms: [propext, Classical.choice, Quot.sound]
'Math115.DilatedCompletionMargins.ideal_reference_row_geometric_minimum' depends on axioms: [propext,
 Classical.choice,
 Quot.sound]
'Math115.DilatedCompletionMargins.ideal_reference_column_geometric_minimum' depends on axioms: [propext,
 Classical.choice,
 Quot.sound]
'Math115.LatticeCompletionFinite.Grid' does not depend on any axioms
'Math115.LatticeCompletionFinite.extend' does not depend on any axioms
'Math115.LatticeCompletionFinite.restrict' does not depend on any axioms
'Math115.LatticeCompletionFinite.extend_inside' depends on axioms: [propext]
'Math115.LatticeCompletionFinite.extend_outside' depends on axioms: [propext, Quot.sound]
'Math115.LatticeCompletionFinite.extend_injective' depends on axioms: [propext, Quot.sound]
'Math115.LatticeCompletionFinite.range_sum_extend_row' depends on axioms: [propext, Classical.choice, Quot.sound]
'Math115.LatticeCompletionFinite.range_sum_extend_column' depends on axioms: [propext, Classical.choice, Quot.sound]
'Math115.LatticeCompletionFinite.offsets_difference_outside' depends on axioms: [propext, Classical.choice, Quot.sound]
'Math115.LatticeCompletionFinite.encodeGrid' depends on axioms: [propext, Quot.sound]
'Math115.LatticeCompletionFinite.decodeGrid' depends on axioms: [propext, Classical.choice, Quot.sound]
'Math115.LatticeCompletionFinite.extend_encodeGrid' depends on axioms: [propext, Classical.choice, Quot.sound]
'Math115.LatticeCompletionFinite.fine_row_divisible' depends on axioms: [propext, Classical.choice, Quot.sound]
'Math115.LatticeCompletionFinite.fine_column_divisible' depends on axioms: [propext, Classical.choice, Quot.sound]
'Math115.LatticeCompletionFinite.fine_residue_zero_strips' depends on axioms: [propext, Classical.choice, Quot.sound]
'Math115.LatticeCompletionFinite.recoveredDigits' depends on axioms: [propext, Classical.choice, Quot.sound]
'Math115.LatticeCompletionFinite.recoveredDigits_val' depends on axioms: [propext, Classical.choice, Quot.sound]
'Math115.LatticeCompletionFinite.residue_eq_finiteOffsets' depends on axioms: [propext, Classical.choice, Quot.sound]
'Math115.LatticeCompletionFinite.extend_decodeGrid' depends on axioms: [propext, Classical.choice, Quot.sound]
'Math115.LatticeCompletionFinite.decodeGrid_encodeGrid' depends on axioms: [propext, Classical.choice, Quot.sound]
'Math115.LatticeCompletionFinite.recoveredDigits_encodeGrid' depends on axioms: [propext, Classical.choice, Quot.sound]
'Math115.LatticeCompletionFinite.encodeGrid_decodeGrid' depends on axioms: [propext, Classical.choice, Quot.sound]
'Math115.LatticeCompletionFinite.encodeGrid_row' depends on axioms: [propext, Classical.choice, Quot.sound]
'Math115.LatticeCompletionFinite.encodeGrid_column' depends on axioms: [propext, Classical.choice, Quot.sound]
'Math115.LatticeCompletionFinite.encodeGrid_nonneg' depends on axioms: [propext, Classical.choice, Quot.sound]
'Math115.LatticeCompletionFinite.decodeGrid_row' depends on axioms: [propext, Classical.choice, Quot.sound]
'Math115.LatticeCompletionFinite.decodeGrid_column' depends on axioms: [propext, Classical.choice, Quot.sound]
'Math115.LatticeCompletionFinite.intGrid' does not depend on any axioms
'Math115.LatticeCompletionFinite.natGrid' does not depend on any axioms
'Math115.LatticeCompletionFinite.natGrid_intGrid' depends on axioms: [propext, Quot.sound]
'Math115.LatticeCompletionFinite.intGrid_natGrid' depends on axioms: [propext, Quot.sound]
'Math115.LatticeCompletionFinite.intGrid_row' depends on axioms: [propext, Classical.choice, Quot.sound]
'Math115.LatticeCompletionFinite.intGrid_column' depends on axioms: [propext, Classical.choice, Quot.sound]
'Math115.LatticeCompletionFinite.natGrid_hasMargins' depends on axioms: [propext, Classical.choice, Quot.sound]
'Math115.LatticeCompletionFinite.fineMargin' does not depend on any axioms
'Math115.LatticeCompletionFinite.FineTable' depends on axioms: [propext, Classical.choice, Quot.sound]
'Math115.LatticeCompletionFinite.fineTable_row_divisible' depends on axioms: [propext, Classical.choice, Quot.sound]
'Math115.LatticeCompletionFinite.fineTable_column_divisible' depends on axioms: [propext, Classical.choice, Quot.sound]
'Math115.LatticeCompletionFinite.Accepted' depends on axioms: [propext, Classical.choice, Quot.sound]
'Math115.LatticeCompletionFinite.AcceptedFine' depends on axioms: [propext, Classical.choice, Quot.sound]
'Math115.LatticeCompletionFinite.encodeTable' depends on axioms: [propext, Classical.choice, Quot.sound]
'Math115.LatticeCompletionFinite.intGrid_encodeTable' depends on axioms: [propext, Classical.choice, Quot.sound]
'Math115.LatticeCompletionFinite.encodeTable_accepted' depends on axioms: [propext, Classical.choice, Quot.sound]
'Math115.LatticeCompletionFinite.encodeAccepted' depends on axioms: [propext, Classical.choice, Quot.sound]
'Math115.LatticeCompletionFinite.decodeAccepted' depends on axioms: [propext, Classical.choice, Quot.sound]
'Math115.LatticeCompletionFinite.intGrid_decodeAccepted' depends on axioms: [propext, Classical.choice, Quot.sound]
'Math115.LatticeCompletionFinite.decodeAccepted_encodeAccepted' depends on axioms: [propext,
 Classical.choice,
 Quot.sound]
'Math115.LatticeCompletionFinite.encodeAccepted_decodeAccepted' depends on axioms: [propext,
 Classical.choice,
 Quot.sound]
'Math115.LatticeCompletionFinite.acceptedEquiv' depends on axioms: [propext, Classical.choice, Quot.sound]
'Math115.LatticeCompletionFinite.accepted_card' depends on axioms: [propext, Classical.choice, Quot.sound]
'Math115.LatticeCompletionFinite.fixedFiberEquiv' depends on axioms: [propext, Classical.choice, Quot.sound]
'Math115.LatticeCompletionFinite.fixedFiber_card' depends on axioms: [propext, Classical.choice, Quot.sound]
'Math115.LatticeCellVolume.prefixCell' depends on axioms: [propext, Classical.choice, Quot.sound]
'Math115.LatticeCellVolume.prefixCell_measurable' depends on axioms: [propext, Classical.choice, Quot.sound]
'Math115.LatticeCellVolume.mem_prefixCell_iff' depends on axioms: [propext, Classical.choice, Quot.sound]
'Math115.LatticeCellVolume.floor_mul_eq_anchor' depends on axioms: [propext, Classical.choice, Quot.sound]
'Math115.LatticeCellVolume.prefixCell_disjoint' depends on axioms: [propext, Classical.choice, Quot.sound]
'Math115.LatticeCellVolume.prefixCell_volume' depends on axioms: [propext, Classical.choice, Quot.sound]
'Math115.LatticeCellVolume.prefixCells_measurable' depends on axioms: [propext, Classical.choice, Quot.sound]
'Math115.LatticeCellVolume.prefixCells_pairwiseDisjoint' depends on axioms: [propext, Classical.choice, Quot.sound]
'Math115.LatticeCellVolume.prefix_lattice_cells_volume' depends on axioms: [propext, Classical.choice, Quot.sound]
'Math115.LatticeCellVolume.prefix_unit_cells_volume' depends on axioms: [propext, Classical.choice, Quot.sound]
'Math115.LatticeCellVolume.prefix_lattice_cells_volume_ne_top' depends on axioms: [propext,
 Classical.choice,
 Quot.sound]
'Math115.LatticeCellVolume.prefix_lattice_cells_volume_pos' depends on axioms: [propext, Classical.choice, Quot.sound]
'Math115.LatticeCellVolume.prefix_lattice_cells_volume_toReal' depends on axioms: [propext,
 Classical.choice,
 Quot.sound]
'Math115.LatticeCellVolume.prefixCell_error' depends on axioms: [propext, Classical.choice, Quot.sound]
'Math115.LatticeCellVolume.mixed_difference_error' depends on axioms: [propext, Classical.choice, Quot.sound]
'Math115.LatticeCellVolume.volume_image_translate' depends on axioms: [propext, Classical.choice, Quot.sound]
'Math115.LatticeCellVolume.volume_image_scale' depends on axioms: [propext, Classical.choice, Quot.sound]
'Math115.LatticeCellVolume.volume_le_of_translated_subset' depends on axioms: [propext, Classical.choice, Quot.sound]
'Math115.LatticeCellVolume.volume_le_of_subset_scaled_translate' depends on axioms: [propext,
 Classical.choice,
 Quot.sound]
'Math115.CompletionRetryBudget.uniform_success_mass' depends on axioms: [propext, Classical.choice, Quot.sound]
'Math115.CompletionRetryBudget.uniform_success_mass_of_card' depends on axioms: [propext, Classical.choice, Quot.sound]
'Math115.CompletionRetryBudget.failure_nonnegative' depends on axioms: [propext, Classical.choice, Quot.sound]
'Math115.CompletionRetryBudget.success_nonnegative' depends on axioms: [propext, Classical.choice, Quot.sound]
'Math115.CompletionRetryBudget.failure_le_one' depends on axioms: [propext, Classical.choice, Quot.sound]
'Math115.CompletionRetryBudget.equal_success_normalized' depends on axioms: [propext, Classical.choice, Quot.sound]
'Math115.CompletionRetryBudget.equal_success_retry_mass' depends on axioms: [propext, Classical.choice, Quot.sound]
'Math115.CompletionRetryBudget.equal_success_retry_variation' depends on axioms: [propext, Classical.choice, Quot.sound]
'Math115.CompletionRetryBudget.approximate_retry_variation' depends on axioms: [propext, Classical.choice, Quot.sound]
'Math115.CompletionRetryBudget.approximate_retry_variation_of_success' depends on axioms: [propext,
 Classical.choice,
 Quot.sound]
'Math115.CompletionRetryBudget.dyadic' depends on axioms: [propext, Classical.choice, Quot.sound]
'Math115.CompletionRetryBudget.retries' does not depend on any axioms
'Math115.CompletionRetryBudget.finePrecision' does not depend on any axioms
'Math115.CompletionRetryBudget.retries_positive' depends on axioms: [propext, Quot.sound]
'Math115.CompletionRetryBudget.dyadic_positive' depends on axioms: [propext, Classical.choice, Quot.sound]
'Math115.CompletionRetryBudget.dyadic_succ' depends on axioms: [propext, Classical.choice, Quot.sound]
'Math115.CompletionRetryBudget.dyadic_antitone_step' depends on axioms: [propext, Classical.choice, Quot.sound]
'Math115.CompletionRetryBudget.geometric_budget' depends on axioms: [propext, Classical.choice, Quot.sound]
'Math115.CompletionRetryBudget.fine_draw_budget' depends on axioms: [propext, Classical.choice, Quot.sound]
'Math115.CompletionRetryBudget.retry_budget' depends on axioms: [propext, Classical.choice, Quot.sound]
'Math115.CompletionRetryBudget.retry_budget_target' depends on axioms: [propext, Classical.choice, Quot.sound]
'Math115.CompletionRetryBudget.completion_retry_variation_half' depends on axioms: [propext,
 Classical.choice,
 Quot.sound]
'Math115.CompletionRetryBudget.completion_retry_variation' depends on axioms: [propext, Classical.choice, Quot.sound]
'Math115.LatticeCompletionLaw.trial' depends on axioms: [propext, Classical.choice, Quot.sound]
'Math115.LatticeCompletionLaw.trial_eq_none' depends on axioms: [propext, Classical.choice, Quot.sound]
'Math115.LatticeCompletionLaw.successfulFiberEquiv' depends on axioms: [propext, Classical.choice, Quot.sound]
'Math115.LatticeCompletionLaw.successfulFiber_card' depends on axioms: [propext, Classical.choice, Quot.sound]
'Math115.LatticeCompletionLaw.fine_nonempty_of_fallback' depends on axioms: [propext, Classical.choice, Quot.sound]
'Math115.LatticeCompletionLaw.ideal_success_mass' depends on axioms: [propext, Classical.choice, Quot.sound]
'Math115.LatticeCompletionLaw.ideal_success_probability' depends on axioms: [propext, Classical.choice, Quot.sound]
'Math115.LatticeCompletionLaw.ideal_retry_mass' depends on axioms: [propext, Classical.choice, Quot.sound]
'Math115.LatticeCompletionLaw.approximate_retry_bound' depends on axioms: [propext, Classical.choice, Quot.sound]
'Math115.LatticeCompletionLaw.completion_accuracy_half' depends on axioms: [propext, Classical.choice, Quot.sound]
'Math115.LatticeCompletionLaw.completion_accuracy' depends on axioms: [propext, Classical.choice, Quot.sound]
'Math115.PrefixTransportation.Array' depends on axioms: [propext, Classical.choice, Quot.sound]
'Math115.PrefixTransportation.Matrix' depends on axioms: [propext, Classical.choice, Quot.sound]
'Math115.PrefixTransportation.Interior' does not depend on any axioms
'Math115.PrefixTransportation.difference' depends on axioms: [propext, Classical.choice, Quot.sound]
'Math115.PrefixTransportation.prefixSum' depends on axioms: [propext, Classical.choice, Quot.sound]
'Math115.PrefixTransportation.ZeroAxes' depends on axioms: [propext, Classical.choice, Quot.sound]
'Math115.PrefixTransportation.ZeroBoundary' depends on axioms: [propext, Classical.choice, Quot.sound]
'Math115.PrefixTransportation.difference_row_sum' depends on axioms: [propext, Classical.choice, Quot.sound]
'Math115.PrefixTransportation.difference_column_sum' depends on axioms: [propext, Classical.choice, Quot.sound]
'Math115.PrefixTransportation.difference_row_sum_zero' depends on axioms: [propext, Classical.choice, Quot.sound]
'Math115.PrefixTransportation.difference_column_sum_zero' depends on axioms: [propext, Classical.choice, Quot.sound]
'Math115.PrefixTransportation.prefix_zero_axes' depends on axioms: [propext, Classical.choice, Quot.sound]
'Math115.PrefixTransportation.prefix_difference' depends on axioms: [propext, Classical.choice, Quot.sound]
'Math115.PrefixTransportation.difference_prefix' depends on axioms: [propext, Classical.choice, Quot.sound]
'Math115.PrefixTransportation.extend' depends on axioms: [propext, Classical.choice, Quot.sound]
'Math115.PrefixTransportation.restrict' depends on axioms: [propext, Classical.choice, Quot.sound]
'Math115.PrefixTransportation.extend_inside' depends on axioms: [propext, Classical.choice, Quot.sound]
'Math115.PrefixTransportation.extend_outside' depends on axioms: [propext, Classical.choice, Quot.sound]
'Math115.PrefixTransportation.range_sum_extend_row' depends on axioms: [propext, Classical.choice, Quot.sound]
'Math115.PrefixTransportation.range_sum_extend_column' depends on axioms: [propext, Classical.choice, Quot.sound]
'Math115.PrefixTransportation.interiorPrefix' depends on axioms: [propext, Classical.choice, Quot.sound]
'Math115.PrefixTransportation.interiorPrefix_add' depends on axioms: [propext, Classical.choice, Quot.sound]
'Math115.PrefixTransportation.interiorPrefix_smul' depends on axioms: [propext, Classical.choice, Quot.sound]
'Math115.PrefixTransportation.interiorPrefix_injective_of_margins' depends on axioms: [propext,
 Classical.choice,
 Quot.sound]
'Math115.PrefixTransportation.offsets' depends on axioms: [propext, Classical.choice, Quot.sound]
'Math115.PrefixTransportation.offsets_zero_boundary' depends on axioms: [propext, Classical.choice, Quot.sound]
'Math115.PrefixTransportation.offsets_apply' depends on axioms: [propext, Classical.choice, Quot.sound]
'Math115.PrefixTransportation.offsets_difference_outside' depends on axioms: [propext, Classical.choice, Quot.sound]
'Math115.PrefixTransportation.perturbation' depends on axioms: [propext, Classical.choice, Quot.sound]
'Math115.PrefixTransportation.extend_perturbation' depends on axioms: [propext, Classical.choice, Quot.sound]
'Math115.PrefixTransportation.perturbation_rows_zero' depends on axioms: [propext, Classical.choice, Quot.sound]
'Math115.PrefixTransportation.perturbation_columns_zero' depends on axioms: [propext, Classical.choice, Quot.sound]
'Math115.PrefixTransportation.interiorPrefix_perturbation' depends on axioms: [propext, Classical.choice, Quot.sound]
'Math115.PrefixTransportation.offsets_error' depends on axioms: [propext, Classical.choice, Quot.sound]
'Math115.PrefixTransportation.perturbation_error' depends on axioms: [propext, Classical.choice, Quot.sound]
'Math115.PrefixTransportation.Feasible' depends on axioms: [propext, Classical.choice, Quot.sound]
'Math115.PrefixTransportation.PrefixRegion' depends on axioms: [propext, Classical.choice, Quot.sound]
'Math115.PrefixTransportation.feasible_add' depends on axioms: [propext, Classical.choice, Quot.sound]
'Math115.PrefixTransportation.feasible_smul' depends on axioms: [propext, Classical.choice, Quot.sound]
'Math115.PrefixTransportation.feasible_const' depends on axioms: [propext, Classical.choice, Quot.sound]
'Math115.PrefixTransportation.prefixRegion_translate_subset' depends on axioms: [propext, Classical.choice, Quot.sound]
'Math115.PrefixTransportation.prefixRegion_volume_mono_of_difference_table' depends on axioms: [propext,
 Classical.choice,
 Quot.sound]
'Math115.PrefixTransportation.prefixRegion_constant_translate_subset' depends on axioms: [propext,
 Classical.choice,
 Quot.sound]
'Math115.PrefixTransportation.exists_feasible_of_nonnegative_equal_total' depends on axioms: [propext,
 Classical.choice,
 Quot.sound]
'Math115.PrefixTransportation.prefixRegion_volume_mono' depends on axioms: [propext, Classical.choice, Quot.sound]
'Math115.PrefixTransportation.prefixRegion_scale_eq' depends on axioms: [propext, Classical.choice, Quot.sound]
'Math115.PrefixTransportation.prefixRegion_volume_scale' depends on axioms: [propext, Classical.choice, Quot.sound]
'Math115.PrefixTransportation.prefix_error_upper_containment' depends on axioms: [propext, Classical.choice, Quot.sound]
'Math115.PrefixFloorCover.floorPrefix' depends on axioms: [propext, Classical.choice, Quot.sound]
'Math115.PrefixFloorCover.floorGrid' depends on axioms: [propext, Classical.choice, Quot.sound]
'Math115.PrefixFloorCover.floorPrefix_zero_axes' depends on axioms: [propext, Classical.choice, Quot.sound]
'Math115.PrefixFloorCover.floorGrid_entry_error' depends on axioms: [propext, Classical.choice, Quot.sound]
'Math115.PrefixFloorCover.floorGrid_nonnegative' depends on axioms: [propext, Classical.choice, Quot.sound]
'Math115.PrefixFloorCover.marginPrefix' depends on axioms: [propext, Classical.choice, Quot.sound]
'Math115.PrefixFloorCover.prefix_full_columns' depends on axioms: [propext, Classical.choice, Quot.sound]
'Math115.PrefixFloorCover.prefix_full_rows' depends on axioms: [propext, Classical.choice, Quot.sound]
'Math115.PrefixFloorCover.marginPrefix_succ' depends on axioms: [propext, Classical.choice, Quot.sound]
'Math115.PrefixFloorCover.floorGrid_rows' depends on axioms: [propext, Classical.choice, Quot.sound]
'Math115.PrefixFloorCover.floorGrid_columns' depends on axioms: [propext, Classical.choice, Quot.sound]
'Math115.PrefixFloorCover.roundedTable' depends on axioms: [propext, Classical.choice, Quot.sound]
'Math115.PrefixFloorCover.tableAnchor' depends on axioms: [propext, Classical.choice, Quot.sound]
'Math115.PrefixFloorCover.tableReal' depends on axioms: [propext, Classical.choice, Quot.sound]
'Math115.PrefixFloorCover.tableAnchor_cast' depends on axioms: [propext, Classical.choice, Quot.sound]
'Math115.PrefixFloorCover.tableReal_feasible' depends on axioms: [propext, Classical.choice, Quot.sound]
'Math115.PrefixFloorCover.tableAnchor_injective' depends on axioms: [propext, Classical.choice, Quot.sound]
'Math115.PrefixFloorCover.floorGrid_prefix' depends on axioms: [propext, Classical.choice, Quot.sound]
'Math115.PrefixFloorCover.roundedTable_anchor' depends on axioms: [propext, Classical.choice, Quot.sound]
'Math115.PrefixFloorCover.interiorPrefix_mem_rounded_cell' depends on axioms: [propext, Classical.choice, Quot.sound]
'Math115.PrefixFloorCover.lower_floor_cover' depends on axioms: [propext, Classical.choice, Quot.sound]
'Math115.PrefixFloorCover.lower_volume_le_card' depends on axioms: [propext, Classical.choice, Quot.sound]
'Math115.CompletionCountBound.fineCells' depends on axioms: [propext, Classical.choice, Quot.sound]
'Math115.CompletionCountBound.normalized_fine_feasible' depends on axioms: [propext, Classical.choice, Quot.sound]
'Math115.CompletionCountBound.upper_cell_cover' depends on axioms: [propext, Classical.choice, Quot.sound]
'Math115.CompletionCountBound.fine_cells_volume' depends on axioms: [propext, Classical.choice, Quot.sound]
'Math115.CompletionCountBound.fine_cells_volume_toReal' depends on axioms: [propext, Classical.choice, Quot.sound]
'Math115.CompletionCountBound.fine_cells_volume_le_upper' depends on axioms: [propext, Classical.choice, Quot.sound]
'Math115.CompletionCountBound.inflation' depends on axioms: [propext, Classical.choice, Quot.sound]
'Math115.CompletionCountBound.inflation_pos' depends on axioms: [propext, Classical.choice, Quot.sound]
'Math115.CompletionCountBound.inflation_ge_one' depends on axioms: [propext, Classical.choice, Quot.sound]
'Math115.CompletionCountBound.inflated_margin_ge_upper' depends on axioms: [propext, Classical.choice, Quot.sound]
'Math115.CompletionCountBound.shifted_totals_equal' depends on axioms: [propext, Classical.choice, Quot.sound]
'Math115.CompletionCountBound.reduced_totals_equal' depends on axioms: [propext, Classical.choice, Quot.sound]
'Math115.CompletionCountBound.upper_volume_le_inflated_lower' depends on axioms: [propext, Classical.choice, Quot.sound]
'Math115.CompletionCountBound.fine_cells_volume_le_count' depends on axioms: [propext, Classical.choice, Quot.sound]
'Math115.CompletionCountBound.fine_card_le' depends on axioms: [propext, Classical.choice, Quot.sound]
'Math115.CompletionCountBound.fine_nat_card_le' depends on axioms: [propext, Classical.choice, Quot.sound]
'Math115.CompletionAcceptance.two_mul_le_power_twelve' depends on axioms: [propext, Classical.choice, Quot.sound]
'Math115.CompletionAcceptance.dilationFactor' depends on axioms: [propext, Classical.choice, Quot.sound]
'Math115.CompletionAcceptance.increment' depends on axioms: [propext, Classical.choice, Quot.sound]
'Math115.CompletionAcceptance.denominator_positive' depends on axioms: [propext, Classical.choice, Quot.sound]
'Math115.CompletionAcceptance.dilationFactor_eq_one_add' depends on axioms: [propext, Classical.choice, Quot.sound]
'Math115.CompletionAcceptance.increment_nonnegative' depends on axioms: [propext, Classical.choice, Quot.sound]
'Math115.CompletionAcceptance.dilationFactor_positive' depends on axioms: [propext, Classical.choice, Quot.sound]
'Math115.CompletionAcceptance.two_div_k_le_inverse_d' depends on axioms: [propext, Classical.choice, Quot.sound]
'Math115.CompletionAcceptance.exponent_allowance' depends on axioms: [propext, Classical.choice, Quot.sound]
'Math115.CompletionAcceptance.exp_four_thirds_lt_four' depends on axioms: [propext, Classical.choice, Quot.sound]
'Math115.CompletionAcceptance.dilationFactor_pow_lt_four' depends on axioms: [propext, Classical.choice, Quot.sound]
'Math115.CompletionAcceptance.acceptance_lower_real' depends on axioms: [propext, Classical.choice, Quot.sound]
'Math115.CompletionAcceptance.acceptance_lower_rat' depends on axioms: [propext, Classical.choice, Quot.sound]
'Math115.LatticeCompletionAccuracy.inflation_three_d' depends on axioms: [propext, Classical.choice, Quot.sound]
'Math115.LatticeCompletionAccuracy.ideal_acceptance_quarter' depends on axioms: [propext, Classical.choice, Quot.sound]
'Math115.LatticeCompletionAccuracy.originalUniform' depends on axioms: [propext, Classical.choice, Quot.sound]
'Math115.LatticeCompletionAccuracy.fineUniform' depends on axioms: [propext, Classical.choice, Quot.sound]
'Math115.LatticeCompletionAccuracy.completion_accuracy_half' depends on axioms: [propext, Classical.choice, Quot.sound]
'Math115.LatticeCompletionAccuracy.completion_accuracy' depends on axioms: [propext, Classical.choice, Quot.sound]
'Math115.LatticeCompletionAccuracy.chosen_dilation_acceptance_quarter' depends on axioms: [propext,
 Classical.choice,
 Quot.sound]
'Math115.LatticeCompletionAccuracy.chosen_dilation_accuracy' depends on axioms: [propext, Classical.choice, Quot.sound]
Axiom allowlist passed for 632 declarations.
Verification completed: 2026-10-09T17:18:29Z
