Verification started: 2026-10-09T21:12:46Z
Verification scope: focused; build mode: parallel
Lean (version 4.34.1, x86_64-unknown-linux-gnu, commit 5045d0056413266e57c625dcd7c365b10e377c52, Release)
✔ [6561/6728] Built OAI.Combinatorics.ContingencyTables.Transport.QuadraticTransport (3.0s)
✔ [8925/8948] Built OAI.Combinatorics.ContingencyTables.Transport.BalancedSummation (3.6s)
✔ [8926/8948] Built OAI.Combinatorics.ContingencyTables.Transport.SignedTransport (2.7s)
✔ [8927/8948] Built OAI.Combinatorics.MatroidCounting.CommonBases (246s)
✔ [8928/8948] Built OAI.Combinatorics.ContingencyTables.Machines.BinaryContraction (8.2s)
✔ [8929/8948] Built OAI.Combinatorics.ContingencyTables.Transport.FactorialSignatures (8.9s)
✔ [8930/8948] Built OAI.Combinatorics.ContingencyTables.Transport.IntegerMarginal (5.5s)
✔ [8931/8948] Built OAI.Combinatorics.ContingencyTables.Transport.IntegerWeightedTransport (4.5s)
✔ [8932/8948] Built OAI.Combinatorics.ContingencyTables.Transport.BalancedBox (6.2s)
✔ [8933/8948] Built OAI.Combinatorics.ContingencyTables.Transport.IntegerReflection (6.3s)
✔ [8934/8948] Built OAI.Combinatorics.ContingencyTables.Transport.IntegerSliceReindex (5.4s)
✔ [8935/8948] Built OAI.Combinatorics.ContingencyTables.Transport.BalancedFamily (6.1s)
✔ [8936/8948] Built OAI.Combinatorics.ContingencyTables.Transport.IntegerFutureSquare (10s)
✔ [8937/8948] Built OAI.Combinatorics.ContingencyTables.Transport.BalancedEnumeration (5.4s)
✔ [8938/8948] Built OAI.Combinatorics.ContingencyTables.Transport.IntegerPairRecursion (5.8s)
✔ [8939/8948] Built OAI.Combinatorics.ContingencyTables.Transport.IntegerFutureKernel (5.0s)
✔ [8940/8948] Built OAI.Combinatorics.ContingencyTables.Transport.IntegerExposure (4.5s)
✔ [8941/8948] Built OAI.Combinatorics.ContingencyTables.Transport.IntegerTransportLevels (5.5s)
✔ [8942/8948] Built OAI.Combinatorics.ContingencyTables.Transport.IntegerLeafTransport (5.8s)
✔ [8943/8948] Built OAI.Combinatorics.ContingencyTables.Transport.IntegerRecursiveFlow (4.8s)
✔ [8944/8948] Built OAI.Combinatorics.ContingencyTables.Transport.IntegerRootEstimate (5.5s)
✔ [8945/8948] Built OAI.Combinatorics.ContingencyTables.Transport.IntegerCorrectionKernel (4.6s)
✔ [8946/8948] Built OAI.Combinatorics.ContingencyTables.Transport.IntegerLeafEnergy (4.0s)
✔ [8947/8948] Built OAI.Combinatorics.ContingencyTables.Transport.IntegerRecursivePotential (4.0s)
✔ [8948/8948] Built OAI.Combinatorics.ContingencyTables.Transport.IntegerRootTransport (4.3s)
Build completed successfully (8948 jobs).
✔ [8925/8961] Built Math115.QuadraticCoefficient (3.1s)
✔ [8926/8963] Built OAI.Combinatorics.ContingencyTables.Model (2.4s)
✔ [8927/8963] Built Math115.GlobalDisplayOwnership (3.2s)
✔ [8929/8963] Built Math115.SwitchingFiniteSums (3.5s)
✔ [8945/8965] Built Math115.RepairCoefficient (4.1s)
✔ [8951/8965] Built Math115.SurvivalAlgebra (4.4s)
✔ [8953/8965] Built OAI.Combinatorics.ContingencyTables.Sampling.SmallEntries (6.7s)
✔ [8954/8965] Built Math115.ScaleCertificate (8.1s)
✔ [8956/8969] Built OAI.Combinatorics.ContingencyTables.Rooted.LargePairEnumeration (7.6s)
✔ [8957/8969] Built OAI.Combinatorics.ContingencyTables.Sampling.Padding (2.0s)
✔ [8958/8969] Built Math115.UpstreamOwnershipBridge (7.4s)
✔ [8959/8971] Built Math115.SmallEntrySwitching (4.4s)
✔ [8960/8980] Built OAI.Combinatorics.ContingencyTables.Sampling.PhysicalLargeProfiles (7.2s)
✔ [8961/8980] Built OAI.Combinatorics.ContingencyTables.Transport.LaminarSignature (4.4s)
✔ [8962/8980] Built Math115.TransportRefinement (7.3s)
✔ [8963/8980] Built OAI.Combinatorics.ContingencyTables.Transport.LineUnarySignature (4.2s)
✔ [8964/8980] Built Math115.SmallEntryTail (8.1s)
✔ [8965/8986] Built OAI.Combinatorics.ContingencyTables.Transport.LabelledFactorial (9.3s)
✔ [8966/8986] Built Math115.WidthWeightedTransport (8.4s)
✔ [8967/8986] Built OAI.Combinatorics.ContingencyTables.Transport.ProductIntegerSignature (8.9s)
✔ [8968/8986] Built Math115.PaddedMarginBridge (4.4s)
✔ [8969/8986] Built OAI.Combinatorics.ContingencyTables.Transport.RecursiveSignedTransport (16s)
✔ [8970/8986] Built OAI.Combinatorics.ContingencyTables.Transport.SliceFactorial (6.6s)
✔ [8971/8993] Built OAI.Combinatorics.ContingencyTables.Transport.IntegerBoxTruncation (6.8s)
✔ [8972/8993] Built OAI.Combinatorics.ContingencyTables.Transport.ScalarPenalty (7.1s)
✔ [8973/8997] Built OAI.Combinatorics.ContingencyTables.Sampling.Repair (2.3s)
✔ [8974/8997] Built OAI.Combinatorics.ContingencyTables.Sampling.RepairPrefixes (3.1s)
✔ [8975/8997] Built OAI.Combinatorics.ContingencyTables.Transport.HardZeroTransport (7.4s)
✔ [8976/9002] Built OAI.Combinatorics.ContingencyTables.Transport.NestedProductSignature (10s)
✔ [8977/9002] Built OAI.Combinatorics.ContingencyTables.Transport.EqualitySoftening (7.0s)
✔ [8978/9002] Built OAI.Combinatorics.ContingencyTables.Transport.PositiveSequenceMinimum (2.1s)
✔ [8979/9007] Built OAI.Combinatorics.ContingencyTables.Transport.IntegerSliceRestriction (6.8s)
✔ [8980/9007] Built OAI.Combinatorics.ContingencyTables.Transport.IntegerTransportLimit (6.6s)
✔ [8981/9007] Built OAI.Combinatorics.ContingencyTables.Transport.NestedPenaltyApplication (7.0s)
✔ [8982/9010] Built OAI.Combinatorics.ContingencyTables.Transport.ReflectedSlices (6.8s)
✔ [8983/9010] Built OAI.Combinatorics.ContingencyTables.Transport.IntegerContextSlices (6.1s)
✔ [8984/9010] Built OAI.Combinatorics.ContingencyTables.Transport.IntegerTruncatedTransport (6.8s)
✔ [8985/9012] Built OAI.Combinatorics.ContingencyTables.Transport.IntegerChildLogConcavity (7.6s)
✔ [8986/9014] Built OAI.Combinatorics.ContingencyTables.Transport.ReflectedNested (7.4s)
✔ [8987/9014] Built OAI.Combinatorics.ContingencyTables.Transport.RowColumnPenalties (9.6s)
✔ [8988/9014] Built OAI.Combinatorics.ContingencyTables.Transport.EqualityReindex (7.9s)
✔ [8989/9025] Built OAI.Combinatorics.ContingencyTables.Transport.IntegerAuxiliaryEnumeration (7.4s)
✔ [8990/9025] Built OAI.Combinatorics.ContingencyTables.Transport.IntegerGraphTruncation (6.2s)
✔ [8991/9025] Built OAI.Combinatorics.ContingencyTables.Transport.IntegerTransportCoefficient (6.6s)
✔ [8992/9025] Built OAI.Combinatorics.ContingencyTables.Sampling.PaddedCompletions (6.7s)
✔ [8993/9025] Built OAI.Combinatorics.ContingencyTables.Transport.NestedReindex (6.4s)
✔ [8994/9042] Built Math115.PathDistanceSum (3.4s)
✔ [8995/9055] Built OAI.Combinatorics.ContingencyTables.Transport.ExcessPairCoordinates (6.8s)
✔ [8996/9055] Built OAI.Combinatorics.ContingencyTables.Transport.IntegerChildVariance (8.9s)
✔ [8997/9055] Built OAI.Combinatorics.ContingencyTables.Transport.CompletionCounts (7.9s)
✔ [8998/9057] Built Math115.PaddingGrowthAlgebra (5.1s)
✔ [8999/9057] Built OAI.Combinatorics.ContingencyTables.Transport.FiniteSymmetricEnergy (7.1s)
✔ [9000/9057] Built OAI.Combinatorics.ContingencyTables.Transport.SignedMarginTranslation (2.7s)
✔ [9001/9059] Built Math115.PaddingGrowth (4.9s)
✔ [9002/9059] Built OAI.Combinatorics.ContingencyTables.Sampling.RepairResiduals (6.9s)
✔ [9003/9059] Built OAI.Combinatorics.ContingencyTables.Transport.FiniteExposureVariance (7.4s)
✔ [9004/9059] Built OAI.Combinatorics.ContingencyTables.Sampling.FirstPaperProfiles (6.8s)
✔ [9005/9059] Built OAI.Combinatorics.ContingencyTables.Transport.TableReindex (1.9s)
✔ [9006/9059] Built OAI.Combinatorics.ContingencyTables.Transport.RectangleCompletions (6.7s)
✔ [9007/9064] Built OAI.Combinatorics.ContingencyTables.Sampling.RepairFibres (6.6s)
✔ [9008/9071] Built OAI.Combinatorics.ContingencyTables.Transport.FiniteSupportVariance (6.0s)
✔ [9009/9071] Built OAI.Combinatorics.ContingencyTables.Transport.FinitePartitionVariance (6.5s)
✔ [9010/9071] Built OAI.Combinatorics.ContingencyTables.Transport.TranslatedCompletions (2.5s)
✔ [9011/9071] Built OAI.Combinatorics.ContingencyTables.Transport.FiniteExchangeDegree (6.9s)
✔ [9012/9076] Built OAI.Combinatorics.ContingencyTables.Transport.FinitePrefixVariance (7.7s)
✔ [9013/9076] Built OAI.Combinatorics.ContingencyTables.Transport.TranslatedCompletionCounts (2.5s)
✔ [9014/9076] Built OAI.Combinatorics.ContingencyTables.Transport.FiniteChoiceFibres (7.0s)
✔ [9015/9080] Built OAI.Combinatorics.ContingencyTables.Transport.FiniteExposureBudget (8.0s)
✔ [9016/9083] Built OAI.Combinatorics.ContingencyTables.Transport.FiniteExchangeObservables (8.2s)
✔ [9017/9088] Built OAI.Combinatorics.ContingencyTables.Transport.FiniteRepairDegree (7.0s)
✔ [9018/9093] Built OAI.Combinatorics.ContingencyTables.Transport.TranslatedCompletionAcceptance (2.9s)
✔ [9019/9095] Built OAI.Combinatorics.ContingencyTables.Transport.FiniteSupportEnergy (7.1s)
✔ [9020/9095] Built OAI.Combinatorics.ContingencyTables.Sampling.FirstPaperPhysicalMarginal (26s)
✔ [9021/9095] Built OAI.Combinatorics.ContingencyTables.Dense.PublishedCheeger (6.8s)
✔ [9022/9097] Built OAI.Combinatorics.ContingencyTables.Transport.TableMarginTransport (1.7s)
✔ [9023/9097] Built OAI.Combinatorics.ContingencyTables.Transport.FiniteChainWeightVariance (6.6s)
✔ [9024/9097] Built OAI.Combinatorics.ContingencyTables.Sampling.FirstPaperContextTransport (6.3s)
✔ [9025/9097] Built OAI.Combinatorics.ContingencyTables.Sampling.PhysicalCompletionFibres (7.2s)
✔ [9026/9105] Built OAI.Combinatorics.ContingencyTables.Transport.MetropolisChain (6.6s)
✔ [9027/9105] Built OAI.Combinatorics.ContingencyTables.Transport.FiniteChainGraphComparison (6.5s)
✔ [9028/9105] Built OAI.Combinatorics.ContingencyTables.Sampling.FirstPaperContextBox (6.2s)
✔ [9029/9124] Built OAI.Combinatorics.ContingencyTables.Sampling.FirstPaperContextChildren (5.9s)
✔ [9030/9125] Built OAI.Combinatorics.ContingencyTables.Transport.TranslatedCompletionChain (6.4s)
✔ [9031/9125] Built OAI.Combinatorics.ContingencyTables.Sampling.SmallContextFibres (6.0s)
✔ [9032/9127] Built OAI.Combinatorics.ContingencyTables.Sampling.ResidualMixture (3.4s)
✔ [9033/9129] Built OAI.Combinatorics.ContingencyTables.Sampling.UnitGraphEnergy (6.6s)
✔ [9034/9129] Built OAI.Combinatorics.ContingencyTables.Transport.CompletionChainFlow (6.9s)
✔ [9035/9129] Built OAI.Combinatorics.ContingencyTables.Sampling.SmallContextCount (7.9s)
✔ [9036/9134] Built OAI.Combinatorics.ContingencyTables.Sampling.SmallContextCoordinates (6.0s)
✔ [9037/9134] Built OAI.Combinatorics.ContingencyTables.Transport.FirstSuccess (2.9s)
✔ [9038/9134] Built OAI.Combinatorics.ContingencyTables.Transport.CompletionFibreTransport (6.7s)
✔ [9039/9150] Built OAI.Combinatorics.ContingencyTables.Transport.CompletionEnergyComparison (6.8s)
✔ [9040/9150] Built OAI.Combinatorics.ContingencyTables.Sampling.SmallCoordinateSums (7.5s)
✔ [9041/9152] Built OAI.Combinatorics.ContingencyTables.Transport.RowMajorEnumeration (7.3s)
✔ [9042/9152] Built OAI.Combinatorics.ContingencyTables.Transport.RationalProducts (2.2s)
✔ [9043/9152] Built OAI.Combinatorics.ContingencyTables.Transport.RejectionLaw (3.0s)
✔ [9044/9152] Built OAI.Combinatorics.ContingencyTables.Transport.RationalReindex (2.2s)
✔ [9045/9152] Built OAI.Combinatorics.ContingencyTables.Sampling.SmallContextEnumeration (7.7s)
✔ [9046/9152] Built Math115.LatticeCompletion (5.4s)
⚠ [9047/9152] Built Math115.CompletionRetryBudget (3.1s)
warning: Math115/CompletionRetryBudget.lean:20:0: automatically included section variable(s) unused in theorem `Math115.CompletionRetryBudget.uniform_success_mass`:
  [Fintype A]
  [Nonempty A]
consider restructuring your `variable` declarations so that the variables are not in scope or explicitly omit them:
  omit [Fintype A] [Nonempty A] in theorem ...

Note: This linter can be disabled with `set_option linter.unusedSectionVars false`
warning: Math115/CompletionRetryBudget.lean:34:0: automatically included section variable(s) unused in theorem `Math115.CompletionRetryBudget.failure_nonnegative`:
  [Fintype A]
  [Nonempty A]
consider restructuring your `variable` declarations so that the variables are not in scope or explicitly omit them:
  omit [Fintype A] [Nonempty A] in theorem ...

Note: This linter can be disabled with `set_option linter.unusedSectionVars false`
warning: Math115/CompletionRetryBudget.lean:43:0: automatically included section variable(s) unused in theorem `Math115.CompletionRetryBudget.success_nonnegative`:
  [Fintype A]
  [Nonempty A]
consider restructuring your `variable` declarations so that the variables are not in scope or explicitly omit them:
  omit [Fintype A] [Nonempty A] in theorem ...

Note: This linter can be disabled with `set_option linter.unusedSectionVars false`
✔ [9048/9152] Built Math115.LatticeCellVolume (5.6s)
⚠ [9049/9152] Built Math115.CompletionAcceptance (5.6s)
warning: Math115/CompletionAcceptance.lean:87:43: Used `tac1 <;> tac2` where `(tac1; tac2)` would suffice

Note: This linter can be disabled with `set_option linter.unnecessarySeqFocus false`
✔ [9050/9152] Built OAI.Combinatorics.ContingencyTables.Machines.FiniteFairBits (2.5s)
✔ [9051/9152] Built OAI.Combinatorics.ContingencyTables.Transport.RationalWalks (1.9s)
✔ [9052/9152] Built OAI.Combinatorics.ContingencyTables.Transport.UniformPartialRejection (4.2s)
✔ [9053/9152] Built Math115.LatticeCompletionFinite (5.7s)
✔ [9054/9152] Built OAI.Combinatorics.ContingencyTables.Sampling.FirstPaperChildMass (7.7s)
✔ [9055/9152] Built Math115.PrefixTransportation (6.3s)
✔ [9056/9152] Built OAI.Combinatorics.ContingencyTables.Transport.ExcessContextProfiles (8.1s)
✔ [9057/9152] Built OAI.Combinatorics.ContingencyTables.Transport.RationalMapProducts (2.3s)
✔ [9058/9152] Built OAI.Combinatorics.ContingencyTables.Transport.RationalWalkApproximation (2.5s)
✔ [9059/9152] Built Math115.LatticeCompletionLaw (4.1s)
✔ [9060/9152] Built OAI.Combinatorics.ContingencyTables.Transport.RationalChainCast (6.3s)
✔ [9061/9152] Built Math115.PrefixFloorCover (4.8s)
✔ [9062/9152] Built OAI.Combinatorics.ContingencyTables.Machines.FiniteWordRejection (2.2s)
✔ [9063/9152] Built OAI.Combinatorics.ContingencyTables.Transport.ContextWeightedEnumeration (6.5s)
✔ [9064/9152] Built OAI.Combinatorics.ContingencyTables.Transport.FiniteDependentLaw (2.1s)
✔ [9065/9152] Built OAI.Combinatorics.ContingencyTables.Transport.CompletionStepApproximation (2.1s)
✔ [9066/9152] Built OAI.Combinatorics.ContingencyTables.Transport.ExcessContextDefects (7.2s)
✔ [9067/9152] Built OAI.Combinatorics.ContingencyTables.Sampling.SmallGraphProfiles (6.6s)
✔ [9068/9152] Built OAI.Combinatorics.ContingencyTables.Transport.FiniteDependentApproximation (2.6s)
✔ [9069/9157] Built Math115.CompletionBooleanRetry (4.7s)
✔ [9070/9157] Built Math115.CompletionCountBound (5.4s)
✔ [9071/9157] Built OAI.Combinatorics.ContingencyTables.Transport.CompletionProposalLaw (3.7s)
✔ [9072/9157] Built OAI.Combinatorics.ContingencyTables.PublishedInputs (3.1s)
⚠ [9073/9157] Built Math115.LatticeCompletionAccuracy (3.8s)
warning: Math115/LatticeCompletionAccuracy.lean:34:2: Try this: 
  letI̵

The goal is a proposition, so `let` is preferred over `letI`.
The difference between `let` and `letI` is that `letI` inlines the value.
But this is not relevant for proofs because of proof irrelevance.

Note: This linter can be disabled with `set_option linter.style.haveILetI false`
warning: Math115/LatticeCompletionAccuracy.lean:65:2: Try this: 
  letI̵

The goal is a proposition, so `let` is preferred over `letI`.
The difference between `let` and `letI` is that `letI` inlines the value.
But this is not relevant for proofs because of proof irrelevance.

Note: This linter can be disabled with `set_option linter.style.haveILetI false`
warning: Math115/LatticeCompletionAccuracy.lean:66:2: Try this: 
  letI̵

The goal is a proposition, so `let` is preferred over `letI`.
The difference between `let` and `letI` is that `letI` inlines the value.
But this is not relevant for proofs because of proof irrelevance.

Note: This linter can be disabled with `set_option linter.style.haveILetI false`
✔ [9074/9165] Built OAI.Combinatorics.ContingencyTables.Transport.CompletionKernelIdentification (2.3s)
✔ [9075/9165] Built OAI.Combinatorics.ContingencyTables.Transport.AuxiliaryRepairMass (7.9s)
✔ [9076/9165] Built OAI.Combinatorics.ContingencyTables.Transport.RationalChainMixing (6.8s)
✔ [9077/9165] Built OAI.Combinatorics.ContingencyTables.Dense.DenseWeights (3.7s)
✔ [9078/9165] Built OAI.Combinatorics.ContingencyTables.Parameters (3.2s)
✔ [9079/9171] Built OAI.Combinatorics.ContingencyTables.Transport.AffinePenalty (3.8s)
✔ [9080/9171] Built OAI.Combinatorics.ContingencyTables.Dense.DenseScales (3.1s)
✔ [9081/9171] Built OAI.Combinatorics.ContingencyTables.Transport.ContextAdjacentTransport (7.4s)
✔ [9082/9172] Built OAI.Combinatorics.ContingencyTables.Transport.FiniteRepairVariance (7.6s)
✔ [9083/9173] Built OAI.Combinatorics.ContingencyTables.Dense.DenseAffine (3.6s)
✔ [9084/9173] Built OAI.Combinatorics.ContingencyTables.Dense.AffineRegion (3.9s)
✔ [9085/9173] Built OAI.Combinatorics.ContingencyTables.Dense.GridBoundary (3.5s)
✔ [9086/9173] Built OAI.Combinatorics.ContingencyTables.Transport.BoxGeometry (4.8s)
✔ [9087/9175] Built OAI.Combinatorics.ContingencyTables.Transport.ContextChildVariance (8.9s)
⚠ [9088/9175] Built Math115.RepairVarianceRefinement (8.7s)
warning: Math115/RepairVarianceRefinement.lean:21:4: Used `tac1 <;> tac2` where `(tac1; tac2)` would suffice

Note: This linter can be disabled with `set_option linter.unnecessarySeqFocus false`
✔ [9089/9175] Built Math115.PathVariance (7.9s)
✔ [9090/9175] Built OAI.Combinatorics.ContingencyTables.Transport.FiniteGraphPoincareBudget (9.6s)
✔ [9091/9175] Built OAI.Combinatorics.ContingencyTables.Transport.RealCompletion (3.7s)
✔ [9092/9175] Built OAI.Combinatorics.ContingencyTables.Dense.DenseCoefficients (4.5s)
✔ [9093/9175] Built OAI.Combinatorics.ContingencyTables.Dense.AffineRegionVolume (3.4s)
✔ [9094/9181] Built OAI.Combinatorics.ContingencyTables.Dense.GridMeasure (4.6s)
✔ [9095/9181] Built OAI.Combinatorics.ContingencyTables.Dense.DenseCutParameters (3.5s)
✔ [9096/9181] Built OAI.Combinatorics.ContingencyTables.Transport.ContextGraphMembership (7.3s)
✔ [9097/9183] Built OAI.Combinatorics.ContingencyTables.Sampling.FirstPaperExposureVariance (7.7s)
✔ [9098/9183] Built OAI.Combinatorics.ContingencyTables.Sampling.SmallChainBudget (6.6s)
✔ [9099/9189] Built OAI.Combinatorics.ContingencyTables.Dense.DenseRegularity (4.9s)
✔ [9100/9189] Built OAI.Combinatorics.ContingencyTables.Dense.GridCover (4.2s)
✔ [9101/9189] Built OAI.Combinatorics.ContingencyTables.Dense.DensityLayers (3.2s)
✔ [9102/9190] Built OAI.Combinatorics.ContingencyTables.Sampling.PhysicalGraphVertices (8.4s)
✔ [9103/9190] Built OAI.Combinatorics.ContingencyTables.Dense.DenseGeometry (3.0s)
✔ [9104/9190] Built OAI.Combinatorics.ContingencyTables.Sampling.SmallProposal (8.2s)
✔ [9105/9190] Built OAI.Combinatorics.ContingencyTables.Sampling.SmallCompletionAcceptance (8.2s)
✔ [9106/9190] Built OAI.Combinatorics.ContingencyTables.Dense.GridAdjacency (3.1s)
✔ [9107/9190] Built OAI.Combinatorics.ContingencyTables.Dense.GridMass (4.5s)
✔ [9108/9190] Built OAI.Combinatorics.ContingencyTables.Sampling.SmallProfileRepair (6.8s)
✔ [9109/9190] Built OAI.Combinatorics.ContingencyTables.Dense.DenseInteriorVolume (4.1s)
✔ [9110/9190] Built OAI.Combinatorics.ContingencyTables.Transport.IntegerExchangeArithmetic (6.8s)
✔ [9111/9190] Built OAI.Combinatorics.ContingencyTables.Dense.GridCutFlow (4.5s)
✔ [9112/9190] Built OAI.Combinatorics.ContingencyTables.Dense.GridPartition (4.4s)
✔ [9113/9190] Built OAI.Combinatorics.ContingencyTables.Dense.GridMetropolis (7.2s)
✔ [9114/9205] Built OAI.Combinatorics.ContingencyTables.Transport.ContextGraphEnergy (13s)
✔ [9115/9209] Built OAI.Combinatorics.ContingencyTables.Dense.GridConductance (5.1s)
✔ [9116/9209] Built OAI.Combinatorics.ContingencyTables.Sampling.RepairLargeMass (7.2s)
✔ [9117/9209] Built OAI.Combinatorics.ContingencyTables.Sampling.PhysicalContextVariance (7.5s)
✔ [9118/9209] Built OAI.Combinatorics.MatchingCount.Graphs.ColoredEdge (11s)
✔ [9119/9209] Built OAI.Combinatorics.MatchingCount.Graphs.ArcData (11s)
✔ [9120/9209] Built OAI.Combinatorics.ContingencyTables.Dense.DenseGrid (4.1s)
✔ [9121/9209] Built OAI.Combinatorics.ContingencyTables.Sampling.RepairSmallMargins (6.8s)
✔ [9122/9213] Built OAI.Combinatorics.ContingencyTables.Sampling.SmallRepairCapacity (6.6s)
✔ [9123/9213] Built OAI.Combinatorics.ContingencyTables.Sampling.PhysicalPrefixEnergies (14s)
✔ [9124/9213] Built OAI.Combinatorics.MatchingCount.Sampling.Span (8.0s)
✔ [9125/9213] Built OAI.Combinatorics.ContingencyTables.Dense.GridMinCut (4.6s)
✔ [9126/9213] Built OAI.Combinatorics.ContingencyTables.Sampling.PhysicalRepairMass (7.0s)
✔ [9127/9218] Built OAI.Combinatorics.MatchingCount.Model (6.7s)
✔ [9128/9218] Built OAI.Combinatorics.ContingencyTables.Transport.ChoiceContextEnumeration (6.9s)
✔ [9129/9220] Built OAI.Combinatorics.ContingencyTables.Dense.DenseChain (10s)
⚠ [9130/9220] Built Math115.PhysicalLeafEnergy (15s)
warning: Math115/PhysicalLeafEnergy.lean:154:0: automatically included section variable(s) unused in theorem `Math115.PhysicalLeafEnergy.physical_display_special`:
  [Fintype I]
  [Fintype J]
consider restructuring your `variable` declarations so that the variables are not in scope or explicitly omit them:
  omit [Fintype I] [Fintype J] in theorem ...

Note: This linter can be disabled with `set_option linter.unusedSectionVars false`
warning: Math115/PhysicalLeafEnergy.lean:413:0: automatically included section variable(s) unused in theorem `Math115.PhysicalLeafEnergy.context_box_leaf_transport_quarter`:
  [LinearOrder I]
  [LinearOrder J]
consider restructuring your `variable` declarations so that the variables are not in scope or explicitly omit them:
  omit [LinearOrder I] [LinearOrder J] in theorem ...

Note: This linter can be disabled with `set_option linter.unusedSectionVars false`
✔ [9131/9220] Built OAI.Combinatorics.MatchingCount.Sampling.Corner (12s)
✔ [9132/9223] Built OAI.Combinatorics.MatchingCount.Complexity.GuardMachineBase (11s)
✔ [9133/9223] Built OAI.Combinatorics.ContingencyTables.Transport.RawSmallChoiceProperties (6.5s)
✔ [9134/9223] Built OAI.Combinatorics.ContingencyTables.Transport.RowMajorPrefixFibres (7.5s)
✔ [9135/9223] Built OAI.Combinatorics.ContingencyTables.Dense.DenseLocalGeometry (8.7s)
✔ [9136/9225] Built OAI.Combinatorics.MatchingCount.Machines.BoolPostCompiler (8.6s)
✔ [9137/9225] Built OAI.Combinatorics.MatchingCount.Complexity.AlphabetCompilerCost (8.3s)
✔ [9138/9225] Built OAI.Combinatorics.MatchingCount.Graphs.IndexedCycle (12s)
✔ [9139/9232] Built OAI.Combinatorics.MatchingCount.Complexity.StackCompilerCost (9.7s)
✔ [9140/9232] Built OAI.Combinatorics.ContingencyTables.Transport.WordContextVariance (6.8s)
✔ [9141/9232] Built OAI.Combinatorics.ContingencyTables.Dense.DenseRegionVolume (9.8s)
✔ [9142/9232] Built OAI.Combinatorics.MatchingCount.Machines.SupportedCompiler (7.0s)
✔ [9143/9232] Built OAI.Combinatorics.ContingencyTables.Dense.DenseMixing (10s)
✔ [9144/9232] Built OAI.Combinatorics.MatchingCount.Graphs.Sets (11s)
✔ [9145/9232] Built OAI.Combinatorics.MatchingCount.Tapes.StackEmbedding (7.0s)
✔ [9146/9232] Built OAI.Combinatorics.MatchingCount.Machines.TreeTransfer (7.9s)
✔ [9147/9232] Built OAI.Combinatorics.MatchingCount.Arithmetic.BinaryAddition (11s)
✔ [9148/9232] Built OAI.Combinatorics.ContingencyTables.Sampling.SmallRepairWords (7.4s)
✔ [9149/9232] Built Math115.PhysicalExposureVariance (8.1s)
✔ [9150/9233] Built OAI.Combinatorics.ContingencyTables.Dense.DenseReindexedVolume (6.9s)
✔ [9151/9233] Built OAI.Combinatorics.MatchingCount.Tapes.FixedAlphabetCompiler (6.6s)
✔ [9152/9233] Built OAI.Combinatorics.ContingencyTables.Sampling.FirstPaperTransversalVariance (13s)
✔ [9153/9233] Built OAI.Combinatorics.ContingencyTables.Dense.DenseLayerArithmetic (10s)
✔ [9154/9233] Built OAI.Combinatorics.MatchingCount.Tapes.StackLens (8.1s)
✔ [9155/9233] Built OAI.Combinatorics.MatchingCount.Tapes.WordOps (7.9s)
✔ [9156/9233] Built OAI.Combinatorics.MatchingCount.Graphs.LabelCycle (12s)
✔ [9157/9233] Built OAI.Combinatorics.ContingencyTables.Sampling.SmallBalancedEncoding (6.7s)
✔ [9158/9233] Built OAI.Combinatorics.MatchingCount.Arithmetic.BinaryCompare (11s)
✔ [9159/9233] Built OAI.Combinatorics.MatchingCount.Tapes.StackWords (6.7s)
✔ [9160/9233] Built OAI.Combinatorics.ContingencyTables.Sampling.PhysicalRepairGraph (10s)
✔ [9161/9233] Built OAI.Combinatorics.MatchingCount.Tapes.FixedEncoding (6.6s)
✔ [9162/9233] Built OAI.Combinatorics.ContingencyTables.Dense.DenseNormalizer (7.8s)
✔ [9163/9233] Built OAI.Combinatorics.ContingencyTables.Transport.BalancedCompletionMass (6.6s)
✔ [9164/9233] Built OAI.Combinatorics.MatchingCount.Sampling.PM (9.4s)
✔ [9165/9233] Built OAI.Combinatorics.ContingencyTables.Sampling.SmallProfileEncoding (7.2s)
✔ [9166/9233] Built OAI.Combinatorics.ContingencyTables.Sampling.FirstPaperFullVariance (6.5s)
✔ [9167/9233] Built OAI.Combinatorics.MatchingCount.Arithmetic.PostComparison (7.2s)
✔ [9168/9233] Built OAI.Combinatorics.MatchingCount.Arithmetic.PostAddition (6.8s)
✔ [9169/9233] Built OAI.Combinatorics.ContingencyTables.Sampling.PhysicalGraphDegree (16s)
✔ [9170/9233] Built OAI.Combinatorics.ContingencyTables.Dense.DenseGoodBins (7.4s)
✔ [9171/9242] Built OAI.Combinatorics.ContingencyTables.Transport.BalancedJointConstruction (6.4s)
✔ [9172/9242] Built OAI.Combinatorics.ContingencyTables.Sampling.FirstPaperPhysicalVariance (8.1s)
✔ [9173/9242] Built OAI.Combinatorics.MatchingCount.Sampling.IntervalPattern (12s)
✔ [9174/9242] Built OAI.Combinatorics.ContingencyTables.Dense.DenseAcceptance (8.7s)
✔ [9175/9242] Built OAI.Combinatorics.MatchingCount.Graphs.Density (11s)
✔ [9176/9242] Built OAI.Combinatorics.ContingencyTables.Sampling.PhysicalResidualMargins (7.9s)
✔ [9177/9242] Built OAI.Combinatorics.MatchingCount.Sampling.Components (10s)
✔ [9178/9242] Built OAI.Combinatorics.ContingencyTables.Dense.DenseIntegerTable (8.6s)
✔ [9179/9242] Built OAI.Combinatorics.MatchingCount.Probability.Mean (11s)
✔ [9180/9242] Built OAI.Combinatorics.ContingencyTables.Sampling.PhysicalSmallGraph (28s)
✔ [9181/9242] Built Math115.PhysicalFullVariance (29s)
✔ [9182/9242] Built OAI.Combinatorics.ContingencyTables.Sampling.PhysicalPaperCapacity (6.1s)
✔ [9183/9242] Built OAI.Combinatorics.ContingencyTables.Sampling.PhysicalOriginalResiduals (6.2s)
✔ [9184/9242] Built OAI.Combinatorics.ContingencyTables.Sampling.PhysicalMassBound (17s)
✔ [9185/9242] Built OAI.Combinatorics.ContingencyTables.Transport.ReferenceCompletionBlock (6.4s)
✔ [9186/9242] Built OAI.Combinatorics.MatchingCount.Sampling.Underlying (10s)
✔ [9187/9242] Built OAI.Combinatorics.ContingencyTables.Sampling.PhysicalExchangeMargins (7.0s)
✔ [9188/9242] Built OAI.Combinatorics.MatchingCount.Sampling.Sewn (12s)
✔ [9189/9242] Built OAI.Combinatorics.ContingencyTables.Transport.CompletionFibreEquiv (8.6s)
✔ [9190/9252] Built OAI.Combinatorics.ContingencyTables.Sampling.PhysicalSmallEnergy (16s)
✔ [9191/9256] Built OAI.Combinatorics.ContingencyTables.Transport.ReferenceCompletionBounds (8.5s)
✔ [9192/9264] Built OAI.Combinatorics.ContingencyTables.Sampling.PhysicalRepairMargins (6.9s)
✔ [9193/9264] Built OAI.Combinatorics.MatchingCount.Graphs.Mate (9.5s)
✔ [9194/9264] Built OAI.Combinatorics.MatchingCount.Sampling.ChosenChord (10s)
✔ [9195/9264] Built OAI.Combinatorics.MatchingCount.Graphs.Vertex (9.5s)
⚠ [9196/9277] Built Math115.CompletionAdjustment (15s)
warning: Math115/CompletionAdjustment.lean:568:39: Used `tac1 <;> tac2` where `(tac1; tac2)` would suffice

Note: This linter can be disabled with `set_option linter.unnecessarySeqFocus false`
warning: Math115/CompletionAdjustment.lean:574:39: Used `tac1 <;> tac2` where `(tac1; tac2)` would suffice

Note: This linter can be disabled with `set_option linter.unnecessarySeqFocus false`
✔ [9197/9282] Built OAI.Combinatorics.ContingencyTables.Sampling.PhysicalEdgeMargins (12s)
✔ [9198/9282] Built OAI.Combinatorics.MatchingCount.Graphs.Cycle (12s)
✔ [9199/9283] Built OAI.Combinatorics.MatchingCount.Graphs.Cumulative (10s)
✔ [9200/9283] Built OAI.Combinatorics.MatchingCount.Graphs.Edge (21s)
✔ [9201/9286] Built OAI.Combinatorics.ContingencyTables.Transport.ReferenceEdgeAcceptance (10s)
✔ [9202/9286] Built Math115.ReferenceEdgeAcceptance (12s)
✔ [9203/9286] Built OAI.Combinatorics.MatchingCount.Sampling.Through (10s)
✔ [9204/9293] Built OAI.Combinatorics.MatchingCount.Tapes.RunBits (10s)
✔ [9205/9293] Built OAI.Combinatorics.ContingencyTables.Sampling.FirstPaperSmallChain (8.4s)
✔ [9206/9293] Built OAI.Combinatorics.MatchingCount.Graphs.PathStrength (15s)
✔ [9207/9298] Built Math115.SmallChainGap (12s)
✔ [9208/9298] Built OAI.Combinatorics.MatchingCount.Arithmetic.BinarySubtract (13s)
✔ [9209/9298] Built OAI.Combinatorics.ContingencyTables.Sampling.FirstPaperSmallMixing (9.1s)
✔ [9210/9298] Built Math115.ReducedSmallChain (7.7s)
✔ [9211/9300] Built OAI.Combinatorics.MatchingCount.Graphs.SafeSwitch (24s)
✔ [9212/9300] Built OAI.Combinatorics.ContingencyTables.Sampling.FirstPaperSmallKernel (7.9s)
✔ [9213/9304] Built OAI.Combinatorics.MatchingCount.Algorithm.AffineWeights (10s)
✔ [9214/9313] Built Math115.ReducedAllSmallChain (8.5s)
✔ [9215/9313] Built OAI.Combinatorics.ContingencyTables.Sampling.FirstPaperRationalMixing (7.8s)
✔ [9216/9316] Built OAI.Combinatorics.MatchingCount.Sampling.ComponentOrder (10s)
✔ [9217/9316] Built OAI.Combinatorics.MatchingCount.Graphs.FillHoles (8.6s)
⚠ [9218/9316] Built Math115.PhysicalStateNonempty (7.1s)
warning: Math115/PhysicalStateNonempty.lean:132:2: Try this: 
  letI̵

The goal is a proposition, so `let` is preferred over `letI`.
The difference between `let` and `letI` is that `letI` inlines the value.
But this is not relevant for proofs because of proof irrelevance.

Note: This linter can be disabled with `set_option linter.style.haveILetI false`
warning: Math115/PhysicalStateNonempty.lean:142:2: Try this: 
  letI̵

The goal is a proposition, so `let` is preferred over `letI`.
The difference between `let` and `letI` is that `letI` inlines the value.
But this is not relevant for proofs because of proof irrelevance.

Note: This linter can be disabled with `set_option linter.style.haveILetI false`
✔ [9219/9316] Built OAI.Combinatorics.ContingencyTables.Sampling.FirstPaperJointLaw (6.9s)
✔ [9220/9316] Built Math115.PhysicalRepairRefinement (12s)
✔ [9221/9316] Built OAI.Combinatorics.MatchingCount.Sampling.EndpointPair (10s)
⚠ [9222/9318] Built Math115.IdealOracleScales (8.1s)
warning: Math115/IdealOracleScales.lean:111:0: automatically included section variable(s) unused in theorem `Math115.IdealOracleScales.dimension_at_least_eleven`:
  [LinearOrder I]
  [LinearOrder J]
consider restructuring your `variable` declarations so that the variables are not in scope or explicitly omit them:
  omit [LinearOrder I] [LinearOrder J] in theorem ...

Note: This linter can be disabled with `set_option linter.unusedSectionVars false`
warning: Math115/IdealOracleScales.lean:201:2: Try this: 
  letI̵

The goal is a proposition, so `let` is preferred over `letI`.
The difference between `let` and `letI` is that `letI` inlines the value.
But this is not relevant for proofs because of proof irrelevance.

Note: This linter can be disabled with `set_option linter.style.haveILetI false`
✔ [9223/9318] Built OAI.Combinatorics.ContingencyTables.Sampling.AllSmallFibres (8.0s)
✔ [9224/9318] Built OAI.Combinatorics.MatchingCount.Graphs.ThresholdGraph (15s)
⚠ [9225/9318] Built Math115.ReducedRepairRefinement (8.6s)
warning: Math115/ReducedRepairRefinement.lean:78:2: Try this: 
  letI̵

The goal is a proposition, so `let` is preferred over `letI`.
The difference between `let` and `letI` is that `letI` inlines the value.
But this is not relevant for proofs because of proof irrelevance.

Note: This linter can be disabled with `set_option linter.style.haveILetI false`
⚠ [9226/9318] Built Math115.IdealRepairRefinement (8.9s)
warning: Math115/IdealRepairRefinement.lean:58:2: Try this: 
  letI̵

The goal is a proposition, so `let` is preferred over `letI`.
The difference between `let` and `letI` is that `letI` inlines the value.
But this is not relevant for proofs because of proof irrelevance.

Note: This linter can be disabled with `set_option linter.style.haveILetI false`
✔ [9227/9319] Built OAI.Combinatorics.ContingencyTables.Sampling.AllSmallChain (11s)
✔ [9228/9324] Built OAI.Combinatorics.MatchingCount.Probability.Variance (17s)
✔ [9229/9324] Built OAI.Combinatorics.MatchingCount.Graphs.SumLiftMate (10s)
✔ [9230/9329] Built Math115.AllSmallChainGap (9.0s)
✔ [9231/9329] Built OAI.Combinatorics.MatchingCount.Sampling.TierClamp (13s)
✔ [9232/9333] Built OAI.Combinatorics.MatchingCount.Arithmetic.ArithmeticSize (17s)
✔ [9233/9333] Built OAI.Combinatorics.MatchingCount.Graphs.Profile (14s)
✔ [9234/9333] Built OAI.Combinatorics.MatchingCount.Sampling.RelationDestinations (13s)
✔ [9235/9333] Built OAI.Combinatorics.ContingencyTables.AlgorithmStatements (8.7s)
✔ [9236/9333] Built OAI.Combinatorics.MatchingCount.Machines.RegisterProc (9.7s)
✔ [9237/9333] Built OAI.Combinatorics.MatchingCount.Graphs.HoleBlocks (17s)
✔ [9238/9333] Built OAI.Combinatorics.MatchingCount.Sampling.Certify (19s)
✔ [9239/9333] Built OAI.Combinatorics.MatchingCount.Probability.LocalVariance (21s)
✔ [9240/9333] Built OAI.Combinatorics.ContingencyTables.Machines.PublicInputLength (10s)
✔ [9241/9333] Built OAI.Combinatorics.MatchingCount.Machines.FiniteStore (8.1s)
✔ [9242/9333] Built OAI.Combinatorics.MatchingCount.Machines.RegisterTree (8.4s)
✔ [9243/9333] Built OAI.Combinatorics.MatchingCount.Graphs.FirstHoleSortedCons (9.9s)
✔ [9244/9333] Built OAI.Combinatorics.MatchingCount.Sampling.Component (13s)
✔ [9245/9333] Built OAI.Combinatorics.MatchingCount.Graphs.PushedFlow (13s)
✔ [9246/9333] Built OAI.Combinatorics.MatchingCount.Machines.TreePairProposal (15s)
✔ [9247/9333] Built OAI.Combinatorics.MatchingCount.Arithmetic.SubtractProc (8.1s)
✔ [9248/9333] Built OAI.Combinatorics.MatchingCount.Machines.TreeMachine (10s)
✔ [9249/9333] Built OAI.Combinatorics.MatchingCount.Graphs.PathActivity (11s)
✔ [9250/9333] Built OAI.Combinatorics.MatchingCount.Graphs.Evolve (13s)
✔ [9251/9333] Built OAI.Combinatorics.MatchingCount.Machines.TreeFrame (9.8s)
✔ [9252/9333] Built OAI.Combinatorics.MatchingCount.Machines.TreeFunction (8.9s)
✔ [9253/9333] Built OAI.Combinatorics.MatchingCount.Arithmetic.BinaryNormalize (8.7s)
✔ [9254/9333] Built OAI.Combinatorics.MatchingCount.Machines.TreeCompiler (8.5s)
✔ [9255/9333] Built Math115.PhysicalStationaryMass (132s)
✔ [9256/9333] Built OAI.Combinatorics.MatchingCount.Graphs.Related (11s)
✔ [9257/9333] Built OAI.Combinatorics.MatchingCount.Sampling.LadderL (9.5s)
✔ [9258/9340] Built OAI.Combinatorics.MatchingCount.Graphs.HoleStrength (10s)
✔ [9259/9340] Built OAI.Combinatorics.MatchingCount.Machines.TreeLookup (9.9s)
✔ [9260/9340] Built OAI.Combinatorics.MatchingCount.Machines.RegisterControl (6.0s)
✔ [9261/9340] Built OAI.Combinatorics.MatchingCount.Graphs.Height (10s)
✔ [9262/9340] Built Math115.PhysicalStationarySuccess (12s)
✔ [9263/9340] Built OAI.Combinatorics.MatchingCount.Graphs.Incident (10s)
✔ [9264/9340] Built OAI.Combinatorics.ContingencyTables.Dense.DenseOffsets (9.0s)
✔ [9265/9343] Built OAI.Combinatorics.MatchingCount.Machines.RegisterStructured (7.1s)
⚠ [9266/9343] Built Math115.PhysicalStationaryLaw (8.2s)
warning: Math115/PhysicalStationaryLaw.lean:136:2: Try this: 
  letI̵

The goal is a proposition, so `let` is preferred over `letI`.
The difference between `let` and `letI` is that `letI` inlines the value.
But this is not relevant for proofs because of proof irrelevance.

Note: This linter can be disabled with `set_option linter.style.haveILetI false`
warning: Math115/PhysicalStationaryLaw.lean:178:2: Try this: 
  letI̵

The goal is a proposition, so `let` is preferred over `letI`.
The difference between `let` and `letI` is that `letI` inlines the value.
But this is not relevant for proofs because of proof irrelevance.

Note: This linter can be disabled with `set_option linter.style.haveILetI false`
warning: Math115/PhysicalStationaryLaw.lean:179:2: Try this: 
  letI̵

The goal is a proposition, so `let` is preferred over `letI`.
The difference between `let` and `letI` is that `letI` inlines the value.
But this is not relevant for proofs because of proof irrelevance.

Note: This linter can be disabled with `set_option linter.style.haveILetI false`
✔ [9267/9343] Built OAI.Combinatorics.ContingencyTables.Dense.DenseTrial (7.6s)
✔ [9268/9343] Built OAI.Combinatorics.MatchingCount.Graphs.EdgeLow (10s)
✔ [9269/9343] Built OAI.Combinatorics.ContingencyTables.Sampling.InverseSmallRepair (7.8s)
✔ [9270/9352] Built Math115.PhysicalRationalKernel (7.4s)
✔ [9271/9352] Built OAI.Combinatorics.ContingencyTables.Dense.DenseTrialWeights (7.8s)
✔ [9272/9353] Built OAI.Combinatorics.ContingencyTables.Sampling.SmallPatternArithmetic (7.6s)
✔ [9273/9353] Built OAI.Combinatorics.MatchingCount.Graphs.MatchingMap (10s)
✔ [9274/9354] Built OAI.Combinatorics.ContingencyTables.Sampling.GreedyFeasibleTable (2.7s)
⚠ [9275/9354] Built Math115.PhysicalFiniteWalk (9.5s)
warning: Math115/PhysicalFiniteWalk.lean:31:0: automatically included section variable(s) unused in theorem `Math115.PhysicalFiniteWalk.massAllowance_positive`:
  [LinearOrder I]
  [LinearOrder J]
consider restructuring your `variable` declarations so that the variables are not in scope or explicitly omit them:
  omit [LinearOrder I] [LinearOrder J] in theorem ...

Note: This linter can be disabled with `set_option linter.unusedSectionVars false`
warning: Math115/PhysicalFiniteWalk.lean:35:0: automatically included section variable(s) unused in theorem `Math115.PhysicalFiniteWalk.capacity_le_bound`:
  [LinearOrder I]
  [LinearOrder J]
consider restructuring your `variable` declarations so that the variables are not in scope or explicitly omit them:
  omit [LinearOrder I] [LinearOrder J] in theorem ...

Note: This linter can be disabled with `set_option linter.unusedSectionVars false`
warning: Math115/PhysicalFiniteWalk.lean:156:0: automatically included section variable(s) unused in theorem `Math115.PhysicalFiniteWalk.successAllowance_positive`:
  [LinearOrder I]
  [LinearOrder J]
consider restructuring your `variable` declarations so that the variables are not in scope or explicitly omit them:
  omit [LinearOrder I] [LinearOrder J] in theorem ...

Note: This linter can be disabled with `set_option linter.unusedSectionVars false`
warning: Math115/PhysicalFiniteWalk.lean:179:2: Try this: 
  letI̵

The goal is a proposition, so `let` is preferred over `letI`.
The difference between `let` and `letI` is that `letI` inlines the value.
But this is not relevant for proofs because of proof irrelevance.

Note: This linter can be disabled with `set_option linter.style.haveILetI false`
warning: Math115/PhysicalFiniteWalk.lean:180:2: Try this: 
  letI̵

The goal is a proposition, so `let` is preferred over `letI`.
The difference between `let` and `letI` is that `letI` inlines the value.
But this is not relevant for proofs because of proof irrelevance.

Note: This linter can be disabled with `set_option linter.style.haveILetI false`
warning: Math115/PhysicalFiniteWalk.lean:223:2: Try this: 
  letI̵

The goal is a proposition, so `let` is preferred over `letI`.
The difference between `let` and `letI` is that `letI` inlines the value.
But this is not relevant for proofs because of proof irrelevance.

Note: This linter can be disabled with `set_option linter.style.haveILetI false`
warning: Math115/PhysicalFiniteWalk.lean:236:8: this tactic is never executed

Note: This linter can be disabled with `set_option linter.unreachableTactic false`
warning: Math115/PhysicalFiniteWalk.lean:231:23: Used `tac1 <;> tac2` where `(tac1; tac2)` would suffice

Note: This linter can be disabled with `set_option linter.unnecessarySeqFocus false`
warning: Math115/PhysicalFiniteWalk.lean:236:8: Unused tactic linter: `ring` does nothing

Note: This linter can be disabled with `set_option linter.unusedTactic false`
✔ [9276/9354] Built OAI.Combinatorics.ContingencyTables.Dense.DenseTrialAcceptance (9.7s)
✔ [9277/9354] Built OAI.Combinatorics.MatchingCount.Graphs.PM (9.2s)
✔ [9278/9356] Built OAI.Combinatorics.ContingencyTables.Transport.ReferenceDrawBounds (7.5s)
✔ [9279/9358] Built OAI.Combinatorics.ContingencyTables.Dense.DenseAxisProposal (3.2s)
✔ [9280/9363] Built OAI.Combinatorics.ContingencyTables.Dense.DenseRational (7.9s)
✔ [9281/9363] Built OAI.Combinatorics.ContingencyTables.Dense.DenseAxisBits (8.1s)
✔ [9282/9363] Built OAI.Combinatorics.ContingencyTables.Transport.DyadicAcceptance (8.1s)
⚠ [9283/9364] Built Math115.PhysicalCompletionOracle (32s)
warning: Math115/PhysicalCompletionOracle.lean:178:13: Variable name `hζ` is not explicitly referenced.

Hint: The binding can be removed (if unused) or named `_` (if used implicitly). Alternatively, prefix the name with `_` to silence this warning:
  [apply] _hζ

Note: This linter can be disabled with `set_option linter.unusedVariables false`
✔ [9284/9364] Built OAI.Combinatorics.MatchingCount.Graphs.Marked (14s)
✔ [9285/9366] Built OAI.Combinatorics.ContingencyTables.Transport.FiniteMetropolis (2.2s)
✔ [9286/9366] Built OAI.Combinatorics.ContingencyTables.Dense.DenseExponentArithmetic (7.1s)
✔ [9287/9366] Built OAI.Combinatorics.ContingencyTables.Dense.DenseExponentBound (7.1s)
✔ [9288/9366] Built OAI.Combinatorics.ContingencyTables.Dense.DenseRationalTrial (9.6s)
⚠ [9289/9366] Built Math115.PhysicalApproximateOracle (7.7s)
warning: Math115/PhysicalApproximateOracle.lean:117:2: Try this: 
  letI̵

The goal is a proposition, so `let` is preferred over `letI`.
The difference between `let` and `letI` is that `letI` inlines the value.
But this is not relevant for proofs because of proof irrelevance.

Note: This linter can be disabled with `set_option linter.style.haveILetI false`
warning: Math115/PhysicalApproximateOracle.lean:118:2: Try this: 
  letI̵

The goal is a proposition, so `let` is preferred over `letI`.
The difference between `let` and `letI` is that `letI` inlines the value.
But this is not relevant for proofs because of proof irrelevance.

Note: This linter can be disabled with `set_option linter.style.haveILetI false`
✔ [9290/9366] Built OAI.Combinatorics.ContingencyTables.Machines.FiniteWordWalk (2.3s)
✔ [9291/9366] Built Math115.CompletionScheduleArithmetic (9.6s)
✔ [9292/9372] Built Math115.DilatedCompletionMargins (8.1s)
✔ [9293/9372] Built OAI.Combinatorics.MatchingCount.Probability.Tv (10s)
✔ [9294/9372] Built OAI.Combinatorics.ContingencyTables.Machines.FairBits (4.4s)
✔ [9295/9375] Built OAI.Combinatorics.ContingencyTables.Dense.DenseRationalKernel (10s)
✔ [9296/9378] Built OAI.Combinatorics.ContingencyTables.Transport.BoundedOffsetLaw (3.7s)
✔ [9297/9378] Built OAI.Combinatorics.MatchingCount.Sampling.MetropolisChoice (12s)
✔ [9298/9380] Built Math115.CompletionRandomBudgetArithmetic (17s)
✔ [9299/9380] Built OAI.Combinatorics.MatchingCount.Graphs.EnlargementRun (12s)
✔ [9300/9380] Built OAI.Combinatorics.ContingencyTables.Dense.DenseFiniteTransition (7.9s)
✔ [9301/9380] Built OAI.Combinatorics.ContingencyTables.Transport.FiniteScaledDraw (1.9s)
✔ [9302/9380] Built OAI.Combinatorics.ContingencyTables.Machines.FiniteWordPadding (2.0s)
✔ [9303/9380] Built OAI.Combinatorics.ContingencyTables.Dense.DenseErrorArithmetic (8.3s)
✔ [9304/9381] Built OAI.Combinatorics.ContingencyTables.Dense.DenseBoundedTrial (8.9s)
✔ [9305/9381] Built OAI.Combinatorics.MatchingCount.Sampling.PairStep (9.0s)
✔ [9306/9381] Built OAI.Combinatorics.ContingencyTables.Dense.DenseFiniteWalk (7.4s)
✔ [9307/9389] Built OAI.Combinatorics.ContingencyTables.Dense.DenseBooleanStep (7.2s)
✔ [9308/9396] Built OAI.Combinatorics.ContingencyTables.Dense.DenseIdealRejection (7.7s)
✔ [9309/9396] Built OAI.Combinatorics.ContingencyTables.Dense.DenseBooleanOffsets (6.2s)
✔ [9310/9396] Built OAI.Combinatorics.ContingencyTables.Sampling.OriginalBalancedJoint (6.5s)
✔ [9311/9396] Built OAI.Combinatorics.ContingencyTables.Dense.DenseBitBudget (7.2s)
✔ [9312/9396] Built OAI.Combinatorics.ContingencyTables.Dense.DenseBooleanWalk (7.0s)
✔ [9313/9396] Built OAI.Combinatorics.MatchingCount.Graphs.Admissible (10s)
✔ [9314/9396] Built OAI.Combinatorics.ContingencyTables.Sampling.FirstPaperStationaryMass (7.4s)
✔ [9315/9404] Built OAI.Combinatorics.ContingencyTables.Dense.DenseBoundedRejection (7.1s)
✔ [9316/9405] Built OAI.Combinatorics.ContingencyTables.Dense.DenseBooleanTrial (6.6s)
✔ [9317/9406] Built OAI.Combinatorics.ContingencyTables.Transport.FinitePartialDraw (2.9s)
✔ [9318/9409] Built OAI.Combinatorics.ContingencyTables.Sampling.FirstPaperSuccessRatio (8.3s)
✔ [9319/9409] Built OAI.Combinatorics.MatchingCount.Graphs.Edge2 (9.4s)
✔ [9320/9409] Built OAI.Combinatorics.ContingencyTables.Transport.FiniteLawDecidableEq (1.9s)
✔ [9321/9409] Built OAI.Combinatorics.ContingencyTables.Dense.DenseBooleanDraw (7.8s)
✔ [9322/9413] Built OAI.Combinatorics.ContingencyTables.Sampling.SmallDefectLabels (6.0s)
✔ [9323/9413] Built OAI.Combinatorics.ContingencyTables.Transport.ListBitProposal (2.4s)
✔ [9324/9419] Built OAI.Combinatorics.ContingencyTables.Transport.SuccessfulJointBijection (7.8s)
✔ [9325/9419] Built OAI.Combinatorics.ContingencyTables.Sampling.SmallRepairCandidates (7.9s)
✔ [9326/9419] Built OAI.Combinatorics.MatchingCount.Sampling.AssignmentEquiv (8.2s)
✔ [9327/9419] Built OAI.Combinatorics.ContingencyTables.Dense.DenseMaximalReindex (6.9s)
✔ [9328/9419] Built OAI.Combinatorics.ContingencyTables.Sampling.FirstPaperProposal (6.7s)
✔ [9329/9463] Built OAI.Combinatorics.ContingencyTables.Sampling.FirstPaperSuccessEvent (8.2s)
✔ [9331/9471] Built OAI.Combinatorics.ContingencyTables.Sampling.FirstPaperBooleanProposal (8.0s)
✔ [9332/9471] Built OAI.Combinatorics.MatchingCount.Sampling.RankOrder (10s)
✔ [9333/9471] Built OAI.Analysis.KLS.Convexity.PrekopaLeindler (7.4s)
✔ [9334/9471] Built OAI.Combinatorics.ContingencyTables.Transport.ReferenceFiniteDraw (10s)
✔ [9335/9471] Built OAI.Combinatorics.ContingencyTables.Dense.FiniteBoxPrekopa (3.5s)
✔ [9336/9471] Built OAI.Combinatorics.MatchingCount.Machines.TableLookup (6.8s)
✔ [9337/9471] Built OAI.Combinatorics.ContingencyTables.Dense.CheegerCoarea (7.4s)
✔ [9338/9471] Built OAI.Combinatorics.ContingencyTables.Sampling.FirstPaperInitialization (6.1s)
✔ [9339/9471] Built OAI.Combinatorics.MatchingCount.Tapes.TreeBits (6.9s)
✔ [9340/9471] Built OAI.Combinatorics.ContingencyTables.Dense.CheegerMedian (7.1s)
✔ [9341/9471] Built OAI.Combinatorics.ContingencyTables.Dense.CheegerPositive (8.4s)
✔ [9342/9471] Built OAI.Combinatorics.ContingencyTables.Sampling.FirstPaperFeasibility (8.2s)
✔ [9343/9471] Built OAI.Combinatorics.MatchingCount.Arithmetic.TreeNumberOps (7.6s)
✔ [9344/9471] Built OAI.Combinatorics.ContingencyTables.Sampling.SmallResidualTotals (8.0s)
✔ [9345/9471] Built OAI.Combinatorics.ContingencyTables.Dense.FiniteCheegerProof (9.4s)
✔ [9346/9471] Built OAI.Combinatorics.MatchingCount.Arithmetic.TreeSubtract (7.1s)
✔ [9347/9471] Built OAI.Combinatorics.ContingencyTables.Sampling.FirstPaperLocalNeighbors (13s)
✔ [9348/9471] Built OAI.Combinatorics.MatchingCount.Machines.TreeTyped (6.3s)
✔ [9349/9471] Built OAI.Combinatorics.MatchingCount.Arithmetic.TreeCompare (6.0s)
✔ [9350/9471] Built OAI.Combinatorics.ContingencyTables.Sampling.FirstPaperLocalProposal (6.0s)
✔ [9351/9471] Built OAI.Combinatorics.MatchingCount.Machines.TreeChoice (6.2s)
✔ [9352/9471] Built OAI.Combinatorics.MatchingCount.Machines.TreeFold (6.9s)
✔ [9353/9471] Built OAI.Combinatorics.MatchingCount.Machines.TreePartialChoice (4.3s)
✔ [9354/9471] Built OAI.Combinatorics.MatchingCount.Machines.TreeList (4.8s)
✔ [9355/9471] Built OAI.Combinatorics.MatchingCount.Arithmetic.TreeNatDivision (6.3s)
✔ [9356/9471] Built OAI.Combinatorics.MatchingCount.Complexity.TreePolynomial (7.2s)
✔ [9357/9471] Built OAI.Combinatorics.MatchingCount.Machines.TreeRepeat (7.4s)
✔ [9358/9471] Built OAI.Combinatorics.MatchingCount.Complexity.TreePolynomialArithmetic (4.7s)
✔ [9359/9471] Built OAI.Combinatorics.MatchingCount.Machines.TreeNaturalComb (5.9s)
✔ [9360/9471] Built OAI.Combinatorics.MatchingCount.Machines.TreeListOps (6.0s)
✔ [9361/9471] Built OAI.Combinatorics.MatchingCount.Machines.TreePredicate (4.6s)
✔ [9362/9471] Built OAI.Combinatorics.MatchingCount.Complexity.TreePolynomialLists (7.5s)
✔ [9363/9471] Built OAI.Combinatorics.MatchingCount.Machines.TreeListMore (6.5s)
✔ [9364/9471] Built OAI.Combinatorics.MatchingCount.Arithmetic.TreeGCD (7.4s)
✔ [9365/9471] Built OAI.Combinatorics.MatchingCount.Sampling.TreeDPEntry (8.2s)
✔ [9366/9471] Built OAI.Combinatorics.MatchingCount.Complexity.TreePolynomialLoop (6.9s)
✔ [9367/9471] Built OAI.Combinatorics.MatchingCount.Complexity.TreePolynomialDivision (7.1s)
✔ [9368/9471] Built OAI.Combinatorics.ContingencyTables.Sampling.GreedyCellMachine (4.7s)
✔ [9369/9471] Built OAI.Combinatorics.MatchingCount.Arithmetic.TreeFraction (5.0s)
✔ [9370/9471] Built OAI.Combinatorics.MatchingCount.Sampling.TreeDPCounts (6.9s)
✔ [9371/9471] Built OAI.Combinatorics.ContingencyTables.Sampling.GreedyRowMachine (5.4s)
✔ [9372/9471] Built OAI.Combinatorics.MatchingCount.Complexity.TreePolynomialGCD (6.3s)
✔ [9373/9471] Built OAI.Combinatorics.MatchingCount.Sampling.TreeCategorical (7.2s)
✔ [9374/9471] Built OAI.Combinatorics.ContingencyTables.Sampling.GreedyTableMachine (6.1s)
✔ [9375/9471] Built OAI.Combinatorics.ContingencyTables.Sampling.GreedyRowComplexity (6.4s)
✔ [9376/9471] Built OAI.Combinatorics.MatchingCount.Complexity.TreePolynomialCollections (6.0s)
✔ [9377/9471] Built OAI.Combinatorics.ContingencyTables.Sampling.GreedyTableComplexity (5.3s)
✔ [9378/9471] Built OAI.Combinatorics.MatchingCount.Machines.TreeCanonical (4.7s)
✔ [9379/9471] Built OAI.Combinatorics.MatchingCount.Machines.TreeFinite (4.4s)
✔ [9380/9471] Built OAI.Combinatorics.MatchingCount.Machines.TreeFiniteCollections (4.8s)
✔ [9381/9471] Built OAI.Combinatorics.MatchingCount.Machines.TreeFiniteOps (6.0s)
✔ [9382/9471] Built OAI.Combinatorics.MatchingCount.Complexity.TreeCostMeasure (6.0s)
✔ [9383/9471] Built OAI.Combinatorics.MatchingCount.Machines.TreeFastLookup (6.9s)
✔ [9384/9471] Built OAI.Combinatorics.MatchingCount.Machines.TreeColex (6.9s)
✔ [9385/9471] Built OAI.Combinatorics.MatchingCount.Complexity.TreeNumericCosts (7.4s)
✔ [9386/9471] Built Math115.CompletionEncodingSize (8.4s)
✔ [9387/9471] Built OAI.Combinatorics.MatchingCount.Complexity.TreeCostTactic (6.3s)
✔ [9388/9471] Built OAI.Combinatorics.ContingencyTables.Sampling.ProfileExchangeProgram (6.5s)
✔ [9389/9471] Built OAI.Combinatorics.MatchingCount.Complexity.TreePolyTactic (6.3s)
✔ [9390/9471] Built OAI.Combinatorics.MatchingCount.Complexity.TreePolynomialSums (8.2s)
✔ [9391/9471] Built OAI.Combinatorics.ContingencyTables.Sampling.ProfileExchangeCandidates (7.3s)
✔ [9392/9471] Built Math115.CompletionPublicSize (8.3s)
✔ [9393/9471] Built OAI.Combinatorics.MatchingCount.Machines.TreeSum (8.9s)
✔ [9394/9471] Built OAI.Combinatorics.ContingencyTables.Sampling.ProfileRepairProgram (7.3s)
✔ [9395/9471] Built OAI.Combinatorics.MatchingCount.Complexity.TreePolynomialGrid (6.5s)
✔ [9396/9471] Built OAI.Combinatorics.ContingencyTables.Dense.DenseIntegerProgram (6.5s)
✔ [9397/9471] Built OAI.Combinatorics.MatchingCount.Machines.TreeIndex (6.9s)
✔ [9398/9471] Built OAI.Combinatorics.ContingencyTables.Sampling.ProfileInverseRepairProgram (7.3s)
✔ [9399/9471] Built OAI.Combinatorics.MatchingCount.Complexity.TreeFractionCosts (5.8s)
✔ [9400/9471] Built OAI.Combinatorics.ContingencyTables.Dense.DenseCompletionProgram (6.8s)
✔ [9401/9471] Built OAI.Combinatorics.ContingencyTables.Sampling.SmallCellIndexProgram (6.3s)
✔ [9402/9471] Built OAI.Combinatorics.MatchingCount.Complexity.TreeChoiceCosts (4.7s)
✔ [9403/9471] Built OAI.Combinatorics.ContingencyTables.Sampling.SmallCellCatalogProgram (6.2s)
✔ [9404/9471] Built OAI.Combinatorics.ContingencyTables.Machines.ListWordProgram (5.0s)
✔ [9405/9471] Built Math115.LatticeCompletionProgram (9.5s)
✔ [9406/9471] Built OAI.Combinatorics.ContingencyTables.Machines.BinaryExchangeProgram (8.1s)
✔ [9407/9471] Built OAI.Combinatorics.ContingencyTables.Sampling.SmallPatternProgram (8.6s)
✔ [9408/9471] Built OAI.Combinatorics.ContingencyTables.Sampling.SmallViewLookupProgram (6.0s)
✔ [9409/9471] Built OAI.Combinatorics.ContingencyTables.Dense.DenseAxisProgram (6.6s)
✔ [9410/9471] Built OAI.Combinatorics.ContingencyTables.Machines.FirstSuccessProgram (6.5s)
✔ [9411/9471] Built OAI.Combinatorics.ContingencyTables.Machines.ScaledWordProgram (6.1s)
✔ [9412/9471] Built OAI.Combinatorics.ContingencyTables.Machines.DyadicWordProgram (6.4s)
✔ [9413/9471] Built OAI.Combinatorics.ContingencyTables.Sampling.SmallBoundsProgram (6.2s)
✔ [9414/9471] Built OAI.Combinatorics.ContingencyTables.Sampling.SmallLineSumProgram (4.7s)
✔ [9415/9471] Built OAI.Combinatorics.ContingencyTables.Dense.DenseAxisSemantics (5.5s)
✔ [9416/9471] Built OAI.Combinatorics.ContingencyTables.Sampling.SmallComplementProgram (4.3s)
✔ [9417/9471] Built OAI.Combinatorics.ContingencyTables.Dense.DenseAxisWordProgram (4.3s)
✔ [9418/9471] Built OAI.Combinatorics.ContingencyTables.Sampling.SmallMarginTestProgram (4.5s)
✔ [9419/9471] Built OAI.Combinatorics.ContingencyTables.Sampling.SmallMarginSemantics (3.0s)
✔ [9420/9471] Built OAI.Combinatorics.ContingencyTables.Sampling.SmallProfileValidator (4.5s)
✔ [9421/9471] Built OAI.Combinatorics.ContingencyTables.Sampling.SmallProfileCode (4.1s)
✔ [9422/9471] Built OAI.Combinatorics.ContingencyTables.Sampling.SmallRepairGeometryProgram (4.4s)
✔ [9423/9471] Built OAI.Combinatorics.ContingencyTables.Sampling.SmallProfileFlatCode (4.4s)
✔ [9424/9471] Built OAI.Combinatorics.ContingencyTables.Sampling.ProfileCodeEquality (4.8s)
✔ [9425/9471] Built OAI.Combinatorics.ContingencyTables.Sampling.SmallRepairCodeProgram (5.9s)
✔ [9426/9471] Built OAI.Combinatorics.ContingencyTables.Sampling.SmallExchangeListProgram (5.0s)
✔ [9427/9471] Built OAI.Combinatorics.ContingencyTables.Sampling.SmallDefectCodeTest (4.0s)
✔ [9428/9471] Built OAI.Combinatorics.ContingencyTables.Sampling.SmallRepairListProgram (4.4s)
✔ [9429/9471] Built OAI.Combinatorics.ContingencyTables.Sampling.SmallInverseRepairList (4.2s)
✔ [9430/9471] Built OAI.Combinatorics.ContingencyTables.Sampling.FirstPaperCodeNeighbors (5.5s)
✔ [9431/9471] Built OAI.Combinatorics.ContingencyTables.Sampling.FirstPaperCodeProposal (8.7s)
✔ [9432/9471] Built OAI.Combinatorics.ContingencyTables.Sampling.FirstPaperComputedCatalog (4.7s)
✔ [9433/9471] Built OAI.Combinatorics.ContingencyTables.Sampling.FirstPaperPreparedProposal (4.3s)
✔ [9434/9471] Built OAI.Combinatorics.ContingencyTables.Dense.DenseExponentProgram (4.1s)
✔ [9435/9471] Built OAI.Combinatorics.ContingencyTables.Dense.DenseExponentListProgram (4.4s)
✔ [9436/9471] Built OAI.Combinatorics.ContingencyTables.Machines.MaximalListProgram (4.2s)
✔ [9437/9471] Built OAI.Combinatorics.ContingencyTables.Dense.DenseExponentListSemantics (4.2s)
✔ [9438/9471] Built OAI.Combinatorics.ContingencyTables.Dense.DenseScaleCellProgram (4.3s)
✔ [9439/9471] Built OAI.Combinatorics.ContingencyTables.Dense.DenseCompletionTest (4.4s)
✔ [9440/9471] Built OAI.Combinatorics.ContingencyTables.Dense.DenseScaleMatrixProgram (4.7s)
✔ [9441/9471] Built OAI.Combinatorics.ContingencyTables.Dense.DenseCompletedMatrixProgram (4.7s)
✔ [9442/9471] Built OAI.Combinatorics.ContingencyTables.Dense.DenseGridExponentProgram (4.2s)
✔ [9443/9471] Built OAI.Combinatorics.ContingencyTables.Dense.DenseOffsetProgram (4.9s)
✔ [9444/9471] Built OAI.Combinatorics.ContingencyTables.Dense.DenseMatrixLayoutProgram (4.5s)
✔ [9445/9471] Built OAI.Combinatorics.ContingencyTables.Dense.DenseOffsetSemantics (4.3s)
✔ [9446/9471] Built OAI.Combinatorics.ContingencyTables.Dense.DenseFlatExponentProgram (4.1s)
✔ [9447/9471] Built OAI.Combinatorics.ContingencyTables.Dense.DenseOffsetTrial (4.2s)
✔ [9448/9471] Built OAI.Combinatorics.ContingencyTables.Dense.DenseMetropolisProgram (9.3s)
✔ [9449/9471] Built OAI.Combinatorics.ContingencyTables.Dense.DenseWordProgram (4.1s)
✔ [9450/9471] Built OAI.Combinatorics.ContingencyTables.Machines.BooleanChunkProgram (4.7s)
✔ [9451/9471] Built OAI.Combinatorics.ContingencyTables.Dense.DenseMetropolisSemantics (6.1s)
✔ [9452/9471] Built OAI.Combinatorics.ContingencyTables.Dense.DenseStepGrowth (6.1s)
✔ [9453/9471] Built OAI.Combinatorics.ContingencyTables.Machines.DependentWordProgram (4.8s)
✔ [9454/9471] Built OAI.Combinatorics.ContingencyTables.Dense.DenseWalkProgram (5.7s)
✔ [9455/9471] Built OAI.Combinatorics.ContingencyTables.Dense.DenseOffsetWidths (4.6s)
✔ [9456/9471] Built OAI.Combinatorics.ContingencyTables.Dense.DenseWalkSemantics (4.1s)
✔ [9457/9471] Built OAI.Combinatorics.ContingencyTables.Dense.DenseBooleanWalkProgram (4.0s)
✔ [9458/9471] Built OAI.Combinatorics.ContingencyTables.Dense.DenseTrialProgram (4.7s)
✔ [9459/9471] Built OAI.Combinatorics.ContingencyTables.Dense.DenseTrialSemantics (4.4s)
✔ [9460/9471] Built OAI.Combinatorics.ContingencyTables.Dense.DenseDrawProgram (4.8s)
✔ [9461/9471] Built OAI.Combinatorics.ContingencyTables.Dense.DenseDrawSemantics (4.0s)
✔ [9462/9471] Built OAI.Combinatorics.ContingencyTables.Dense.DenseSwapProgram (4.4s)
✔ [9463/9471] Built OAI.Combinatorics.ContingencyTables.Dense.DenseNormalizeProgram (4.3s)
✔ [9464/9471] Built OAI.Combinatorics.ContingencyTables.Dense.DenseNormalizeSemantics (4.6s)
✔ [9465/9471] Built OAI.Combinatorics.ContingencyTables.Dense.DenseCanonicalProgram (4.1s)
✔ [9466/9471] Built OAI.Combinatorics.ContingencyTables.Dense.DenseCanonicalSemantics (4.2s)
⚠ [9467/9471] Built Math115.DenseLatticeCompletion (4.5s)
warning: Math115/DenseLatticeCompletion.lean:141:2: Try this: 
  letI̵

The goal is a proposition, so `let` is preferred over `letI`.
The difference between `let` and `letI` is that `letI` inlines the value.
But this is not relevant for proofs because of proof irrelevance.

Note: This linter can be disabled with `set_option linter.style.haveILetI false`
warning: Math115/DenseLatticeCompletion.lean:143:2: Try this: 
  letI̵

The goal is a proposition, so `let` is preferred over `letI`.
The difference between `let` and `letI` is that `letI` inlines the value.
But this is not relevant for proofs because of proof irrelevance.

Note: This linter can be disabled with `set_option linter.style.haveILetI false`
✔ [9468/9471] Built Math115.DenseLatticeCompletionProvedInputs (3.0s)
⚠ [9469/9471] Built Math115.PhysicalLatticeCompletion (6.5s)
warning: Math115/PhysicalLatticeCompletion.lean:109:0: automatically included section variable(s) unused in theorem `Math115.PhysicalLatticeCompletion.dimension_fourteen`:
  [LinearOrder I]
  [LinearOrder J]
consider restructuring your `variable` declarations so that the variables are not in scope or explicitly omit them:
  omit [LinearOrder I] [LinearOrder J] in theorem ...

Note: This linter can be disabled with `set_option linter.unusedSectionVars false`
warning: Math115/PhysicalLatticeCompletion.lean:174:2: Try this: 
  letI̵

The goal is a proposition, so `let` is preferred over `letI`.
The difference between `let` and `letI` is that `letI` inlines the value.
But this is not relevant for proofs because of proof irrelevance.

Note: This linter can be disabled with `set_option linter.style.haveILetI false`
✔ [9470/9471] Built Math115 (3.7s)
Build completed successfully (9471 jobs).
'OAI.ContingencyTables.IntegerWeightedTransport.leafEnergySum_le_graphEnergy' depends on axioms: [propext,
 Classical.choice,
 Quot.sound]
'OAI.ContingencyTables.IntegerWeightedTransport.integer_root_graph_transport' depends on axioms: [propext,
 Classical.choice,
 Quot.sound]
'OAI.ContingencyTables.IntegerWeightedTransport.weightedFuture_upper_quadratic' depends on axioms: [propext,
 Classical.choice,
 Quot.sound]
'OAI.ContingencyTables.IntegerWeightedTransport.weightedFuture_upper_quarter' depends on axioms: [propext,
 Classical.choice,
 Quot.sound]
'OAI.ContingencyTables.IntegerWeightedTransport.correctionKernel_upper_quarter' depends on axioms: [propext,
 Classical.choice,
 Quot.sound]
'OAI.ContingencyTables.IntegerWeightedTransport.recursive_root_potential_quarter' depends on axioms: [propext,
 Classical.choice,
 Quot.sound]
'OAI.ContingencyTables.IntegerWeightedTransport.integer_root_leaf_transport_quarter' depends on axioms: [propext,
 Classical.choice,
 Quot.sound]
'OAI.ContingencyTables.IntegerWeightedTransport.integer_root_graph_transport_quarter' depends on axioms: [propext,
 Classical.choice,
 Quot.sound]
'OAI.ContingencyTables.IntegerWeightedTransport.recursive_root_potential_widths' depends on axioms: [propext,
 Classical.choice,
 Quot.sound]
'OAI.ContingencyTables.IntegerWeightedTransport.integer_root_leaf_transport_widths' depends on axioms: [propext,
 Classical.choice,
 Quot.sound]
'Math115.GlobalDisplayOwnership.edge_owner_unique_upstream' depends on axioms: [propext, Quot.sound]
'Math115.SmallEntrySwitching.all_donor_incidence_bound' depends on axioms: [propext, Classical.choice, Quot.sound]
'Math115.SmallEntrySwitching.donor_capacity_sum_lower' depends on axioms: [propext, Classical.choice, Quot.sound]
'Math115.SmallEntrySwitching.donor_capacity_sum_lower_of_margins' depends on axioms: [propext,
 Classical.choice,
 Quot.sound]
'Math115.SmallEntrySwitching.all_donor_small_entry_count_refined' depends on axioms: [propext,
 Classical.choice,
 Quot.sound]
'Math115.SmallEntrySwitching.all_donor_small_entry_count' depends on axioms: [propext, Classical.choice, Quot.sound]
'Math115.SmallEntrySwitching.all_donor_small_entry_probability_refined' depends on axioms: [propext,
 Classical.choice,
 Quot.sound]
'Math115.SmallEntrySwitching.all_donor_small_entry_probability' depends on axioms: [propext,
 Classical.choice,
 Quot.sound]
'Math115.SmallEntryTail.shiftEquiv' depends on axioms: [propext, Classical.choice, Quot.sound]
'Math115.SmallEntryTail.shiftPositiveEquiv' depends on axioms: [propext, Classical.choice, Quot.sound]
'Math115.SmallEntryTail.survival_step' depends on axioms: [propext, Classical.choice, Quot.sound]
'Math115.SmallEntryTail.survival_step_real' depends on axioms: [propext, Classical.choice, Quot.sound]
'Math115.SmallEntryTail.small_card_add_survival' depends on axioms: [propext, Classical.choice, Quot.sound]
'Math115.SmallEntryTail.all_donor_small_entry_count_strong' depends on axioms: [propext, Classical.choice, Quot.sound]
'Math115.SmallEntryTail.all_donor_small_entry_probability_strong' depends on axioms: [propext,
 Classical.choice,
 Quot.sound]
'Math115.SmallEntryTail.all_donor_survival_product_count' depends on axioms: [propext, Classical.choice, Quot.sound]
'Math115.SmallEntryTail.all_donor_small_entry_probability_product' depends on axioms: [propext,
 Classical.choice,
 Quot.sound]
'Math115.SmallEntryTail.survival_sum_le_entry_sum' depends on axioms: [propext, Classical.choice, Quot.sound]
'Math115.SmallEntryTail.all_donor_entry_sum_lower' depends on axioms: [propext, Classical.choice, Quot.sound]
'Math115.SmallEntryTail.all_donor_entry_mean_lower' depends on axioms: [propext, Classical.choice, Quot.sound]
'Math115.SurvivalAlgebra.nat_lower_tail_linear_bound' depends on axioms: [propext, Classical.choice, Quot.sound]
'Math115.SurvivalAlgebra.nat_survival_product_bound' depends on axioms: [propext, Classical.choice, Quot.sound]
'Math115.SurvivalAlgebra.nat_mean_tail_sum_bound' depends on axioms: [propext, Classical.choice, Quot.sound]
'Math115.DenseScaleConditions.width_bounds' depends on axioms: [propext, Classical.choice, Quot.sound]
'Math115.proposed_dense_scales' depends on axioms: [propext, Classical.choice, Quot.sound]
'Math115.proposed_padding_scales' depends on axioms: [propext, Classical.choice, Quot.sound]
'Math115.sharper_enlarged_margin_padding_scales' depends on axioms: [propext, Classical.choice, Quot.sound]
'Math115.shape_aware_linear_tail_budget' depends on axioms: [propext, Classical.choice, Quot.sound]
'Math115.shape_aware_linear_unpadding_error_le_half' depends on axioms: [propext, Classical.choice, Quot.sound]
'Math115.PaddedMarginBridge.marked_incident_margins' depends on axioms: [propext, Classical.choice, Quot.sound]
'Math115.PaddedMarginBridge.large_padding_good_card' depends on axioms: [propext, Classical.choice, Quot.sound]
'Math115.PaddedMarginBridge.enlarged_bad_count' depends on axioms: [propext, Classical.choice, Quot.sound]
'Math115.PaddedMarginBridge.sharper_padded_count_le_twice_original' depends on axioms: [propext,
 Classical.choice,
 Quot.sound]
'Math115.PaddedMarginBridge.enlarged_bad_count_strong' depends on axioms: [propext, Classical.choice, Quot.sound]
'Math115.PaddedMarginBridge.shape_aware_padded_count_le_twice_original' depends on axioms: [propext,
 Classical.choice,
 Quot.sound]
'Math115.PhysicalLeafEnergy.leafEnergySum_eq_physicalLeafEnergy' depends on axioms: [propext,
 Classical.choice,
 Quot.sound]
'Math115.PhysicalLeafEnergy.physicalLeafEnergy_tendsto' depends on axioms: [propext, Classical.choice, Quot.sound]
'Math115.PhysicalLeafEnergy.leafEnergySum_truncate_eq' depends on axioms: [propext, Classical.choice, Quot.sound]
'Math115.PhysicalLeafEnergy.physicalLeafEdges_subset' depends on axioms: [propext, Classical.choice, Quot.sound]
'Math115.PhysicalLeafEnergy.physicalLeafEdges_owner_unique' depends on axioms: [propext, Classical.choice, Quot.sound]
'Math115.PhysicalLeafEnergy.owner_unique' depends on axioms: [propext, Classical.choice, Quot.sound]
'Math115.PhysicalLeafEnergy.ownerEdges_pairwiseDisjoint' depends on axioms: [propext, Classical.choice, Quot.sound]
'Math115.PhysicalLeafEnergy.sum_ownerEnergy_le_physicalEnergy' depends on axioms: [propext,
 Classical.choice,
 Quot.sound]
'Math115.PhysicalLeafEnergy.sum_ownerEnergy_hardMarginal_le' depends on axioms: [propext, Classical.choice, Quot.sound]
'Math115.PhysicalLeafEnergy.leafEnergySum_tendsto' depends on axioms: [propext, Classical.choice, Quot.sound]
'Math115.PhysicalLeafEnergy.integer_root_leaf_transport_quarter_limit' depends on axioms: [propext,
 Classical.choice,
 Quot.sound]
'Math115.PhysicalLeafEnergy.integer_box_root_leaf_transport_quarter_limit' depends on axioms: [propext,
 Classical.choice,
 Quot.sound]
'Math115.PhysicalLeafEnergy.context_box_leaf_transport_quarter' depends on axioms: [propext,
 Classical.choice,
 Quot.sound]
'Math115.PhysicalLeafEnergy.repaired_root_transport_quarter' depends on axioms: [propext, Classical.choice, Quot.sound]
'Math115.PhysicalLeafEnergy.adjacent_physical_leaf_transport_quarter' depends on axioms: [propext,
 Classical.choice,
 Quot.sound]
'Math115.PhysicalLeafEnergy.ownerContrast_le_ownerEnergy' depends on axioms: [propext, Classical.choice, Quot.sound]
'Math115.PhysicalLeafEnergy.sum_ownerContrast_le_physicalEnergy' depends on axioms: [propext,
 Classical.choice,
 Quot.sound]
'Math115.PathDistanceSum.sum_values_eq_triangle' depends on axioms: [propext, Classical.choice, Quot.sound]
'Math115.PathDistanceSum.sum_dist_eq_two_triangles' depends on axioms: [propext, Classical.choice, Quot.sound]
'Math115.PathDistanceSum.sum_dist_eq_triangle_sub' depends on axioms: [propext, Classical.choice, Quot.sound]
'Math115.PathDistanceSum.sum_dist_le_triangle' depends on axioms: [propext, Classical.choice, Quot.sound]
'Math115.PathVariance.pathEnergy_nonneg' depends on axioms: [propext, Classical.choice, Quot.sound]
'Math115.PathVariance.weighted_pair_path_bound' depends on axioms: [propext, Classical.choice, Quot.sound]
'Math115.PathVariance.centered_at_mode_term' depends on axioms: [propext, Classical.choice, Quot.sound]
'Math115.PathVariance.weighted_path_variance_mode' depends on axioms: [propext, Classical.choice, Quot.sound]
'Math115.PathVariance.weighted_path_variance_mode_sharp' depends on axioms: [propext, Classical.choice, Quot.sound]
'Math115.PathVariance.weighted_path_variance_bound' depends on axioms: [propext, Classical.choice, Quot.sound]
'Math115.PathVariance.weighted_path_variance_of_adjacent' depends on axioms: [propext, Classical.choice, Quot.sound]
'Math115.PathVariance.child_variance_path_bound' depends on axioms: [propext, Classical.choice, Quot.sound]
'Math115.PathVariance.child_variance_limit_path_bound' depends on axioms: [propext, Classical.choice, Quot.sound]
'Math115.PhysicalExposureVariance.variance_eq_sum_prefixContribution' depends on axioms: [propext,
 Classical.choice,
 Quot.sound]
'Math115.PhysicalExposureVariance.canonical_context_variance_le_contrasts' depends on axioms: [propext,
 Classical.choice,
 Quot.sound]
'Math115.PhysicalExposureVariance.canonical_eliminate_eq_word_fibre' depends on axioms: [propext,
 Classical.choice,
 Quot.sound]
'Math115.PhysicalExposureVariance.word_context_variance_le_ownerContrasts' depends on axioms: [propext,
 Classical.choice,
 Quot.sound]
'Math115.PhysicalExposureVariance.prefixContribution_le_ownerContrasts' depends on axioms: [propext,
 Classical.choice,
 Quot.sound]
'Math115.PhysicalExposureVariance.variance_le_sum_ownerContrasts' depends on axioms: [propext,
 Classical.choice,
 Quot.sound]
'Math115.PhysicalExposureVariance.physical_transversal_variance_localized' depends on axioms: [propext,
 Classical.choice,
 Quot.sound]
'Math115.PhysicalFullVariance.physical_full_variance_localized' depends on axioms: [propext,
 Classical.choice,
 Quot.sound]
'Math115.PhysicalFullVariance.physical_variance_localized' depends on axioms: [propext, Classical.choice, Quot.sound]
'Math115.PaddingGrowthAlgebra.envelope_eq' depends on axioms: [propext, Classical.choice, Quot.sound]
'Math115.PaddingGrowthAlgebra.envelope_step' depends on axioms: [propext, Classical.choice, Quot.sound]
'Math115.PaddingGrowthAlgebra.one_add_pow_le_envelope' depends on axioms: [propext, Classical.choice, Quot.sound]
'Math115.PaddingGrowthAlgebra.envelope_32_div_47' depends on axioms: [propext, Classical.choice, Quot.sound]
'Math115.PaddingGrowthAlgebra.envelope_le_10147_div_5123' depends on axioms: [propext, Classical.choice, Quot.sound]
'Math115.PaddingGrowthAlgebra.one_add_pow_le_10147_div_5123' depends on axioms: [propext, Classical.choice, Quot.sound]
'Math115.PaddingGrowthAlgebra.one_add_pow_lt_two' depends on axioms: [propext, Classical.choice, Quot.sound]
'Math115.PaddingGrowthAlgebra.count_le_twice_of_growth' depends on axioms: [propext, Classical.choice, Quot.sound]
'Math115.PaddingGrowth.one_unit_count_growth' depends on axioms: [propext, Classical.choice, Quot.sound]
'Math115.PaddingGrowth.one_cell_count_growth' depends on axioms: [propext, Classical.choice, Quot.sound]
'Math115.PaddingGrowth.largePadding_insert' depends on axioms: [propext, Classical.choice, Quot.sound]
'Math115.PaddingGrowth.paddedRows_insert' depends on axioms: [propext, Classical.choice, Quot.sound]
'Math115.PaddingGrowth.paddedColumns_insert' depends on axioms: [propext, Classical.choice, Quot.sound]
'Math115.PaddingGrowth.large_padding_count_growth' depends on axioms: [propext, Classical.choice, Quot.sound]
'Math115.PaddingGrowth.large_padding_count_eq_of_zero_donors' depends on axioms: [propext, Classical.choice, Quot.sound]
'Math115.PaddingGrowth.sequential_scale_budget' depends on axioms: [propext]
'Math115.PaddingGrowth.sequential_padded_count_le_twice_original' depends on axioms: [propext,
 Classical.choice,
 Quot.sound]
'Math115.PaddingGrowth.sequential_shape_scale_budget' depends on axioms: [propext, Quot.sound]
'Math115.PaddingGrowth.sequential_shape_padded_count_le_twice_original' depends on axioms: [propext,
 Classical.choice,
 Quot.sound]
'Math115.CompletionAdjustment.elementary_star_bounds' depends on axioms: [propext, Classical.choice, Quot.sound]
'Math115.CompletionAdjustment.elementary_star_reverse_bounds' depends on axioms: [propext, Classical.choice, Quot.sound]
'Math115.CompletionAdjustment.exchange_selected_sum_abs_le_one' depends on axioms: [propext,
 Classical.choice,
 Quot.sound]
'Math115.CompletionAdjustment.exchange_residual_margins_one' depends on axioms: [propext, Classical.choice, Quot.sound]
'Math115.CompletionAdjustment.exchange_reference_adjustment_bounds' depends on axioms: [propext,
 Classical.choice,
 Quot.sound]
'Math115.CompletionAdjustment.repair_residual_formula' depends on axioms: [propext, Classical.choice, Quot.sound]
'Math115.CompletionAdjustment.repair_reference_adjustment_bounds' depends on axioms: [propext,
 Classical.choice,
 Quot.sound]
'Math115.CompletionAdjustment.row_major_repair_conditional' depends on axioms: [propext, Quot.sound]
'Math115.CompletionAdjustment.repaired_profile_prefix' depends on axioms: [propext, Classical.choice, Quot.sound]
'Math115.CompletionAdjustment.translation_rejection_iff' depends on axioms: [propext, Classical.choice, Quot.sound]
'Math115.CompletionAdjustment.singleton_translation_nonnegative' depends on axioms: [propext,
 Classical.choice,
 Quot.sound]
'Math115.CompletionAdjustment.empty_rectangle_card_one' depends on axioms: [propext, Classical.choice, Quot.sound]
'Math115.CompletionAdjustment.physical_empty_completion_weight' depends on axioms: [propext,
 Classical.choice,
 Quot.sound]
'Math115.CompletionAdjustment.repair_reference_elementary' depends on axioms: [propext, Classical.choice, Quot.sound]
'Math115.CompletionAdjustment.repair_reverse_reference_adjustment_bounds' depends on axioms: [propext,
 Classical.choice,
 Quot.sound]
'Math115.ReferenceEdgeAcceptance.zero_entry_count' depends on axioms: [propext, Classical.choice, Quot.sound]
'Math115.ReferenceEdgeAcceptance.rejected_card_eq_zero_union' depends on axioms: [propext, Classical.choice, Quot.sound]
'Math115.ReferenceEdgeAcceptance.rejected_count' depends on axioms: [propext, Classical.choice, Quot.sound]
'Math115.ReferenceEdgeAcceptance.rejected_count_le_two' depends on axioms: [propext, Classical.choice, Quot.sound]
'Math115.ReferenceEdgeAcceptance.rejected_add_accepted' depends on axioms: [propext, Classical.choice, Quot.sound]
'Math115.ReferenceEdgeAcceptance.rejection_probability_le' depends on axioms: [propext, Classical.choice, Quot.sound]
'Math115.ReferenceEdgeAcceptance.accepted_half_count' depends on axioms: [propext, Classical.choice, Quot.sound]
'Math115.ReferenceEdgeAcceptance.betweenAcceptedEquiv' depends on axioms: [propext, Classical.choice, Quot.sound]
'Math115.ReferenceEdgeAcceptance.singleton_between_accepted_card' depends on axioms: [propext,
 Classical.choice,
 Quot.sound]
'Math115.ReferenceEdgeAcceptance.between_accepted_half_count' depends on axioms: [propext, Classical.choice, Quot.sound]
'Math115.ReferenceEdgeAcceptance.designated_repair_adjustment_bounds' depends on axioms: [propext,
 Classical.choice,
 Quot.sound]
'Math115.ReferenceEdgeAcceptance.physical_reference_adjustment_bounds' depends on axioms: [propext,
 Classical.choice,
 Quot.sound]
'Math115.ReferenceEdgeAcceptance.reference_edge_acceptance_reduced' depends on axioms: [propext,
 Classical.choice,
 Quot.sound]
'Math115.SmallChainGap.fullConstant_le_polynomial' depends on axioms: [propext, Classical.choice, Quot.sound]
'Math115.SmallChainGap.smallProposal_localized_budget' depends on axioms: [propext, Classical.choice, Quot.sound]
'Math115.SmallChainGap.chain_poincare_localized' depends on axioms: [propext, Classical.choice, Quot.sound]
'Math115.SmallChainGap.paper_state_variance_localized' depends on axioms: [propext, Classical.choice, Quot.sound]
'Math115.SmallChainGap.paperSmallChain_poincare_exact' depends on axioms: [propext, Classical.choice, Quot.sound]
'Math115.SmallChainGap.paperSmallChain_poincare_d85' depends on axioms: [propext, Classical.choice, Quot.sound]
'Math115.SmallChainGap.unitSmallChain_poincare_exact' depends on axioms: [propext, Classical.choice, Quot.sound]
'Math115.SmallChainGap.unitSmallChain_poincare_d85' depends on axioms: [propext, Classical.choice, Quot.sound]
'Math115.ReducedSmallChain.chain' depends on axioms: [propext, Classical.choice, Quot.sound]
'Math115.ReducedSmallChain.chain_pi' depends on axioms: [propext, Classical.choice, Quot.sound]
'Math115.ReducedSmallChain.state_variance_localized' depends on axioms: [propext, Classical.choice, Quot.sound]
'Math115.ReducedSmallChain.nonreference_product_le_allowance' depends on axioms: [propext, Classical.choice, Quot.sound]
'Math115.ReducedSmallChain.chain_energy_lower' depends on axioms: [propext, Classical.choice, Quot.sound]
'Math115.ReducedSmallChain.chain_poincare_exact' depends on axioms: [propext, Classical.choice, Quot.sound]
'Math115.ReducedSmallChain.chain_poincare_polynomial' depends on axioms: [propext, Classical.choice, Quot.sound]
'Math115.ReducedSmallChain.reducedChain' depends on axioms: [propext, Classical.choice, Quot.sound]
'Math115.ReducedSmallChain.reducedChain_poincare_d25' depends on axioms: [propext, Classical.choice, Quot.sound]
'Math115.ReducedAllSmallChain.unitChain' depends on axioms: [propext, Classical.choice, Quot.sound]
'Math115.ReducedAllSmallChain.weight_eq_one' depends on axioms: [propext, Classical.choice, Quot.sound]
'Math115.ReducedAllSmallChain.unitChain_pi' depends on axioms: [propext, Classical.choice, Quot.sound]
'Math115.ReducedAllSmallChain.unitChain_pi_weight' depends on axioms: [propext, Classical.choice, Quot.sound]
'Math115.ReducedAllSmallChain.graphEnergy_empty' depends on axioms: [propext, Classical.choice, Quot.sound]
'Math115.ReducedAllSmallChain.unitChain_energy' depends on axioms: [propext, Classical.choice, Quot.sound]
'Math115.ReducedAllSmallChain.unitChain_poincare_exact' depends on axioms: [propext, Classical.choice, Quot.sound]
'Math115.ReducedAllSmallChain.unitChain_poincare_polynomial' depends on axioms: [propext, Classical.choice, Quot.sound]
'Math115.ReducedAllSmallChain.missing_reference_empty' depends on axioms: [propext, Classical.choice, Quot.sound]
'Math115.ReducedAllSmallChain.selectedChain' depends on axioms: [propext, Classical.choice, Quot.sound]
'Math115.ReducedAllSmallChain.selectedChain_pi' depends on axioms: [propext, Classical.choice, Quot.sound]
'Math115.ReducedAllSmallChain.selectedChain_poincare_exact' depends on axioms: [propext, Classical.choice, Quot.sound]
'Math115.ReducedAllSmallChain.selectedChain_poincare_polynomial' depends on axioms: [propext,
 Classical.choice,
 Quot.sound]
'Math115.ReducedAllSmallChain.reducedUnitChain' depends on axioms: [propext, Classical.choice, Quot.sound]
'Math115.ReducedAllSmallChain.reducedUnitChain_poincare_d25' depends on axioms: [propext, Classical.choice, Quot.sound]
'Math115.ReducedAllSmallChain.reducedSelectedChain' depends on axioms: [propext, Classical.choice, Quot.sound]
'Math115.ReducedAllSmallChain.reducedSelectedChain_poincare_d25' depends on axioms: [propext,
 Classical.choice,
 Quot.sound]
'Math115.RepairVarianceRefinement.square_repair_young' depends on axioms: [propext, Classical.choice, Quot.sound]
'Math115.RepairVarianceRefinement.repair_sqrt_coefficient_nonnegative' depends on axioms: [propext,
 Classical.choice,
 Quot.sound]
'Math115.RepairVarianceRefinement.repair_sqrt_coefficient_le_source' depends on axioms: [propext,
 Classical.choice,
 Quot.sound]
'Math115.RepairVarianceRefinement.repair_sqrt_coefficient_le_triangle' depends on axioms: [propext,
 Classical.choice,
 Quot.sound]
'Math115.RepairVarianceRefinement.variance_sum_repair_young' depends on axioms: [propext, Classical.choice, Quot.sound]
'Math115.RepairVarianceRefinement.variance_sum_repair_sqrt' depends on axioms: [propext, Classical.choice, Quot.sound]
'Math115.RepairVarianceRefinement.variance_repaired_energy_sqrt' depends on axioms: [propext,
 Classical.choice,
 Quot.sound]
'Math115.PhysicalStateNonempty.paddedTable' depends on axioms: [propext, Classical.choice, Quot.sound]
'Math115.PhysicalStateNonempty.small_entry_le' depends on axioms: [propext, Classical.choice, Quot.sound]
'Math115.PhysicalStateNonempty.states_nonempty_of_table' depends on axioms: [propext, Classical.choice, Quot.sound]
'Math115.PhysicalStateNonempty.states_nonempty' depends on axioms: [propext, Classical.choice, Quot.sound]
'Math115.PhysicalStateNonempty.feasibleReducedChain' depends on axioms: [propext, Classical.choice, Quot.sound]
'Math115.PhysicalStateNonempty.feasibleReducedChain_pi' depends on axioms: [propext, Classical.choice, Quot.sound]
'Math115.PhysicalStateNonempty.feasibleReducedChain_poincare_d25' depends on axioms: [propext,
 Classical.choice,
 Quot.sound]
'Math115.IdealOracleScales.idealL' does not depend on any axioms
'Math115.IdealOracleScales.idealU' depends on axioms: [propext]
'Math115.IdealOracleScales.threshold_at_least_two' depends on axioms: [propext, Quot.sound]
'Math115.IdealOracleScales.padding_at_least_three_dimension' does not depend on any axioms
'Math115.IdealOracleScales.threshold_at_least_twice_padding' depends on axioms: [propext, Classical.choice, Quot.sound]
'Math115.IdealOracleScales.sequential_scale_budget' depends on axioms: [propext, Quot.sound]
'Math115.IdealOracleScales.padded_count_le_twice_original' depends on axioms: [propext, Classical.choice, Quot.sound]
'Math115.IdealOracleScales.padded_count_le_twice_successful' depends on axioms: [propext, Classical.choice, Quot.sound]
'Math115.IdealOracleScales.dense_padding_lower_bound' depends on axioms: [propext]
'Math115.IdealOracleScales.incompatible_dense_scales' depends on axioms: [propext, Quot.sound]
'Math115.IdealOracleScales.dimension_at_least_eleven' depends on axioms: [propext, Classical.choice, Quot.sound]
'Math115.IdealOracleScales.cutoff' depends on axioms: [propext, Classical.choice, Quot.sound]
'Math115.IdealOracleScales.padding' depends on axioms: [propext, Classical.choice, Quot.sound]
'Math115.IdealOracleScales.IdealStates' depends on axioms: [propext, Classical.choice, Quot.sound]
'Math115.IdealOracleScales.idealLarge' depends on axioms: [propext, Classical.choice, Quot.sound]
'Math115.IdealOracleScales.ideal_large_padded_count_le_twice_original' depends on axioms: [propext,
 Classical.choice,
 Quot.sound]
'Math115.IdealOracleScales.referenceChain' depends on axioms: [propext, Classical.choice, Quot.sound]
'Math115.IdealOracleScales.referenceChain_poincare_d17' depends on axioms: [propext, Classical.choice, Quot.sound]
'Math115.IdealOracleScales.selectedChain' depends on axioms: [propext, Classical.choice, Quot.sound]
'Math115.IdealOracleScales.selectedChain_poincare_d17' depends on axioms: [propext, Classical.choice, Quot.sound]
'Math115.IdealOracleScales.feasibleChain' depends on axioms: [propext, Classical.choice, Quot.sound]
'Math115.IdealOracleScales.feasibleChain_poincare_d17' depends on axioms: [propext, Classical.choice, Quot.sound]
'Math115.PhysicalRepairRefinement.refinedConstant' depends on axioms: [propext, Classical.choice, Quot.sound]
'Math115.PhysicalRepairRefinement.refinedConstant_nonnegative' depends on axioms: [propext,
 Classical.choice,
 Quot.sound]
'Math115.PhysicalRepairRefinement.refinedConstant_le_fullConstant' depends on axioms: [propext,
 Classical.choice,
 Quot.sound]
'Math115.PhysicalRepairRefinement.sqrt_coefficient_le_young' depends on axioms: [propext, Classical.choice, Quot.sound]
'Math115.PhysicalRepairRefinement.refinedConstant_le_polynomial' depends on axioms: [propext,
 Classical.choice,
 Quot.sound]
'Math115.PhysicalRepairRefinement.refinedProposal_budget' depends on axioms: [propext, Classical.choice, Quot.sound]
'Math115.PhysicalRepairRefinement.refinedReferenceProposal_budget' depends on axioms: [propext,
 Classical.choice,
 Quot.sound]
'Math115.PhysicalRepairRefinement.physical_full_variance_refined' depends on axioms: [propext,
 Classical.choice,
 Quot.sound]
'Math115.PhysicalRepairRefinement.physical_variance_refined' depends on axioms: [propext, Classical.choice, Quot.sound]
'Math115.PhysicalRepairRefinement.state_variance_refined' depends on axioms: [propext, Classical.choice, Quot.sound]
'Math115.PhysicalRepairRefinement.chain_poincare_exact_refined' depends on axioms: [propext,
 Classical.choice,
 Quot.sound]
'Math115.PhysicalRepairRefinement.unitChain_poincare_exact_refined' depends on axioms: [propext,
 Classical.choice,
 Quot.sound]
'Math115.PhysicalRepairRefinement.selectedChain_poincare_exact_refined' depends on axioms: [propext,
 Classical.choice,
 Quot.sound]
'Math115.PhysicalRepairRefinement.dimension_at_least_eleven' depends on axioms: [propext, Classical.choice, Quot.sound]
'Math115.PhysicalRepairRefinement.chain_poincare_polynomial_refined' depends on axioms: [propext,
 Classical.choice,
 Quot.sound]
'Math115.PhysicalRepairRefinement.unitChain_poincare_polynomial_refined' depends on axioms: [propext,
 Classical.choice,
 Quot.sound]
'Math115.PhysicalRepairRefinement.selectedChain_poincare_polynomial_refined' depends on axioms: [propext,
 Classical.choice,
 Quot.sound]
'Math115.IdealRepairRefinement.referenceChain_poincare_d17_refined' depends on axioms: [propext,
 Classical.choice,
 Quot.sound]
'Math115.IdealRepairRefinement.selectedChain_poincare_d17_refined' depends on axioms: [propext,
 Classical.choice,
 Quot.sound]
'Math115.IdealRepairRefinement.feasibleChain_poincare_d17_refined' depends on axioms: [propext,
 Classical.choice,
 Quot.sound]
'Math115.IdealRepairRefinement.unitChain_poincare_d17_refined' depends on axioms: [propext,
 Classical.choice,
 Quot.sound]
'Math115.ReducedRepairRefinement.reducedChain_poincare_d25_refined' depends on axioms: [propext,
 Classical.choice,
 Quot.sound]
'Math115.ReducedRepairRefinement.reducedUnitChain_poincare_d25_refined' depends on axioms: [propext,
 Classical.choice,
 Quot.sound]
'Math115.ReducedRepairRefinement.reducedSelectedChain_poincare_d25_refined' depends on axioms: [propext,
 Classical.choice,
 Quot.sound]
'Math115.ReducedRepairRefinement.feasibleReducedChain_poincare_d25_refined' depends on axioms: [propext,
 Classical.choice,
 Quot.sound]
'Math115.PhysicalStationaryMass.physical_mass_eq_profiles' depends on axioms: [propext, Classical.choice, Quot.sound]
'Math115.PhysicalStationaryMass.physical_mass_eq_words_defects' depends on axioms: [propext,
 Classical.choice,
 Quot.sound]
'Math115.PhysicalStationaryMass.defect_mass_le_words' depends on axioms: [propext, Classical.choice, Quot.sound]
'Math115.PhysicalStationaryMass.normalizer' depends on axioms: [propext, Classical.choice, Quot.sound]
'Math115.PhysicalStationaryMass.normalizer_le_padded_count' depends on axioms: [propext, Classical.choice, Quot.sound]
'Math115.PhysicalStationaryMass.normalizer_le_original_count' depends on axioms: [propext, Classical.choice, Quot.sound]
'Math115.PhysicalStationaryMass.normalizer_positive' depends on axioms: [propext, Classical.choice, Quot.sound]
'Math115.PhysicalStationaryMass.success_ratio_lower' depends on axioms: [propext, Classical.choice, Quot.sound]
'Math115.PhysicalStationarySuccess.paddedTable_small_rows' depends on axioms: [propext, Classical.choice, Quot.sound]
'Math115.PhysicalStationarySuccess.paddedTable_small_columns' depends on axioms: [propext, Classical.choice, Quot.sound]
'Math115.PhysicalStationarySuccess.originalJoint' depends on axioms: [propext, Classical.choice, Quot.sound]
'Math115.PhysicalStationarySuccess.originalJoint_projection' depends on axioms: [propext, Classical.choice, Quot.sound]
'Math115.PhysicalStationarySuccess.large_padding_rows' depends on axioms: [propext, Classical.choice, Quot.sound]
'Math115.PhysicalStationarySuccess.large_padding_columns' depends on axioms: [propext, Classical.choice, Quot.sound]
'Math115.PhysicalStationarySuccess.large' depends on axioms: [propext, Classical.choice, Quot.sound]
'Math115.PhysicalStationarySuccess.jointTable' depends on axioms: [propext, Classical.choice, Quot.sound]
'Math115.PhysicalStationarySuccess.originalSuccessfulJoint' depends on axioms: [propext, Classical.choice, Quot.sound]
'Math115.PhysicalStationarySuccess.unpadSuccessfulJoint' depends on axioms: [propext, Classical.choice, Quot.sound]
'Math115.PhysicalStationarySuccess.unpadSuccessfulJoint_val' depends on axioms: [propext, Classical.choice, Quot.sound]
'Math115.PhysicalStationarySuccess.successfulJointEquiv' depends on axioms: [propext, Classical.choice, Quot.sound]
'Math115.PhysicalStationarySuccess.stateJointProjection' depends on axioms: [propext, Classical.choice, Quot.sound]
'Math115.PhysicalStationarySuccess.stateJointProjection_injective' depends on axioms: [propext,
 Classical.choice,
 Quot.sound]
'Math115.PhysicalStationarySuccess.jointState' depends on axioms: [propext, Classical.choice, Quot.sound]
'Math115.PhysicalStationarySuccess.jointEmbedding' depends on axioms: [propext, Classical.choice, Quot.sound]
'Math115.PhysicalStationarySuccess.jointEmbedding_injective' depends on axioms: [propext, Classical.choice, Quot.sound]
'Math115.PhysicalStationarySuccess.jointEmbedding_balanced' depends on axioms: [propext, Classical.choice, Quot.sound]
'Math115.PhysicalStationarySuccess.balancedJointFromState' depends on axioms: [propext, Classical.choice, Quot.sound]
'Math115.PhysicalStationarySuccess.balancedJointFromState_projection' depends on axioms: [propext,
 Classical.choice,
 Quot.sound]
'Math115.PhysicalStationarySuccess.embedding_fromState' depends on axioms: [propext, Classical.choice, Quot.sound]
'Math115.PhysicalStationarySuccess.fromState_embedding' depends on axioms: [propext, Classical.choice, Quot.sound]
'Math115.PhysicalStationarySuccess.StateJointSuccess' depends on axioms: [propext, Classical.choice, Quot.sound]
'Math115.PhysicalStationarySuccess.successStateEquiv' depends on axioms: [propext, Classical.choice, Quot.sound]
'Math115.PhysicalStationarySuccess.originalStateSuccessEquiv' depends on axioms: [propext, Classical.choice, Quot.sound]
'Math115.PhysicalStationaryLaw.fibre_card_weight' depends on axioms: [propext, Classical.choice, Quot.sound]
'Math115.PhysicalStationaryLaw.fibreNonempty' depends on axioms: [propext, Classical.choice, Quot.sound]
'Math115.PhysicalStationaryLaw.stateJoint_card' depends on axioms: [propext, Classical.choice, Quot.sound]
'Math115.PhysicalStationaryLaw.stationaryRat' depends on axioms: [propext, Classical.choice, Quot.sound]
'Math115.PhysicalStationaryLaw.stationaryRat_cast' depends on axioms: [propext, Classical.choice, Quot.sound]
'Math115.PhysicalStationaryLaw.stationaryLaw' depends on axioms: [propext, Classical.choice, Quot.sound]
'Math115.PhysicalStationaryLaw.jointLaw' depends on axioms: [propext, Classical.choice, Quot.sound]
'Math115.PhysicalStationaryLaw.jointLaw_uniform' depends on axioms: [propext, Classical.choice, Quot.sound]
'Math115.PhysicalStationaryLaw.stationary_trial_mass' depends on axioms: [propext, Classical.choice, Quot.sound]
'Math115.PhysicalStationaryLaw.stationary_trial_mass_real' depends on axioms: [propext, Classical.choice, Quot.sound]
'Math115.PhysicalStationaryLaw.stationary_failure_mass' depends on axioms: [propext, Classical.choice, Quot.sound]
'Math115.PhysicalStationaryLaw.stationary_success_probability' depends on axioms: [propext,
 Classical.choice,
 Quot.sound]
'Math115.PhysicalStationaryLaw.stationary_success_lower' depends on axioms: [propext, Classical.choice, Quot.sound]
'Math115.PhysicalStationaryLaw.stationary_success_probability_lower' depends on axioms: [propext,
 Classical.choice,
 Quot.sound]
'Math115.PhysicalStationaryLaw.stationary_retry_mass' depends on axioms: [propext, Classical.choice, Quot.sound]
'Math115.PhysicalStationaryLaw.stationary_retry_variation' depends on axioms: [propext, Classical.choice, Quot.sound]
'Math115.PhysicalStationaryLaw.ideal_padded_count' depends on axioms: [propext, Classical.choice, Quot.sound]
'Math115.PhysicalStationaryLaw.ideal_stationary_success_lower' depends on axioms: [propext,
 Classical.choice,
 Quot.sound]
'Math115.PhysicalStationaryLaw.ideal_stationary_success_probability_lower' depends on axioms: [propext,
 Classical.choice,
 Quot.sound]
'Math115.PhysicalStationaryLaw.ideal_stationary_retry_variation' depends on axioms: [propext,
 Classical.choice,
 Quot.sound]
'Math115.PhysicalRationalKernel.proposalRat' depends on axioms: [propext, Classical.choice, Quot.sound]
'Math115.PhysicalRationalKernel.proposalRat_cast' depends on axioms: [propext, Classical.choice, Quot.sound]
'Math115.PhysicalRationalKernel.lawOfCast' depends on axioms: [propext, Classical.choice, Quot.sound]
'Math115.PhysicalRationalKernel.referenceMoveRat' depends on axioms: [propext, Classical.choice, Quot.sound]
'Math115.PhysicalRationalKernel.referenceTransitionRat' depends on axioms: [propext, Classical.choice, Quot.sound]
'Math115.PhysicalRationalKernel.referenceMoveRat_cast' depends on axioms: [propext, Classical.choice, Quot.sound]
'Math115.PhysicalRationalKernel.referenceTransitionRat_cast' depends on axioms: [propext, Classical.choice, Quot.sound]
'Math115.PhysicalRationalKernel.referenceTransitionLaw' depends on axioms: [propext, Classical.choice, Quot.sound]
'Math115.PhysicalRationalKernel.unitMoveRat' depends on axioms: [propext, Classical.choice, Quot.sound]
'Math115.PhysicalRationalKernel.unitTransitionRat' depends on axioms: [propext, Classical.choice, Quot.sound]
'Math115.PhysicalRationalKernel.unitMoveRat_cast' depends on axioms: [propext, Classical.choice, Quot.sound]
'Math115.PhysicalRationalKernel.unitTransitionRat_cast' depends on axioms: [propext, Classical.choice, Quot.sound]
'Math115.PhysicalRationalKernel.unitTransitionLaw' depends on axioms: [propext, Classical.choice, Quot.sound]
'Math115.PhysicalRationalKernel.selectedTransitionLaw' depends on axioms: [propext, Classical.choice, Quot.sound]
'Math115.PhysicalRationalKernel.selectedTransitionLaw_cast' depends on axioms: [propext, Classical.choice, Quot.sound]
'Math115.PhysicalRationalKernel.selectedWalkLaw' depends on axioms: [propext, Classical.choice, Quot.sound]
'Math115.PhysicalRationalKernel.selectedWalkLaw_cast' depends on axioms: [propext, Classical.choice, Quot.sound]
'Math115.PhysicalFiniteWalk.capacityBound' depends on axioms: [propext, Classical.choice, Quot.sound]
'Math115.PhysicalFiniteWalk.massAllowance' depends on axioms: [propext, Classical.choice, Quot.sound]
'Math115.PhysicalFiniteWalk.massAllowance_positive' depends on axioms: [propext, Classical.choice, Quot.sound]
'Math115.PhysicalFiniteWalk.capacity_le_bound' depends on axioms: [propext, Classical.choice, Quot.sound]
'Math115.PhysicalFiniteWalk.weight_at_least_one' depends on axioms: [propext, Classical.choice, Quot.sound]
'Math115.PhysicalFiniteWalk.total_mass_le' depends on axioms: [propext, Classical.choice, Quot.sound]
'Math115.PhysicalFiniteWalk.selectedChain_pi_lower' depends on axioms: [propext, Classical.choice, Quot.sound]
'Math115.PhysicalFiniteWalk.selectedWalkLaw_variation' depends on axioms: [propext, Classical.choice, Quot.sound]
'Math115.PhysicalFiniteWalk.walkJointLaw' depends on axioms: [propext, Classical.choice, Quot.sound]
'Math115.PhysicalFiniteWalk.walkJointLaw_variation_le' depends on axioms: [propext, Classical.choice, Quot.sound]
'Math115.PhysicalFiniteWalk.walkJointLaw_variation' depends on axioms: [propext, Classical.choice, Quot.sound]
'Math115.PhysicalFiniteWalk.outerLaw' depends on axioms: [propext, Classical.choice, Quot.sound]
'Math115.PhysicalFiniteWalk.outerLaw_variation' depends on axioms: [propext, Classical.choice, Quot.sound]
'Math115.PhysicalFiniteWalk.initialState' depends on axioms: [propext, Classical.choice, Quot.sound]
'Math115.PhysicalFiniteWalk.idealGapAllowance' depends on axioms: [propext, Classical.choice, Quot.sound]
'Math115.PhysicalFiniteWalk.idealGapAllowance_at_least_one' depends on axioms: [propext, Classical.choice, Quot.sound]
'Math115.PhysicalFiniteWalk.successAllowance' depends on axioms: [propext, Classical.choice, Quot.sound]
'Math115.PhysicalFiniteWalk.successAllowance_positive' depends on axioms: [propext, Classical.choice, Quot.sound]
'Math115.PhysicalFiniteWalk.idealOuterLaw' depends on axioms: [propext, Classical.choice, Quot.sound]
'Math115.PhysicalFiniteWalk.idealOuterLaw_variation' depends on axioms: [propext, Classical.choice, Quot.sound]
'Math115.PhysicalFiniteWalk.exp_neg_steps_le_inverse' depends on axioms: [propext, Classical.choice, Quot.sound]
'Math115.PhysicalFiniteWalk.idealOuterLaw_variation_of_log_schedule' depends on axioms: [propext,
 Classical.choice,
 Quot.sound]
'Math115.PhysicalCompletionOracle.mapLaw_constant' depends on axioms: [propext, Classical.choice, Quot.sound]
'Math115.PhysicalCompletionOracle.completionStep_variation_thinned' depends on axioms: [propext,
 Classical.choice,
 Quot.sound]
'Math115.PhysicalCompletionOracle.equivLaw_uniform' depends on axioms: [propext, Classical.choice, Quot.sound]
'Math115.PhysicalCompletionOracle.proposalRat_nonnegative' depends on axioms: [propext, Classical.choice, Quot.sound]
'Math115.PhysicalCompletionOracle.proposalAllowance' depends on axioms: [propext, Classical.choice, Quot.sound]
'Math115.PhysicalCompletionOracle.proposalAllowance_nonnegative' depends on axioms: [propext,
 Classical.choice,
 Quot.sound]
'Math115.PhysicalCompletionOracle.proposalAllowance_le_half' depends on axioms: [propext, Classical.choice, Quot.sound]
'Math115.PhysicalCompletionOracle.degree' depends on axioms: [propext, Classical.choice, Quot.sound]
'Math115.PhysicalCompletionOracle.degree_le' depends on axioms: [propext, Classical.choice, Quot.sound]
'Math115.PhysicalCompletionOracle.proposalWeight_nonnegative' depends on axioms: [propext, Classical.choice, Quot.sound]
'Math115.PhysicalCompletionOracle.proposalWeight_total' depends on axioms: [propext, Classical.choice, Quot.sound]
'Math115.PhysicalCompletionOracle.proposalWeight_total_le_allowance' depends on axioms: [propext,
 Classical.choice,
 Quot.sound]
'Math115.PhysicalCompletionOracle.proposalWeight_total_le_one' depends on axioms: [propext,
 Classical.choice,
 Quot.sound]
'Math115.PhysicalCompletionOracle.physicalProposalLaw' depends on axioms: [propext, Classical.choice, Quot.sound]
'Math115.PhysicalCompletionOracle.ReferenceTable' depends on axioms: [propext, Classical.choice, Quot.sound]
'Math115.PhysicalCompletionOracle.referenceTableNonempty' depends on axioms: [propext, Classical.choice, Quot.sound]
'Math115.PhysicalCompletionOracle.referenceStepLaw' depends on axioms: [propext, Classical.choice, Quot.sound]
'Math115.PhysicalCompletionOracle.referenceExactStep_eq' depends on axioms: [propext, Classical.choice, Quot.sound]
'Math115.PhysicalCompletionOracle.referenceStep_variation_local' depends on axioms: [propext,
 Classical.choice,
 Quot.sound]
'Math115.PhysicalCompletionOracle.referenceStep_variation_uniform' depends on axioms: [propext,
 Classical.choice,
 Quot.sound]
'Math115.PhysicalCompletionOracle.referenceFibreMap' depends on axioms: [propext, Classical.choice, Quot.sound]
'Math115.PhysicalCompletionOracle.referenceCompletionLaw' depends on axioms: [propext, Classical.choice, Quot.sound]
'Math115.PhysicalCompletionOracle.referenceCompletionLaw_variation' depends on axioms: [propext,
 Classical.choice,
 Quot.sound]
'Math115.PhysicalCompletionOracle.OracleFamily' depends on axioms: [propext, Classical.choice, Quot.sound]
'Math115.PhysicalCompletionOracle.selectedStepLaw' depends on axioms: [propext, Classical.choice, Quot.sound]
'Math115.PhysicalCompletionOracle.selectedCompletionLaw' depends on axioms: [propext, Classical.choice, Quot.sound]
'Math115.PhysicalCompletionOracle.selectedStepLaw_variation' depends on axioms: [propext, Classical.choice, Quot.sound]
'Math115.PhysicalCompletionOracle.selectedCompletionLaw_variation' depends on axioms: [propext,
 Classical.choice,
 Quot.sound]
'Math115.PhysicalCompletionOracle.empty_fibre_card_one' depends on axioms: [propext, Classical.choice, Quot.sound]
'Math115.PhysicalApproximateOracle.approximateJointLaw' depends on axioms: [propext, Classical.choice, Quot.sound]
'Math115.PhysicalApproximateOracle.approximateJointLaw_variation' depends on axioms: [propext,
 Classical.choice,
 Quot.sound]
'Math115.PhysicalApproximateOracle.approximateOuterLaw' depends on axioms: [propext, Classical.choice, Quot.sound]
'Math115.PhysicalApproximateOracle.approximateOuterLaw_variation_le' depends on axioms: [propext,
 Classical.choice,
 Quot.sound]
'Math115.PhysicalApproximateOracle.approximateOuterLaw_variation' depends on axioms: [propext,
 Classical.choice,
 Quot.sound]
'Math115.PhysicalApproximateOracle.idealOracleOuterLaw' depends on axioms: [propext, Classical.choice, Quot.sound]
'Math115.PhysicalApproximateOracle.idealOracleOuterLaw_variation' depends on axioms: [propext,
 Classical.choice,
 Quot.sound]
'Math115.PhysicalApproximateOracle.approximateOuterLaw_variation_of_budget' depends on axioms: [propext,
 Classical.choice,
 Quot.sound]
'Math115.LatticeCompletion.Array' does not depend on any axioms
'Math115.LatticeCompletion.difference' does not depend on any axioms
'Math115.LatticeCompletion.prefixSum' depends on axioms: [propext, Classical.choice, Quot.sound]
'Math115.LatticeCompletion.ZeroAxes' does not depend on any axioms
'Math115.LatticeCompletion.ZeroBoundary' does not depend on any axioms
'Math115.LatticeCompletion.BoundedDigits' does not depend on any axioms
'Math115.LatticeCompletion.difference_row_sum' depends on axioms: [propext, Classical.choice, Quot.sound]
'Math115.LatticeCompletion.difference_column_sum' depends on axioms: [propext, Classical.choice, Quot.sound]
'Math115.LatticeCompletion.difference_row_sum_zero' depends on axioms: [propext, Classical.choice, Quot.sound]
'Math115.LatticeCompletion.difference_column_sum_zero' depends on axioms: [propext, Classical.choice, Quot.sound]
'Math115.LatticeCompletion.prefix_zero_axes' depends on axioms: [propext, Classical.choice, Quot.sound]
'Math115.LatticeCompletion.prefix_difference' depends on axioms: [propext, Classical.choice, Quot.sound]
'Math115.LatticeCompletion.difference_prefix' depends on axioms: [propext, Classical.choice, Quot.sound]
'Math115.LatticeCompletion.difference_bounds' depends on axioms: [propext, Quot.sound]
'Math115.LatticeCompletion.encode' does not depend on any axioms
'Math115.LatticeCompletion.decode' depends on axioms: [propext, Classical.choice, Quot.sound]
'Math115.LatticeCompletion.residue' depends on axioms: [propext, Classical.choice, Quot.sound]
'Math115.LatticeCompletion.prefix_encode' depends on axioms: [propext, Classical.choice, Quot.sound]
'Math115.LatticeCompletion.scaled_digit_ediv' depends on axioms: [propext]
'Math115.LatticeCompletion.scaled_digit_emod' depends on axioms: [propext]
'Math115.LatticeCompletion.decode_encode' depends on axioms: [propext, Classical.choice, Quot.sound]
'Math115.LatticeCompletion.residue_encode' depends on axioms: [propext, Classical.choice, Quot.sound]
'Math115.LatticeCompletion.residue_zero_axes' depends on axioms: [propext, Classical.choice, Quot.sound]
'Math115.LatticeCompletion.residue_bounded' depends on axioms: [propext, Classical.choice, Quot.sound]
'Math115.LatticeCompletion.encode_decode' depends on axioms: [propext, Classical.choice, Quot.sound]
'Math115.LatticeCompletion.encode_entry_at_least_two' depends on axioms: [propext, Classical.choice, Quot.sound]
'Math115.LatticeCompletion.encode_row_margin' depends on axioms: [propext, Classical.choice, Quot.sound]
'Math115.LatticeCompletion.encode_column_margin' depends on axioms: [propext, Classical.choice, Quot.sound]
'Math115.LatticeCompletion.residue_zero_boundary_of_divisible_margins' depends on axioms: [propext,
 Classical.choice,
 Quot.sound]
'Math115.LatticeCompletion.decode_row_margin' depends on axioms: [propext, Classical.choice, Quot.sound]
'Math115.LatticeCompletion.decode_column_margin' depends on axioms: [propext, Classical.choice, Quot.sound]
'Math115.LatticeCompletion.accepted_fine_entry_at_least_two' depends on axioms: [propext, Classical.choice, Quot.sound]
'Math115.LatticeCompletion.OffsetDigits' does not depend on any axioms
'Math115.LatticeCompletion.codecEquiv' depends on axioms: [propext, Classical.choice, Quot.sound]
'Math115.LatticeCompletion.FiniteDigits' does not depend on any axioms
'Math115.LatticeCompletion.finiteOffsets' depends on axioms: [propext, Quot.sound]
'Math115.LatticeCompletion.finiteOffsets_zero_boundary' depends on axioms: [propext, Quot.sound]
'Math115.LatticeCompletion.finiteOffsets_bounded' depends on axioms: [propext, Classical.choice, Quot.sound]
'Math115.LatticeCompletion.finite_encode_decode' depends on axioms: [propext, Classical.choice, Quot.sound]
'Math115.LatticeCompletion.finiteOffsets_apply' depends on axioms: [propext, Classical.choice, Quot.sound]
'Math115.LatticeCompletion.finiteOffsets_injective' depends on axioms: [propext, Classical.choice, Quot.sound]
'Math115.LatticeCompletion.finiteEncode_injective' depends on axioms: [propext, Classical.choice, Quot.sound]
'Math115.LatticeCompletion.finiteDigits_card' depends on axioms: [propext, Classical.choice, Quot.sound]
'Math115.LatticeCompletion.encodedFamily_card' depends on axioms: [propext, Classical.choice, Quot.sound]
'Math115.DilatedCompletionMargins.rowLargeCount_rectangle' depends on axioms: [propext, Classical.choice, Quot.sound]
'Math115.DilatedCompletionMargins.columnLargeCount_rectangle' depends on axioms: [propext, Classical.choice, Quot.sound]
'Math115.DilatedCompletionMargins.total_large_cell_count' depends on axioms: [propext, Classical.choice, Quot.sound]
'Math115.DilatedCompletionMargins.physical_residual_row_lower' depends on axioms: [propext,
 Classical.choice,
 Quot.sound]
'Math115.DilatedCompletionMargins.physical_residual_column_lower' depends on axioms: [propext,
 Classical.choice,
 Quot.sound]
'Math115.DilatedCompletionMargins.reference_row_lower' depends on axioms: [propext, Classical.choice, Quot.sound]
'Math115.DilatedCompletionMargins.reference_column_lower' depends on axioms: [propext, Classical.choice, Quot.sound]
'Math115.DilatedCompletionMargins.reference_row_total_eq_residual' depends on axioms: [propext,
 Classical.choice,
 Quot.sound]
'Math115.DilatedCompletionMargins.reference_total_upper' depends on axioms: [propext, Classical.choice, Quot.sound]
'Math115.DilatedCompletionMargins.fineRows' depends on axioms: [propext, Classical.choice, Quot.sound]
'Math115.DilatedCompletionMargins.fineColumns' depends on axioms: [propext, Classical.choice, Quot.sound]
'Math115.DilatedCompletionMargins.FineReferenceTable' depends on axioms: [propext, Classical.choice, Quot.sound]
'Math115.DilatedCompletionMargins.fine_row_total' depends on axioms: [propext, Classical.choice, Quot.sound]
'Math115.DilatedCompletionMargins.fine_column_total' depends on axioms: [propext, Classical.choice, Quot.sound]
'Math115.DilatedCompletionMargins.fine_totals' depends on axioms: [propext, Classical.choice, Quot.sound]
'Math115.DilatedCompletionMargins.fineReferenceTableNonempty' depends on axioms: [propext, Classical.choice, Quot.sound]
'Math115.DilatedCompletionMargins.fine_total_upper' depends on axioms: [propext, Classical.choice, Quot.sound]
'Math115.DilatedCompletionMargins.fine_row_dense_minimum' depends on axioms: [propext, Classical.choice, Quot.sound]
'Math115.DilatedCompletionMargins.fine_column_dense_minimum' depends on axioms: [propext, Classical.choice, Quot.sound]
'Math115.DilatedCompletionMargins.ideal_reference_row_geometric_minimum' depends on axioms: [propext,
 Classical.choice,
 Quot.sound]
'Math115.DilatedCompletionMargins.ideal_reference_column_geometric_minimum' depends on axioms: [propext,
 Classical.choice,
 Quot.sound]
'Math115.LatticeCompletionFinite.Grid' does not depend on any axioms
'Math115.LatticeCompletionFinite.extend' does not depend on any axioms
'Math115.LatticeCompletionFinite.restrict' does not depend on any axioms
'Math115.LatticeCompletionFinite.extend_inside' depends on axioms: [propext]
'Math115.LatticeCompletionFinite.extend_outside' depends on axioms: [propext, Quot.sound]
'Math115.LatticeCompletionFinite.extend_injective' depends on axioms: [propext, Quot.sound]
'Math115.LatticeCompletionFinite.range_sum_extend_row' depends on axioms: [propext, Classical.choice, Quot.sound]
'Math115.LatticeCompletionFinite.range_sum_extend_column' depends on axioms: [propext, Classical.choice, Quot.sound]
'Math115.LatticeCompletionFinite.offsets_difference_outside' depends on axioms: [propext, Classical.choice, Quot.sound]
'Math115.LatticeCompletionFinite.encodeGrid' depends on axioms: [propext, Quot.sound]
'Math115.LatticeCompletionFinite.decodeGrid' depends on axioms: [propext, Classical.choice, Quot.sound]
'Math115.LatticeCompletionFinite.extend_encodeGrid' depends on axioms: [propext, Classical.choice, Quot.sound]
'Math115.LatticeCompletionFinite.fine_row_divisible' depends on axioms: [propext, Classical.choice, Quot.sound]
'Math115.LatticeCompletionFinite.fine_column_divisible' depends on axioms: [propext, Classical.choice, Quot.sound]
'Math115.LatticeCompletionFinite.fine_residue_zero_strips' depends on axioms: [propext, Classical.choice, Quot.sound]
'Math115.LatticeCompletionFinite.recoveredDigits' depends on axioms: [propext, Classical.choice, Quot.sound]
'Math115.LatticeCompletionFinite.recoveredDigits_val' depends on axioms: [propext, Classical.choice, Quot.sound]
'Math115.LatticeCompletionFinite.residue_eq_finiteOffsets' depends on axioms: [propext, Classical.choice, Quot.sound]
'Math115.LatticeCompletionFinite.extend_decodeGrid' depends on axioms: [propext, Classical.choice, Quot.sound]
'Math115.LatticeCompletionFinite.decodeGrid_encodeGrid' depends on axioms: [propext, Classical.choice, Quot.sound]
'Math115.LatticeCompletionFinite.recoveredDigits_encodeGrid' depends on axioms: [propext, Classical.choice, Quot.sound]
'Math115.LatticeCompletionFinite.encodeGrid_decodeGrid' depends on axioms: [propext, Classical.choice, Quot.sound]
'Math115.LatticeCompletionFinite.encodeGrid_row' depends on axioms: [propext, Classical.choice, Quot.sound]
'Math115.LatticeCompletionFinite.encodeGrid_column' depends on axioms: [propext, Classical.choice, Quot.sound]
'Math115.LatticeCompletionFinite.encodeGrid_nonneg' depends on axioms: [propext, Classical.choice, Quot.sound]
'Math115.LatticeCompletionFinite.decodeGrid_row' depends on axioms: [propext, Classical.choice, Quot.sound]
'Math115.LatticeCompletionFinite.decodeGrid_column' depends on axioms: [propext, Classical.choice, Quot.sound]
'Math115.LatticeCompletionFinite.intGrid' does not depend on any axioms
'Math115.LatticeCompletionFinite.natGrid' does not depend on any axioms
'Math115.LatticeCompletionFinite.natGrid_intGrid' depends on axioms: [propext, Quot.sound]
'Math115.LatticeCompletionFinite.intGrid_natGrid' depends on axioms: [propext, Quot.sound]
'Math115.LatticeCompletionFinite.intGrid_row' depends on axioms: [propext, Classical.choice, Quot.sound]
'Math115.LatticeCompletionFinite.intGrid_column' depends on axioms: [propext, Classical.choice, Quot.sound]
'Math115.LatticeCompletionFinite.natGrid_hasMargins' depends on axioms: [propext, Classical.choice, Quot.sound]
'Math115.LatticeCompletionFinite.fineMargin' does not depend on any axioms
'Math115.LatticeCompletionFinite.FineTable' depends on axioms: [propext, Classical.choice, Quot.sound]
'Math115.LatticeCompletionFinite.fineTable_row_divisible' depends on axioms: [propext, Classical.choice, Quot.sound]
'Math115.LatticeCompletionFinite.fineTable_column_divisible' depends on axioms: [propext, Classical.choice, Quot.sound]
'Math115.LatticeCompletionFinite.Accepted' depends on axioms: [propext, Classical.choice, Quot.sound]
'Math115.LatticeCompletionFinite.AcceptedFine' depends on axioms: [propext, Classical.choice, Quot.sound]
'Math115.LatticeCompletionFinite.encodeTable' depends on axioms: [propext, Classical.choice, Quot.sound]
'Math115.LatticeCompletionFinite.intGrid_encodeTable' depends on axioms: [propext, Classical.choice, Quot.sound]
'Math115.LatticeCompletionFinite.encodeTable_accepted' depends on axioms: [propext, Classical.choice, Quot.sound]
'Math115.LatticeCompletionFinite.encodeAccepted' depends on axioms: [propext, Classical.choice, Quot.sound]
'Math115.LatticeCompletionFinite.decodeAccepted' depends on axioms: [propext, Classical.choice, Quot.sound]
'Math115.LatticeCompletionFinite.intGrid_decodeAccepted' depends on axioms: [propext, Classical.choice, Quot.sound]
'Math115.LatticeCompletionFinite.decodeAccepted_encodeAccepted' depends on axioms: [propext,
 Classical.choice,
 Quot.sound]
'Math115.LatticeCompletionFinite.encodeAccepted_decodeAccepted' depends on axioms: [propext,
 Classical.choice,
 Quot.sound]
'Math115.LatticeCompletionFinite.acceptedEquiv' depends on axioms: [propext, Classical.choice, Quot.sound]
'Math115.LatticeCompletionFinite.accepted_card' depends on axioms: [propext, Classical.choice, Quot.sound]
'Math115.LatticeCompletionFinite.fixedFiberEquiv' depends on axioms: [propext, Classical.choice, Quot.sound]
'Math115.LatticeCompletionFinite.fixedFiber_card' depends on axioms: [propext, Classical.choice, Quot.sound]
'Math115.LatticeCellVolume.prefixCell' depends on axioms: [propext, Classical.choice, Quot.sound]
'Math115.LatticeCellVolume.prefixCell_measurable' depends on axioms: [propext, Classical.choice, Quot.sound]
'Math115.LatticeCellVolume.mem_prefixCell_iff' depends on axioms: [propext, Classical.choice, Quot.sound]
'Math115.LatticeCellVolume.floor_mul_eq_anchor' depends on axioms: [propext, Classical.choice, Quot.sound]
'Math115.LatticeCellVolume.prefixCell_disjoint' depends on axioms: [propext, Classical.choice, Quot.sound]
'Math115.LatticeCellVolume.prefixCell_volume' depends on axioms: [propext, Classical.choice, Quot.sound]
'Math115.LatticeCellVolume.prefixCells_measurable' depends on axioms: [propext, Classical.choice, Quot.sound]
'Math115.LatticeCellVolume.prefixCells_pairwiseDisjoint' depends on axioms: [propext, Classical.choice, Quot.sound]
'Math115.LatticeCellVolume.prefix_lattice_cells_volume' depends on axioms: [propext, Classical.choice, Quot.sound]
'Math115.LatticeCellVolume.prefix_unit_cells_volume' depends on axioms: [propext, Classical.choice, Quot.sound]
'Math115.LatticeCellVolume.prefix_lattice_cells_volume_ne_top' depends on axioms: [propext,
 Classical.choice,
 Quot.sound]
'Math115.LatticeCellVolume.prefix_lattice_cells_volume_pos' depends on axioms: [propext, Classical.choice, Quot.sound]
'Math115.LatticeCellVolume.prefix_lattice_cells_volume_toReal' depends on axioms: [propext,
 Classical.choice,
 Quot.sound]
'Math115.LatticeCellVolume.prefixCell_error' depends on axioms: [propext, Classical.choice, Quot.sound]
'Math115.LatticeCellVolume.mixed_difference_error' depends on axioms: [propext, Classical.choice, Quot.sound]
'Math115.LatticeCellVolume.volume_image_translate' depends on axioms: [propext, Classical.choice, Quot.sound]
'Math115.LatticeCellVolume.volume_image_scale' depends on axioms: [propext, Classical.choice, Quot.sound]
'Math115.LatticeCellVolume.volume_le_of_translated_subset' depends on axioms: [propext, Classical.choice, Quot.sound]
'Math115.LatticeCellVolume.volume_le_of_subset_scaled_translate' depends on axioms: [propext,
 Classical.choice,
 Quot.sound]
'Math115.CompletionRetryBudget.uniform_success_mass' depends on axioms: [propext, Classical.choice, Quot.sound]
'Math115.CompletionRetryBudget.uniform_success_mass_of_card' depends on axioms: [propext, Classical.choice, Quot.sound]
'Math115.CompletionRetryBudget.failure_nonnegative' depends on axioms: [propext, Classical.choice, Quot.sound]
'Math115.CompletionRetryBudget.success_nonnegative' depends on axioms: [propext, Classical.choice, Quot.sound]
'Math115.CompletionRetryBudget.failure_le_one' depends on axioms: [propext, Classical.choice, Quot.sound]
'Math115.CompletionRetryBudget.equal_success_normalized' depends on axioms: [propext, Classical.choice, Quot.sound]
'Math115.CompletionRetryBudget.equal_success_retry_mass' depends on axioms: [propext, Classical.choice, Quot.sound]
'Math115.CompletionRetryBudget.equal_success_retry_variation' depends on axioms: [propext, Classical.choice, Quot.sound]
'Math115.CompletionRetryBudget.approximate_retry_variation' depends on axioms: [propext, Classical.choice, Quot.sound]
'Math115.CompletionRetryBudget.approximate_retry_variation_of_success' depends on axioms: [propext,
 Classical.choice,
 Quot.sound]
'Math115.CompletionRetryBudget.dyadic' depends on axioms: [propext, Classical.choice, Quot.sound]
'Math115.CompletionRetryBudget.retries' does not depend on any axioms
'Math115.CompletionRetryBudget.finePrecision' does not depend on any axioms
'Math115.CompletionRetryBudget.retries_positive' depends on axioms: [propext, Quot.sound]
'Math115.CompletionRetryBudget.dyadic_positive' depends on axioms: [propext, Classical.choice, Quot.sound]
'Math115.CompletionRetryBudget.dyadic_succ' depends on axioms: [propext, Classical.choice, Quot.sound]
'Math115.CompletionRetryBudget.dyadic_antitone_step' depends on axioms: [propext, Classical.choice, Quot.sound]
'Math115.CompletionRetryBudget.geometric_budget' depends on axioms: [propext, Classical.choice, Quot.sound]
'Math115.CompletionRetryBudget.fine_draw_budget' depends on axioms: [propext, Classical.choice, Quot.sound]
'Math115.CompletionRetryBudget.retry_budget' depends on axioms: [propext, Classical.choice, Quot.sound]
'Math115.CompletionRetryBudget.retry_budget_target' depends on axioms: [propext, Classical.choice, Quot.sound]
'Math115.CompletionRetryBudget.completion_retry_variation_half' depends on axioms: [propext,
 Classical.choice,
 Quot.sound]
'Math115.CompletionRetryBudget.completion_retry_variation' depends on axioms: [propext, Classical.choice, Quot.sound]
'Math115.LatticeCompletionLaw.trial' depends on axioms: [propext, Classical.choice, Quot.sound]
'Math115.LatticeCompletionLaw.trial_eq_none' depends on axioms: [propext, Classical.choice, Quot.sound]
'Math115.LatticeCompletionLaw.successfulFiberEquiv' depends on axioms: [propext, Classical.choice, Quot.sound]
'Math115.LatticeCompletionLaw.successfulFiber_card' depends on axioms: [propext, Classical.choice, Quot.sound]
'Math115.LatticeCompletionLaw.fine_nonempty_of_fallback' depends on axioms: [propext, Classical.choice, Quot.sound]
'Math115.LatticeCompletionLaw.ideal_success_mass' depends on axioms: [propext, Classical.choice, Quot.sound]
'Math115.LatticeCompletionLaw.ideal_success_probability' depends on axioms: [propext, Classical.choice, Quot.sound]
'Math115.LatticeCompletionLaw.ideal_retry_mass' depends on axioms: [propext, Classical.choice, Quot.sound]
'Math115.LatticeCompletionLaw.approximate_retry_bound' depends on axioms: [propext, Classical.choice, Quot.sound]
'Math115.LatticeCompletionLaw.completion_accuracy_half' depends on axioms: [propext, Classical.choice, Quot.sound]
'Math115.LatticeCompletionLaw.completion_accuracy' depends on axioms: [propext, Classical.choice, Quot.sound]
'Math115.PrefixTransportation.Array' depends on axioms: [propext, Classical.choice, Quot.sound]
'Math115.PrefixTransportation.Matrix' depends on axioms: [propext, Classical.choice, Quot.sound]
'Math115.PrefixTransportation.Interior' does not depend on any axioms
'Math115.PrefixTransportation.difference' depends on axioms: [propext, Classical.choice, Quot.sound]
'Math115.PrefixTransportation.prefixSum' depends on axioms: [propext, Classical.choice, Quot.sound]
'Math115.PrefixTransportation.ZeroAxes' depends on axioms: [propext, Classical.choice, Quot.sound]
'Math115.PrefixTransportation.ZeroBoundary' depends on axioms: [propext, Classical.choice, Quot.sound]
'Math115.PrefixTransportation.difference_row_sum' depends on axioms: [propext, Classical.choice, Quot.sound]
'Math115.PrefixTransportation.difference_column_sum' depends on axioms: [propext, Classical.choice, Quot.sound]
'Math115.PrefixTransportation.difference_row_sum_zero' depends on axioms: [propext, Classical.choice, Quot.sound]
'Math115.PrefixTransportation.difference_column_sum_zero' depends on axioms: [propext, Classical.choice, Quot.sound]
'Math115.PrefixTransportation.prefix_zero_axes' depends on axioms: [propext, Classical.choice, Quot.sound]
'Math115.PrefixTransportation.prefix_difference' depends on axioms: [propext, Classical.choice, Quot.sound]
'Math115.PrefixTransportation.difference_prefix' depends on axioms: [propext, Classical.choice, Quot.sound]
'Math115.PrefixTransportation.extend' depends on axioms: [propext, Classical.choice, Quot.sound]
'Math115.PrefixTransportation.restrict' depends on axioms: [propext, Classical.choice, Quot.sound]
'Math115.PrefixTransportation.extend_inside' depends on axioms: [propext, Classical.choice, Quot.sound]
'Math115.PrefixTransportation.extend_outside' depends on axioms: [propext, Classical.choice, Quot.sound]
'Math115.PrefixTransportation.range_sum_extend_row' depends on axioms: [propext, Classical.choice, Quot.sound]
'Math115.PrefixTransportation.range_sum_extend_column' depends on axioms: [propext, Classical.choice, Quot.sound]
'Math115.PrefixTransportation.interiorPrefix' depends on axioms: [propext, Classical.choice, Quot.sound]
'Math115.PrefixTransportation.interiorPrefix_add' depends on axioms: [propext, Classical.choice, Quot.sound]
'Math115.PrefixTransportation.interiorPrefix_smul' depends on axioms: [propext, Classical.choice, Quot.sound]
'Math115.PrefixTransportation.interiorPrefix_injective_of_margins' depends on axioms: [propext,
 Classical.choice,
 Quot.sound]
'Math115.PrefixTransportation.offsets' depends on axioms: [propext, Classical.choice, Quot.sound]
'Math115.PrefixTransportation.offsets_zero_boundary' depends on axioms: [propext, Classical.choice, Quot.sound]
'Math115.PrefixTransportation.offsets_apply' depends on axioms: [propext, Classical.choice, Quot.sound]
'Math115.PrefixTransportation.offsets_difference_outside' depends on axioms: [propext, Classical.choice, Quot.sound]
'Math115.PrefixTransportation.perturbation' depends on axioms: [propext, Classical.choice, Quot.sound]
'Math115.PrefixTransportation.extend_perturbation' depends on axioms: [propext, Classical.choice, Quot.sound]
'Math115.PrefixTransportation.perturbation_rows_zero' depends on axioms: [propext, Classical.choice, Quot.sound]
'Math115.PrefixTransportation.perturbation_columns_zero' depends on axioms: [propext, Classical.choice, Quot.sound]
'Math115.PrefixTransportation.interiorPrefix_perturbation' depends on axioms: [propext, Classical.choice, Quot.sound]
'Math115.PrefixTransportation.offsets_error' depends on axioms: [propext, Classical.choice, Quot.sound]
'Math115.PrefixTransportation.perturbation_error' depends on axioms: [propext, Classical.choice, Quot.sound]
'Math115.PrefixTransportation.Feasible' depends on axioms: [propext, Classical.choice, Quot.sound]
'Math115.PrefixTransportation.PrefixRegion' depends on axioms: [propext, Classical.choice, Quot.sound]
'Math115.PrefixTransportation.feasible_add' depends on axioms: [propext, Classical.choice, Quot.sound]
'Math115.PrefixTransportation.feasible_smul' depends on axioms: [propext, Classical.choice, Quot.sound]
'Math115.PrefixTransportation.feasible_const' depends on axioms: [propext, Classical.choice, Quot.sound]
'Math115.PrefixTransportation.prefixRegion_translate_subset' depends on axioms: [propext, Classical.choice, Quot.sound]
'Math115.PrefixTransportation.prefixRegion_volume_mono_of_difference_table' depends on axioms: [propext,
 Classical.choice,
 Quot.sound]
'Math115.PrefixTransportation.prefixRegion_constant_translate_subset' depends on axioms: [propext,
 Classical.choice,
 Quot.sound]
'Math115.PrefixTransportation.exists_feasible_of_nonnegative_equal_total' depends on axioms: [propext,
 Classical.choice,
 Quot.sound]
'Math115.PrefixTransportation.prefixRegion_volume_mono' depends on axioms: [propext, Classical.choice, Quot.sound]
'Math115.PrefixTransportation.prefixRegion_scale_eq' depends on axioms: [propext, Classical.choice, Quot.sound]
'Math115.PrefixTransportation.prefixRegion_volume_scale' depends on axioms: [propext, Classical.choice, Quot.sound]
'Math115.PrefixTransportation.prefix_error_upper_containment' depends on axioms: [propext, Classical.choice, Quot.sound]
'Math115.PrefixFloorCover.floorPrefix' depends on axioms: [propext, Classical.choice, Quot.sound]
'Math115.PrefixFloorCover.floorGrid' depends on axioms: [propext, Classical.choice, Quot.sound]
'Math115.PrefixFloorCover.floorPrefix_zero_axes' depends on axioms: [propext, Classical.choice, Quot.sound]
'Math115.PrefixFloorCover.floorGrid_entry_error' depends on axioms: [propext, Classical.choice, Quot.sound]
'Math115.PrefixFloorCover.floorGrid_nonnegative' depends on axioms: [propext, Classical.choice, Quot.sound]
'Math115.PrefixFloorCover.marginPrefix' depends on axioms: [propext, Classical.choice, Quot.sound]
'Math115.PrefixFloorCover.prefix_full_columns' depends on axioms: [propext, Classical.choice, Quot.sound]
'Math115.PrefixFloorCover.prefix_full_rows' depends on axioms: [propext, Classical.choice, Quot.sound]
'Math115.PrefixFloorCover.marginPrefix_succ' depends on axioms: [propext, Classical.choice, Quot.sound]
'Math115.PrefixFloorCover.floorGrid_rows' depends on axioms: [propext, Classical.choice, Quot.sound]
'Math115.PrefixFloorCover.floorGrid_columns' depends on axioms: [propext, Classical.choice, Quot.sound]
'Math115.PrefixFloorCover.roundedTable' depends on axioms: [propext, Classical.choice, Quot.sound]
'Math115.PrefixFloorCover.tableAnchor' depends on axioms: [propext, Classical.choice, Quot.sound]
'Math115.PrefixFloorCover.tableReal' depends on axioms: [propext, Classical.choice, Quot.sound]
'Math115.PrefixFloorCover.tableAnchor_cast' depends on axioms: [propext, Classical.choice, Quot.sound]
'Math115.PrefixFloorCover.tableReal_feasible' depends on axioms: [propext, Classical.choice, Quot.sound]
'Math115.PrefixFloorCover.tableAnchor_injective' depends on axioms: [propext, Classical.choice, Quot.sound]
'Math115.PrefixFloorCover.floorGrid_prefix' depends on axioms: [propext, Classical.choice, Quot.sound]
'Math115.PrefixFloorCover.roundedTable_anchor' depends on axioms: [propext, Classical.choice, Quot.sound]
'Math115.PrefixFloorCover.interiorPrefix_mem_rounded_cell' depends on axioms: [propext, Classical.choice, Quot.sound]
'Math115.PrefixFloorCover.lower_floor_cover' depends on axioms: [propext, Classical.choice, Quot.sound]
'Math115.PrefixFloorCover.lower_volume_le_card' depends on axioms: [propext, Classical.choice, Quot.sound]
'Math115.CompletionCountBound.fineCells' depends on axioms: [propext, Classical.choice, Quot.sound]
'Math115.CompletionCountBound.normalized_fine_feasible' depends on axioms: [propext, Classical.choice, Quot.sound]
'Math115.CompletionCountBound.upper_cell_cover' depends on axioms: [propext, Classical.choice, Quot.sound]
'Math115.CompletionCountBound.fine_cells_volume' depends on axioms: [propext, Classical.choice, Quot.sound]
'Math115.CompletionCountBound.fine_cells_volume_toReal' depends on axioms: [propext, Classical.choice, Quot.sound]
'Math115.CompletionCountBound.fine_cells_volume_le_upper' depends on axioms: [propext, Classical.choice, Quot.sound]
'Math115.CompletionCountBound.inflation' depends on axioms: [propext, Classical.choice, Quot.sound]
'Math115.CompletionCountBound.inflation_pos' depends on axioms: [propext, Classical.choice, Quot.sound]
'Math115.CompletionCountBound.inflation_ge_one' depends on axioms: [propext, Classical.choice, Quot.sound]
'Math115.CompletionCountBound.inflated_margin_ge_upper' depends on axioms: [propext, Classical.choice, Quot.sound]
'Math115.CompletionCountBound.shifted_totals_equal' depends on axioms: [propext, Classical.choice, Quot.sound]
'Math115.CompletionCountBound.reduced_totals_equal' depends on axioms: [propext, Classical.choice, Quot.sound]
'Math115.CompletionCountBound.upper_volume_le_inflated_lower' depends on axioms: [propext, Classical.choice, Quot.sound]
'Math115.CompletionCountBound.fine_cells_volume_le_count' depends on axioms: [propext, Classical.choice, Quot.sound]
'Math115.CompletionCountBound.fine_card_le' depends on axioms: [propext, Classical.choice, Quot.sound]
'Math115.CompletionCountBound.fine_nat_card_le' depends on axioms: [propext, Classical.choice, Quot.sound]
'Math115.CompletionAcceptance.two_mul_le_power_twelve' depends on axioms: [propext, Classical.choice, Quot.sound]
'Math115.CompletionAcceptance.dilationFactor' depends on axioms: [propext, Classical.choice, Quot.sound]
'Math115.CompletionAcceptance.increment' depends on axioms: [propext, Classical.choice, Quot.sound]
'Math115.CompletionAcceptance.denominator_positive' depends on axioms: [propext, Classical.choice, Quot.sound]
'Math115.CompletionAcceptance.dilationFactor_eq_one_add' depends on axioms: [propext, Classical.choice, Quot.sound]
'Math115.CompletionAcceptance.increment_nonnegative' depends on axioms: [propext, Classical.choice, Quot.sound]
'Math115.CompletionAcceptance.dilationFactor_positive' depends on axioms: [propext, Classical.choice, Quot.sound]
'Math115.CompletionAcceptance.two_div_k_le_inverse_d' depends on axioms: [propext, Classical.choice, Quot.sound]
'Math115.CompletionAcceptance.exponent_allowance' depends on axioms: [propext, Classical.choice, Quot.sound]
'Math115.CompletionAcceptance.exp_four_thirds_lt_four' depends on axioms: [propext, Classical.choice, Quot.sound]
'Math115.CompletionAcceptance.dilationFactor_pow_lt_four' depends on axioms: [propext, Classical.choice, Quot.sound]
'Math115.CompletionAcceptance.acceptance_lower_real' depends on axioms: [propext, Classical.choice, Quot.sound]
'Math115.CompletionAcceptance.acceptance_lower_rat' depends on axioms: [propext, Classical.choice, Quot.sound]
'Math115.LatticeCompletionAccuracy.inflation_three_d' depends on axioms: [propext, Classical.choice, Quot.sound]
'Math115.LatticeCompletionAccuracy.ideal_acceptance_quarter' depends on axioms: [propext, Classical.choice, Quot.sound]
'Math115.LatticeCompletionAccuracy.originalUniform' depends on axioms: [propext, Classical.choice, Quot.sound]
'Math115.LatticeCompletionAccuracy.fineUniform' depends on axioms: [propext, Classical.choice, Quot.sound]
'Math115.LatticeCompletionAccuracy.completion_accuracy_half' depends on axioms: [propext, Classical.choice, Quot.sound]
'Math115.LatticeCompletionAccuracy.completion_accuracy' depends on axioms: [propext, Classical.choice, Quot.sound]
'Math115.LatticeCompletionAccuracy.chosen_dilation_acceptance_quarter' depends on axioms: [propext,
 Classical.choice,
 Quot.sound]
'Math115.LatticeCompletionAccuracy.chosen_dilation_accuracy' depends on axioms: [propext, Classical.choice, Quot.sound]
'Math115.CompletionBooleanRetry.retryWords' depends on axioms: [propext]
'Math115.CompletionBooleanRetry.wordBankEquiv' depends on axioms: [propext, Classical.choice, Quot.sound]
'Math115.CompletionBooleanRetry.flatRetry' depends on axioms: [propext, Classical.choice, Quot.sound]
'Math115.CompletionBooleanRetry.zeroExtend' does not depend on any axioms
'Math115.CompletionBooleanRetry.prefixInt' depends on axioms: [propext, Classical.choice, Quot.sound]
'Math115.CompletionBooleanRetry.decodeCells' depends on axioms: [propext, Classical.choice, Quot.sound]
'Math115.CompletionBooleanRetry.acceptedCells' depends on axioms: [propext, Classical.choice, Quot.sound]
'Math115.CompletionBooleanRetry.acceptedCells_decidable' depends on axioms: [propext, Classical.choice, Quot.sound]
'Math115.CompletionBooleanRetry.rawTrial' depends on axioms: [propext, Classical.choice, Quot.sound]
'Math115.CompletionBooleanRetry.prefixInt_eq_bounded_prefix' depends on axioms: [propext, Classical.choice, Quot.sound]
'Math115.CompletionBooleanRetry.decodeCells_eq' depends on axioms: [propext, Classical.choice, Quot.sound]
'Math115.CompletionBooleanRetry.acceptedCells_iff' depends on axioms: [propext, Classical.choice, Quot.sound]
'Math115.CompletionBooleanRetry.tableTrial' depends on axioms: [propext, Classical.choice, Quot.sound]
'Math115.CompletionBooleanRetry.digitOffset' depends on axioms: [propext, Quot.sound]
'Math115.CompletionBooleanRetry.signedEncodeCells' depends on axioms: [propext, Quot.sound]
'Math115.CompletionBooleanRetry.encodeCells' depends on axioms: [propext, Quot.sound]
'Math115.CompletionBooleanRetry.digitOffset_eq' depends on axioms: [propext, Quot.sound]
'Math115.CompletionBooleanRetry.signedEncodeCells_eq' depends on axioms: [propext, Quot.sound]
'Math115.CompletionBooleanRetry.encodeCells_eq_encodeTable_value' depends on axioms: [propext,
 Classical.choice,
 Quot.sound]
'Math115.CompletionBooleanRetry.tableTrial_eq' depends on axioms: [propext, Classical.choice, Quot.sound]
'Math115.CompletionBooleanRetry.rawTrial_eq_tableTrial_value' depends on axioms: [propext, Classical.choice, Quot.sound]
'Math115.CompletionBooleanRetry.retryWords_eq_wordRetry' depends on axioms: [propext]
'Math115.CompletionBooleanRetry.retryWords_law' depends on axioms: [propext, Classical.choice, Quot.sound]
'Math115.CompletionBooleanRetry.flatRetry_law' depends on axioms: [propext, Classical.choice, Quot.sound]
'Math115.CompletionBooleanRetry.completion_flat_law' depends on axioms: [propext, Classical.choice, Quot.sound]
'Math115.LatticeCompletionProgram.rowPrefix' depends on axioms: [propext]
'Math115.LatticeCompletionProgram.rowPrefixRealizer' depends on axioms: [propext, Classical.choice, Quot.sound]
'Math115.LatticeCompletionProgram.polynomial_rowPrefix' depends on axioms: [propext, Classical.choice, Quot.sound]
'Math115.LatticeCompletionProgram.prefixNat' depends on axioms: [propext]
'Math115.LatticeCompletionProgram.prefixRealizer' depends on axioms: [propext, Classical.choice, Quot.sound]
'Math115.LatticeCompletionProgram.polynomial_prefix' depends on axioms: [propext, Classical.choice, Quot.sound]
'Math115.LatticeCompletionProgram.CellInput' does not depend on any axioms
'Math115.LatticeCompletionProgram.floorPrefix' depends on axioms: [propext]
'Math115.LatticeCompletionProgram.floorPrefixRealizer' depends on axioms: [propext, Classical.choice, Quot.sound]
'Math115.LatticeCompletionProgram.polynomial_floorPrefix' depends on axioms: [propext, Classical.choice, Quot.sound]
'Math115.LatticeCompletionProgram.cellTotals' depends on axioms: [propext]
'Math115.LatticeCompletionProgram.cellTotalsRealizer' depends on axioms: [propext, Classical.choice, Quot.sound]
'Math115.LatticeCompletionProgram.polynomial_cellTotals' depends on axioms: [propext, Classical.choice, Quot.sound]
'Math115.LatticeCompletionProgram.cell' depends on axioms: [propext]
'Math115.LatticeCompletionProgram.cellRealizer' depends on axioms: [propext, Classical.choice, Quot.sound]
'Math115.LatticeCompletionProgram.polynomial_cell' depends on axioms: [propext, Classical.choice, Quot.sound]
'Math115.LatticeCompletionProgram.indices' does not depend on any axioms
'Math115.LatticeCompletionProgram.indicesRealizer' depends on axioms: [propext, Classical.choice, Quot.sound]
'Math115.LatticeCompletionProgram.polynomial_indices' depends on axioms: [propext, Classical.choice, Quot.sound]
'Math115.LatticeCompletionProgram.rowCells' depends on axioms: [propext]
'Math115.LatticeCompletionProgram.rowCellsRealizer' depends on axioms: [propext, Classical.choice, Quot.sound]
'Math115.LatticeCompletionProgram.polynomial_rowCells' depends on axioms: [propext, Classical.choice, Quot.sound]
'Math115.LatticeCompletionProgram.cells' depends on axioms: [propext]
'Math115.LatticeCompletionProgram.cellsRealizer' depends on axioms: [propext, Classical.choice, Quot.sound]
'Math115.LatticeCompletionProgram.polynomial_cells' depends on axioms: [propext, Classical.choice, Quot.sound]
'Math115.LatticeCompletionProgram.accepted' does not depend on any axioms
'Math115.LatticeCompletionProgram.acceptedRealizer' depends on axioms: [propext, Classical.choice, Quot.sound]
'Math115.LatticeCompletionProgram.polynomial_accepted' depends on axioms: [propext, Classical.choice, Quot.sound]
'Math115.LatticeCompletionProgram.values' does not depend on any axioms
'Math115.LatticeCompletionProgram.valuesRealizer' depends on axioms: [propext, Classical.choice, Quot.sound]
'Math115.LatticeCompletionProgram.polynomial_values' depends on axioms: [propext, Classical.choice, Quot.sound]
'Math115.LatticeCompletionProgram.finish' does not depend on any axioms
'Math115.LatticeCompletionProgram.finishRealizer' depends on axioms: [propext, Classical.choice, Quot.sound]
'Math115.LatticeCompletionProgram.polynomial_finish' depends on axioms: [propext, Classical.choice, Quot.sound]
'Math115.LatticeCompletionProgram.decode' depends on axioms: [propext]
'Math115.LatticeCompletionProgram.decodeRealizer' depends on axioms: [propext, Classical.choice, Quot.sound]
'Math115.LatticeCompletionProgram.polynomial_decode' depends on axioms: [propext, Classical.choice, Quot.sound]
'Math115.LatticeCompletionProgram.sum_take_getD' depends on axioms: [propext, Classical.choice, Quot.sound]
'Math115.LatticeCompletionProgram.prefix_range' depends on axioms: [propext, Classical.choice, Quot.sound]
'Math115.LatticeCompletionProgram.matrixEntry_code_zero' depends on axioms: [propext]
'Math115.LatticeCompletionProgram.prefix_code' depends on axioms: [propext, Classical.choice, Quot.sound]
'Math115.LatticeCompletionProgram.floorPrefix_code' depends on axioms: [propext, Classical.choice, Quot.sound]
'Math115.LatticeCompletionProgram.cellTotals_code' depends on axioms: [propext, Classical.choice, Quot.sound]
'Math115.LatticeCompletionProgram.cell_code' depends on axioms: [propext, Classical.choice, Quot.sound]
'Math115.LatticeCompletionProgram.map_range_ofFn' depends on axioms: [propext, Quot.sound]
'Math115.LatticeCompletionProgram.rowCells_code' depends on axioms: [propext, Classical.choice, Quot.sound]
'Math115.LatticeCompletionProgram.cells_code' depends on axioms: [propext, Classical.choice, Quot.sound]
'Math115.LatticeCompletionProgram.all_ofFn' depends on axioms: [propext, Quot.sound]
'Math115.LatticeCompletionProgram.accepted_code' depends on axioms: [propext, Classical.choice, Quot.sound]
'Math115.LatticeCompletionProgram.values_code' depends on axioms: [propext, Classical.choice, Quot.sound]
'Math115.LatticeCompletionProgram.decode_code' depends on axioms: [propext, Classical.choice, Quot.sound]
'Math115.LatticeCompletionProgram.decode_fineTable' depends on axioms: [propext, Classical.choice, Quot.sound]
'Math115.CompletionOuterSchedule.successFactor' depends on axioms: [propext]
'Math115.CompletionOuterSchedule.gapFactor' depends on axioms: [propext]
'Math115.CompletionOuterSchedule.restartCount' depends on axioms: [propext]
'Math115.CompletionOuterSchedule.mixExponent' depends on axioms: [propext]
'Math115.CompletionOuterSchedule.walkCount' depends on axioms: [propext]
'Math115.CompletionOuterSchedule.terminalPrecision' depends on axioms: [propext]
'Math115.CompletionOuterSchedule.stepPrecision' depends on axioms: [propext]
'Math115.CompletionOuterSchedule.successFactor_positive' depends on axioms: [propext, Classical.choice, Quot.sound]
'Math115.CompletionOuterSchedule.restartCount_positive' depends on axioms: [propext, Classical.choice, Quot.sound]
'Math115.CompletionOuterSchedule.gapFactor_positive' depends on axioms: [propext, Quot.sound]
'Math115.CompletionOuterSchedule.walkCount_positive' depends on axioms: [propext, Quot.sound]
'Math115.CompletionOuterSchedule.dyadic_real' depends on axioms: [propext, Classical.choice, Quot.sound]
'Math115.CompletionOuterSchedule.exp_neg_nat_le_dyadic' depends on axioms: [propext, Classical.choice, Quot.sound]
'Math115.CompletionOuterSchedule.dyadic_charge' depends on axioms: [propext, Classical.choice, Quot.sound]
'Math115.CompletionOuterSchedule.natural_charge_bound' depends on axioms: [propext, Classical.choice, Quot.sound]
'Math115.CompletionOuterSchedule.mass_charge_bound' depends on axioms: [propext, Classical.choice, Quot.sound]
'Math115.CompletionOuterSchedule.restart_error_bound' depends on axioms: [propext, Classical.choice, Quot.sound]
'Math115.CompletionOuterSchedule.walk_error_bound' depends on axioms: [propext, Classical.choice, Quot.sound]
'Math115.CompletionOuterSchedule.terminal_error_bound' depends on axioms: [propext, Classical.choice, Quot.sound]
'Math115.CompletionOuterSchedule.step_error_bound' depends on axioms: [propext, Classical.choice, Quot.sound]
'Math115.CompletionOuterSchedule.arithmetic_schedule_half' depends on axioms: [propext, Classical.choice, Quot.sound]
'Math115.CompletionOuterSchedule.arithmetic_schedule' depends on axioms: [propext, Classical.choice, Quot.sound]
'Math115.CompletionOuterSchedule.physicalSmallCount' depends on axioms: [propext, Classical.choice, Quot.sound]
'Math115.CompletionOuterSchedule.physicalMassBase' depends on axioms: [propext, Classical.choice, Quot.sound]
'Math115.CompletionRandomBudget.binarySize' does not depend on any axioms
'Math115.CompletionRandomBudget.combinedSize' does not depend on any axioms
'Math115.CompletionRandomBudget.fineMarginBound' depends on axioms: [propext]
'Math115.CompletionRandomBudget.fineBinaryBound' depends on axioms: [propext]
'Math115.CompletionRandomBudget.proposalReservation' depends on axioms: [propext]
'Math115.CompletionRandomBudget.completionReservation' depends on axioms: [propext]
'Math115.CompletionRandomBudget.totalReservedBits' depends on axioms: [propext]
'Math115.CompletionRandomBudget.budgetCoefficient' depends on axioms: [propext]
'Math115.CompletionRandomBudget.clog_two_le_self' depends on axioms: [propext, Classical.choice, Quot.sound]
'Math115.CompletionRandomBudget.clog_product_bound' depends on axioms: [propext, Classical.choice, Quot.sound]
'Math115.CompletionRandomBudget.clog_power_bound' depends on axioms: [propext, Classical.choice, Quot.sound]
'Math115.CompletionRandomBudget.binarySize_positive' depends on axioms: [propext, Quot.sound]
'Math115.CompletionRandomBudget.combinedSize_at_least_fifteen' depends on axioms: [propext, Quot.sound]
'Math115.CompletionRandomBudget.restart_polynomial' depends on axioms: [propext, Classical.choice, Quot.sound]
'Math115.CompletionRandomBudget.restart_log_bound' depends on axioms: [propext, Classical.choice, Quot.sound]
'Math115.CompletionRandomBudget.mass_base_log_bound' depends on axioms: [propext, Classical.choice, Quot.sound]
'Math115.CompletionRandomBudget.fineBinary_log_bound' depends on axioms: [propext, Classical.choice, Quot.sound]
'Math115.CompletionRandomBudget.mix_polynomial' depends on axioms: [propext, Classical.choice, Quot.sound]
'Math115.CompletionRandomBudget.walk_polynomial' depends on axioms: [propext, Classical.choice, Quot.sound]
'Math115.CompletionRandomBudget.walk_log_bound' depends on axioms: [propext, Classical.choice, Quot.sound]
'Math115.CompletionRandomBudget.step_precision_polynomial' depends on axioms: [propext, Classical.choice, Quot.sound]
'Math115.CompletionRandomBudget.terminal_precision_polynomial' depends on axioms: [propext,
 Classical.choice,
 Quot.sound]
'Math115.CompletionRandomBudget.finePrecision_upper' depends on axioms: [propext, Classical.choice, Quot.sound]
'Math115.CompletionRandomBudget.finePrecision_polynomial' depends on axioms: [propext, Classical.choice, Quot.sound]
'Math115.CompletionRandomBudget.completion_product_factor' depends on axioms: [propext]
'Math115.CompletionRandomBudget.completion_reservation_polynomial' depends on axioms: [propext,
 Classical.choice,
 Quot.sound]
'Math115.CompletionRandomBudget.proposal_log_bound' depends on axioms: [propext, Classical.choice, Quot.sound]
'Math115.CompletionRandomBudget.reservation_le_three' depends on axioms: [propext, Classical.choice, Quot.sound]
'Math115.CompletionRandomBudget.reservation_product_factor' depends on axioms: [propext]
'Math115.CompletionRandomBudget.combined_product_factor' depends on axioms: [propext]
'Math115.CompletionRandomBudget.totalReservedBits_separated' depends on axioms: [propext, Classical.choice, Quot.sound]
'Math115.CompletionRandomBudget.totalReservedBits_combined' depends on axioms: [propext, Classical.choice, Quot.sound]
'Math115.CompletionEncodingSize.Margins' does not depend on any axioms
'Math115.CompletionEncodingSize.WordInput' does not depend on any axioms
'Math115.CompletionEncodingSize.dimension' does not depend on any axioms
'Math115.CompletionEncodingSize.massTotal' depends on axioms: [propext]
'Math115.CompletionEncodingSize.measure' depends on axioms: [propext, Quot.sound]
'Math115.CompletionEncodingSize.bankCoefficient' depends on axioms: [propext]
'Math115.CompletionEncodingSize.inputEnvelope' depends on axioms: [propext, Classical.choice, Quot.sound]
'Math115.CompletionEncodingSize.pow_two_add_le' depends on axioms: [propext, Classical.choice, Quot.sound]
'Math115.CompletionEncodingSize.nat_succ_le_pow_weight' depends on axioms: [propext, Classical.choice, Quot.sound]
'Math115.CompletionEncodingSize.sum_add_two_le_pow_weight' depends on axioms: [propext, Classical.choice, Quot.sound]
'Math115.CompletionEncodingSize.clog_sum_add_two_le_weight' depends on axioms: [propext, Classical.choice, Quot.sound]
'Math115.CompletionEncodingSize.margin_weight_at_least_three' depends on axioms: [propext, Quot.sound]
'Math115.CompletionEncodingSize.measure_at_least_six' depends on axioms: [propext, Quot.sound]
'Math115.CompletionEncodingSize.dimension_at_least_eleven' depends on axioms: [propext, Quot.sound]
'Math115.CompletionEncodingSize.dimension_le_weight_square' depends on axioms: [propext, Quot.sound]
'Math115.CompletionEncodingSize.binary_mass_le_weight' depends on axioms: [propext, Classical.choice, Quot.sound]
'Math115.CompletionEncodingSize.combinedSize_le_twice_measure_square' depends on axioms: [propext,
 Classical.choice,
 Quot.sound]
'Math115.CompletionEncodingSize.bank_bound' depends on axioms: [propext, Classical.choice, Quot.sound]
'Math115.CompletionEncodingSize.input_weight_bound' depends on axioms: [propext, Classical.choice, Quot.sound]
'Math115.CompletionEncodingSize.reserved_program_work' depends on axioms: [propext, Classical.choice, Quot.sound]
'Math115.CompletionEncodingSize.weight_nat_list_le_word_length' depends on axioms: [propext, Quot.sound]
'Math115.CompletionEncodingSize.margin_weight_le_literal_length' depends on axioms: [propext, Quot.sound]
'Math115.CompletionEncodingSize.measure_le_literal_length_numeric' depends on axioms: [propext, Quot.sound]
'Math115.CompletionEncodingSize.dimension_ofFn' depends on axioms: [propext, Classical.choice, Quot.sound]
'Math115.CompletionEncodingSize.massTotal_ofFn' depends on axioms: [propext, Classical.choice, Quot.sound]
'Math115.CompletionPublicSize.bankCoefficient' depends on axioms: [propext]
'Math115.CompletionPublicSize.wordMeasureCoefficient' depends on axioms: [propext]
'Math115.CompletionPublicSize.clog_mass_add_two_le' depends on axioms: [propext, Classical.choice, Quot.sound]
'Math115.CompletionPublicSize.samplingSize_at_least_two' depends on axioms: [propext, Classical.choice, Quot.sound]
'Math115.CompletionPublicSize.combinedSize_public_bound' depends on axioms: [propext, Classical.choice, Quot.sound]
'Math115.CompletionPublicSize.reservation_public_bound' depends on axioms: [propext, Classical.choice, Quot.sound]
'Math115.CompletionPublicSize.literal_input_and_bank_public_bound' depends on axioms: [propext,
 Classical.choice,
 Quot.sound]
'Math115.DenseLatticeCompletion.dilation_positive' depends on axioms: [propext, Quot.sound]
'Math115.DenseLatticeCompletion.denseRows' depends on axioms: [propext, Classical.choice, Quot.sound]
'Math115.DenseLatticeCompletion.denseColumns' depends on axioms: [propext, Classical.choice, Quot.sound]
'Math115.DenseLatticeCompletion.fineOptionEquiv' depends on axioms: [propext, Classical.choice, Quot.sound]
'Math115.DenseLatticeCompletion.optionMargin_code' depends on axioms: [propext, Classical.choice, Quot.sound]
'Math115.DenseLatticeCompletion.fineOption_tableOutput' depends on axioms: [propext, Classical.choice, Quot.sound]
'Math115.DenseLatticeCompletion.denseRows_minimum' depends on axioms: [propext, Classical.choice, Quot.sound]
'Math115.DenseLatticeCompletion.denseColumns_minimum' depends on axioms: [propext, Classical.choice, Quot.sound]
'Math115.DenseLatticeCompletion.dense_totals' depends on axioms: [propext, Classical.choice, Quot.sound]
'Math115.DenseLatticeCompletion.fineBits' depends on axioms: [propext, Classical.choice, Quot.sound]
'Math115.DenseLatticeCompletion.fineBits_pos' depends on axioms: [propext, Classical.choice, Quot.sound]
'Math115.DenseLatticeCompletion.fineDraw' depends on axioms: [propext, Classical.choice, Quot.sound]
'Math115.DenseLatticeCompletion.fineDraw_canonicalCode' depends on axioms: [propext, Classical.choice, Quot.sound]
'Math115.DenseLatticeCompletion.fineDraw_matrixCode' depends on axioms: [propext, Classical.choice, Quot.sound]
'Math115.DenseLatticeCompletion.fineLaw' depends on axioms: [propext, Classical.choice, Quot.sound]
'Math115.DenseLatticeCompletion.dyadic_cast' depends on axioms: [propext, Classical.choice, Quot.sound]
'Math115.DenseLatticeCompletion.fineLaw_variation' depends on axioms: [propext, Classical.choice, Quot.sound]
'Math115.DenseLatticeCompletion.fineBits_polynomial' depends on axioms: [propext, Classical.choice, Quot.sound]
'Math115.DenseLatticeCompletion.completionLaw' depends on axioms: [propext, Classical.choice, Quot.sound]
'Math115.DenseLatticeCompletion.completionLaw_variation' depends on axioms: [propext, Classical.choice, Quot.sound]
'Math115.DenseLatticeCompletion.completionBits' depends on axioms: [propext, Classical.choice, Quot.sound]
'Math115.DenseLatticeCompletion.completionBits_bound' depends on axioms: [propext, Classical.choice, Quot.sound]
'Math115.DenseLatticeCompletion.completionDraw' depends on axioms: [propext, Classical.choice, Quot.sound]
'Math115.DenseLatticeCompletion.completionDraw_law' depends on axioms: [propext, Classical.choice, Quot.sound]
'Math115.DenseLatticeCompletion.completionDraw_variation' depends on axioms: [propext, Classical.choice, Quot.sound]
'Math115.DenseLatticeCompletionProvedInputs.fineLaw_variation' depends on axioms: [propext,
 Classical.choice,
 Quot.sound]
'Math115.DenseLatticeCompletionProvedInputs.completionLaw_variation' depends on axioms: [propext,
 Classical.choice,
 Quot.sound]
'Math115.DenseLatticeCompletionProvedInputs.completionDraw_variation' depends on axioms: [propext,
 Classical.choice,
 Quot.sound]
'Math115.PhysicalLatticeCompletion.RowTail' does not depend on any axioms
'Math115.PhysicalLatticeCompletion.ColumnTail' does not depend on any axioms
'Math115.PhysicalLatticeCompletion.rowFree' depends on axioms: [propext, Classical.choice, Quot.sound]
'Math115.PhysicalLatticeCompletion.columnFree' depends on axioms: [propext, Classical.choice, Quot.sound]
'Math115.PhysicalLatticeCompletion.rowIndex' depends on axioms: [propext, Classical.choice, Quot.sound]
'Math115.PhysicalLatticeCompletion.columnIndex' depends on axioms: [propext, Classical.choice, Quot.sound]
'Math115.PhysicalLatticeCompletion.finiteRows' depends on axioms: [propext, Classical.choice, Quot.sound]
'Math115.PhysicalLatticeCompletion.finiteColumns' depends on axioms: [propext, Classical.choice, Quot.sound]
'Math115.PhysicalLatticeCompletion.finiteReferenceEquiv' depends on axioms: [propext, Classical.choice, Quot.sound]
'Math115.PhysicalLatticeCompletion.finite_totals' depends on axioms: [propext, Classical.choice, Quot.sound]
'Math115.PhysicalLatticeCompletion.row_count_eq' depends on axioms: [propext, Classical.choice, Quot.sound]
'Math115.PhysicalLatticeCompletion.column_count_eq' depends on axioms: [propext, Classical.choice, Quot.sound]
'Math115.PhysicalLatticeCompletion.finite_row_lower' depends on axioms: [propext, Classical.choice, Quot.sound]
'Math115.PhysicalLatticeCompletion.finite_column_lower' depends on axioms: [propext, Classical.choice, Quot.sound]
'Math115.PhysicalLatticeCompletion.finite_dimensions' depends on axioms: [propext, Classical.choice, Quot.sound]
'Math115.PhysicalLatticeCompletion.finite_free_dimension' depends on axioms: [propext, Classical.choice, Quot.sound]
'Math115.PhysicalLatticeCompletion.dimension_fourteen' depends on axioms: [propext, Classical.choice, Quot.sound]
'Math115.PhysicalLatticeCompletion.finite_row_upper' depends on axioms: [propext, Classical.choice, Quot.sound]
'Math115.PhysicalLatticeCompletion.finiteFallback' depends on axioms: [propext, Classical.choice, Quot.sound]
'Math115.PhysicalLatticeCompletion.FineOracleFamily' depends on axioms: [propext, Classical.choice, Quot.sound]
'Math115.PhysicalLatticeCompletion.latticeOracle' depends on axioms: [propext, Classical.choice, Quot.sound]
'Math115.PhysicalLatticeCompletion.latticeOracle_accuracy' depends on axioms: [propext, Classical.choice, Quot.sound]
'Math115.PhysicalLatticeCompletion.lattice_selected_step_accuracy' depends on axioms: [propext,
 Classical.choice,
 Quot.sound]
'Math115.PhysicalLatticeCompletion.lattice_selected_terminal_accuracy' depends on axioms: [propext,
 Classical.choice,
 Quot.sound]
'Math115.PhysicalLatticeCompletion.denseFineOracle' depends on axioms: [propext, Classical.choice, Quot.sound]
'Math115.PhysicalLatticeCompletion.denseOracle' depends on axioms: [propext, Classical.choice, Quot.sound]
'Math115.PhysicalLatticeCompletion.denseOracle_accuracy' depends on axioms: [propext, Classical.choice, Quot.sound]
'Math115.PhysicalLatticeCompletion.dense_selected_step_accuracy' depends on axioms: [propext,
 Classical.choice,
 Quot.sound]
'Math115.PhysicalLatticeCompletion.dense_selected_terminal_accuracy' depends on axioms: [propext,
 Classical.choice,
 Quot.sound]
'Math115.PhysicalLatticeCompletion.denseOuterLaw' depends on axioms: [propext, Classical.choice, Quot.sound]
'Math115.PhysicalLatticeCompletion.denseOuterLaw_variation' depends on axioms: [propext, Classical.choice, Quot.sound]
'Math115.PhysicalLatticeCompletion.fineRowBound' depends on axioms: [propext, Classical.choice, Quot.sound]
'Math115.PhysicalLatticeCompletion.fineBinaryLength' depends on axioms: [propext, Classical.choice, Quot.sound]
'Math115.PhysicalLatticeCompletion.reservedFineBits' depends on axioms: [propext, Classical.choice, Quot.sound]
'Math115.PhysicalLatticeCompletion.reservedCompletionBits' depends on axioms: [propext, Classical.choice, Quot.sound]
'Math115.PhysicalLatticeCompletion.dense_fine_row_upper' depends on axioms: [propext, Classical.choice, Quot.sound]
'Math115.PhysicalLatticeCompletion.fineBits_le_reserved' depends on axioms: [propext, Classical.choice, Quot.sound]
'Math115.PhysicalLatticeCompletion.completionBits_le_reserved' depends on axioms: [propext,
 Classical.choice,
 Quot.sound]
Axiom allowlist passed for 863 declarations.
Verification completed: 2026-10-09T21:37:35Z
