'OAI.ContingencyTables.IntegerWeightedTransport.leafEnergySum_le_graphEnergy' depends on axioms: [propext,
 Classical.choice,
 Quot.sound]
'OAI.ContingencyTables.IntegerWeightedTransport.integer_root_graph_transport' depends on axioms: [propext,
 Classical.choice,
 Quot.sound]
'OAI.ContingencyTables.IntegerWeightedTransport.weightedFuture_upper_quadratic' depends on axioms: [propext,
 Classical.choice,
 Quot.sound]
'OAI.ContingencyTables.IntegerWeightedTransport.weightedFuture_upper_quarter' depends on axioms: [propext,
 Classical.choice,
 Quot.sound]
'OAI.ContingencyTables.IntegerWeightedTransport.correctionKernel_upper_quarter' depends on axioms: [propext,
 Classical.choice,
 Quot.sound]
'OAI.ContingencyTables.IntegerWeightedTransport.recursive_root_potential_quarter' depends on axioms: [propext,
 Classical.choice,
 Quot.sound]
'OAI.ContingencyTables.IntegerWeightedTransport.integer_root_leaf_transport_quarter' depends on axioms: [propext,
 Classical.choice,
 Quot.sound]
'OAI.ContingencyTables.IntegerWeightedTransport.integer_root_graph_transport_quarter' depends on axioms: [propext,
 Classical.choice,
 Quot.sound]
'OAI.ContingencyTables.IntegerWeightedTransport.recursive_root_potential_widths' depends on axioms: [propext,
 Classical.choice,
 Quot.sound]
'OAI.ContingencyTables.IntegerWeightedTransport.integer_root_leaf_transport_widths' depends on axioms: [propext,
 Classical.choice,
 Quot.sound]
'Math115.GlobalDisplayOwnership.edge_owner_unique_upstream' depends on axioms: [propext, Quot.sound]
'Math115.SmallEntrySwitching.all_donor_incidence_bound' depends on axioms: [propext, Classical.choice, Quot.sound]
'Math115.SmallEntrySwitching.donor_capacity_sum_lower' depends on axioms: [propext, Classical.choice, Quot.sound]
'Math115.SmallEntrySwitching.donor_capacity_sum_lower_of_margins' depends on axioms: [propext,
 Classical.choice,
 Quot.sound]
'Math115.SmallEntrySwitching.all_donor_small_entry_count_refined' depends on axioms: [propext,
 Classical.choice,
 Quot.sound]
'Math115.SmallEntrySwitching.all_donor_small_entry_count' depends on axioms: [propext, Classical.choice, Quot.sound]
'Math115.SmallEntrySwitching.all_donor_small_entry_probability_refined' depends on axioms: [propext,
 Classical.choice,
 Quot.sound]
'Math115.SmallEntrySwitching.all_donor_small_entry_probability' depends on axioms: [propext,
 Classical.choice,
 Quot.sound]
'Math115.SmallEntryTail.shiftEquiv' depends on axioms: [propext, Classical.choice, Quot.sound]
'Math115.SmallEntryTail.shiftPositiveEquiv' depends on axioms: [propext, Classical.choice, Quot.sound]
'Math115.SmallEntryTail.survival_step' depends on axioms: [propext, Classical.choice, Quot.sound]
'Math115.SmallEntryTail.survival_step_real' depends on axioms: [propext, Classical.choice, Quot.sound]
'Math115.SmallEntryTail.small_card_add_survival' depends on axioms: [propext, Classical.choice, Quot.sound]
'Math115.SmallEntryTail.all_donor_small_entry_count_strong' depends on axioms: [propext, Classical.choice, Quot.sound]
'Math115.SmallEntryTail.all_donor_small_entry_probability_strong' depends on axioms: [propext,
 Classical.choice,
 Quot.sound]
'Math115.SmallEntryTail.all_donor_survival_product_count' depends on axioms: [propext, Classical.choice, Quot.sound]
'Math115.SmallEntryTail.all_donor_small_entry_probability_product' depends on axioms: [propext,
 Classical.choice,
 Quot.sound]
'Math115.SmallEntryTail.survival_sum_le_entry_sum' depends on axioms: [propext, Classical.choice, Quot.sound]
'Math115.SmallEntryTail.all_donor_entry_sum_lower' depends on axioms: [propext, Classical.choice, Quot.sound]
'Math115.SmallEntryTail.all_donor_entry_mean_lower' depends on axioms: [propext, Classical.choice, Quot.sound]
'Math115.SurvivalAlgebra.nat_lower_tail_linear_bound' depends on axioms: [propext, Classical.choice, Quot.sound]
'Math115.SurvivalAlgebra.nat_survival_product_bound' depends on axioms: [propext, Classical.choice, Quot.sound]
'Math115.SurvivalAlgebra.nat_mean_tail_sum_bound' depends on axioms: [propext, Classical.choice, Quot.sound]
'Math115.DenseScaleConditions.width_bounds' depends on axioms: [propext, Classical.choice, Quot.sound]
'Math115.proposed_dense_scales' depends on axioms: [propext, Classical.choice, Quot.sound]
'Math115.proposed_padding_scales' depends on axioms: [propext, Classical.choice, Quot.sound]
'Math115.sharper_enlarged_margin_padding_scales' depends on axioms: [propext, Classical.choice, Quot.sound]
'Math115.shape_aware_linear_tail_budget' depends on axioms: [propext, Classical.choice, Quot.sound]
'Math115.shape_aware_linear_unpadding_error_le_half' depends on axioms: [propext, Classical.choice, Quot.sound]
'Math115.PaddedMarginBridge.marked_incident_margins' depends on axioms: [propext, Classical.choice, Quot.sound]
'Math115.PaddedMarginBridge.large_padding_good_card' depends on axioms: [propext, Classical.choice, Quot.sound]
'Math115.PaddedMarginBridge.enlarged_bad_count' depends on axioms: [propext, Classical.choice, Quot.sound]
'Math115.PaddedMarginBridge.sharper_padded_count_le_twice_original' depends on axioms: [propext,
 Classical.choice,
 Quot.sound]
'Math115.PaddedMarginBridge.enlarged_bad_count_strong' depends on axioms: [propext, Classical.choice, Quot.sound]
'Math115.PaddedMarginBridge.shape_aware_padded_count_le_twice_original' depends on axioms: [propext,
 Classical.choice,
 Quot.sound]
'Math115.PhysicalLeafEnergy.leafEnergySum_eq_physicalLeafEnergy' depends on axioms: [propext,
 Classical.choice,
 Quot.sound]
'Math115.PhysicalLeafEnergy.physicalLeafEnergy_tendsto' depends on axioms: [propext, Classical.choice, Quot.sound]
'Math115.PhysicalLeafEnergy.leafEnergySum_truncate_eq' depends on axioms: [propext, Classical.choice, Quot.sound]
'Math115.PhysicalLeafEnergy.physicalLeafEdges_subset' depends on axioms: [propext, Classical.choice, Quot.sound]
'Math115.PhysicalLeafEnergy.physicalLeafEdges_owner_unique' depends on axioms: [propext, Classical.choice, Quot.sound]
'Math115.PhysicalLeafEnergy.owner_unique' depends on axioms: [propext, Classical.choice, Quot.sound]
'Math115.PhysicalLeafEnergy.ownerEdges_pairwiseDisjoint' depends on axioms: [propext, Classical.choice, Quot.sound]
'Math115.PhysicalLeafEnergy.sum_ownerEnergy_le_physicalEnergy' depends on axioms: [propext,
 Classical.choice,
 Quot.sound]
'Math115.PhysicalLeafEnergy.sum_ownerEnergy_hardMarginal_le' depends on axioms: [propext, Classical.choice, Quot.sound]
'Math115.PhysicalLeafEnergy.leafEnergySum_tendsto' depends on axioms: [propext, Classical.choice, Quot.sound]
'Math115.PhysicalLeafEnergy.integer_root_leaf_transport_quarter_limit' depends on axioms: [propext,
 Classical.choice,
 Quot.sound]
'Math115.PhysicalLeafEnergy.integer_box_root_leaf_transport_quarter_limit' depends on axioms: [propext,
 Classical.choice,
 Quot.sound]
'Math115.PhysicalLeafEnergy.context_box_leaf_transport_quarter' depends on axioms: [propext,
 Classical.choice,
 Quot.sound]
'Math115.PhysicalLeafEnergy.repaired_root_transport_quarter' depends on axioms: [propext, Classical.choice, Quot.sound]
'Math115.PhysicalLeafEnergy.adjacent_physical_leaf_transport_quarter' depends on axioms: [propext,
 Classical.choice,
 Quot.sound]
'Math115.PhysicalLeafEnergy.ownerContrast_le_ownerEnergy' depends on axioms: [propext, Classical.choice, Quot.sound]
'Math115.PhysicalLeafEnergy.sum_ownerContrast_le_physicalEnergy' depends on axioms: [propext,
 Classical.choice,
 Quot.sound]
'Math115.PathDistanceSum.sum_values_eq_triangle' depends on axioms: [propext, Classical.choice, Quot.sound]
'Math115.PathDistanceSum.sum_dist_eq_two_triangles' depends on axioms: [propext, Classical.choice, Quot.sound]
'Math115.PathDistanceSum.sum_dist_eq_triangle_sub' depends on axioms: [propext, Classical.choice, Quot.sound]
'Math115.PathDistanceSum.sum_dist_le_triangle' depends on axioms: [propext, Classical.choice, Quot.sound]
'Math115.PathVariance.pathEnergy_nonneg' depends on axioms: [propext, Classical.choice, Quot.sound]
'Math115.PathVariance.weighted_pair_path_bound' depends on axioms: [propext, Classical.choice, Quot.sound]
'Math115.PathVariance.centered_at_mode_term' depends on axioms: [propext, Classical.choice, Quot.sound]
'Math115.PathVariance.weighted_path_variance_mode' depends on axioms: [propext, Classical.choice, Quot.sound]
'Math115.PathVariance.weighted_path_variance_mode_sharp' depends on axioms: [propext, Classical.choice, Quot.sound]
'Math115.PathVariance.weighted_path_variance_bound' depends on axioms: [propext, Classical.choice, Quot.sound]
'Math115.PathVariance.weighted_path_variance_of_adjacent' depends on axioms: [propext, Classical.choice, Quot.sound]
'Math115.PathVariance.child_variance_path_bound' depends on axioms: [propext, Classical.choice, Quot.sound]
'Math115.PathVariance.child_variance_limit_path_bound' depends on axioms: [propext, Classical.choice, Quot.sound]
'Math115.PhysicalExposureVariance.variance_eq_sum_prefixContribution' depends on axioms: [propext,
 Classical.choice,
 Quot.sound]
'Math115.PhysicalExposureVariance.canonical_context_variance_le_contrasts' depends on axioms: [propext,
 Classical.choice,
 Quot.sound]
'Math115.PhysicalExposureVariance.canonical_eliminate_eq_word_fibre' depends on axioms: [propext,
 Classical.choice,
 Quot.sound]
'Math115.PhysicalExposureVariance.word_context_variance_le_ownerContrasts' depends on axioms: [propext,
 Classical.choice,
 Quot.sound]
'Math115.PhysicalExposureVariance.prefixContribution_le_ownerContrasts' depends on axioms: [propext,
 Classical.choice,
 Quot.sound]
'Math115.PhysicalExposureVariance.variance_le_sum_ownerContrasts' depends on axioms: [propext,
 Classical.choice,
 Quot.sound]
'Math115.PhysicalExposureVariance.physical_transversal_variance_localized' depends on axioms: [propext,
 Classical.choice,
 Quot.sound]
'Math115.PhysicalFullVariance.physical_full_variance_localized' depends on axioms: [propext,
 Classical.choice,
 Quot.sound]
'Math115.PhysicalFullVariance.physical_variance_localized' depends on axioms: [propext, Classical.choice, Quot.sound]
'Math115.PaddingGrowthAlgebra.envelope_eq' depends on axioms: [propext, Classical.choice, Quot.sound]
'Math115.PaddingGrowthAlgebra.envelope_step' depends on axioms: [propext, Classical.choice, Quot.sound]
'Math115.PaddingGrowthAlgebra.one_add_pow_le_envelope' depends on axioms: [propext, Classical.choice, Quot.sound]
'Math115.PaddingGrowthAlgebra.envelope_32_div_47' depends on axioms: [propext, Classical.choice, Quot.sound]
'Math115.PaddingGrowthAlgebra.envelope_le_10147_div_5123' depends on axioms: [propext, Classical.choice, Quot.sound]
'Math115.PaddingGrowthAlgebra.one_add_pow_le_10147_div_5123' depends on axioms: [propext, Classical.choice, Quot.sound]
'Math115.PaddingGrowthAlgebra.one_add_pow_lt_two' depends on axioms: [propext, Classical.choice, Quot.sound]
'Math115.PaddingGrowthAlgebra.count_le_twice_of_growth' depends on axioms: [propext, Classical.choice, Quot.sound]
'Math115.PaddingGrowth.one_unit_count_growth' depends on axioms: [propext, Classical.choice, Quot.sound]
'Math115.PaddingGrowth.one_cell_count_growth' depends on axioms: [propext, Classical.choice, Quot.sound]
'Math115.PaddingGrowth.largePadding_insert' depends on axioms: [propext, Classical.choice, Quot.sound]
'Math115.PaddingGrowth.paddedRows_insert' depends on axioms: [propext, Classical.choice, Quot.sound]
'Math115.PaddingGrowth.paddedColumns_insert' depends on axioms: [propext, Classical.choice, Quot.sound]
'Math115.PaddingGrowth.large_padding_count_growth' depends on axioms: [propext, Classical.choice, Quot.sound]
'Math115.PaddingGrowth.large_padding_count_eq_of_zero_donors' depends on axioms: [propext, Classical.choice, Quot.sound]
'Math115.PaddingGrowth.sequential_scale_budget' depends on axioms: [propext]
'Math115.PaddingGrowth.sequential_padded_count_le_twice_original' depends on axioms: [propext,
 Classical.choice,
 Quot.sound]
'Math115.PaddingGrowth.sequential_shape_scale_budget' depends on axioms: [propext, Quot.sound]
'Math115.PaddingGrowth.sequential_shape_padded_count_le_twice_original' depends on axioms: [propext,
 Classical.choice,
 Quot.sound]
'Math115.CompletionAdjustment.elementary_star_bounds' depends on axioms: [propext, Classical.choice, Quot.sound]
'Math115.CompletionAdjustment.elementary_star_reverse_bounds' depends on axioms: [propext, Classical.choice, Quot.sound]
'Math115.CompletionAdjustment.exchange_selected_sum_abs_le_one' depends on axioms: [propext,
 Classical.choice,
 Quot.sound]
'Math115.CompletionAdjustment.exchange_residual_margins_one' depends on axioms: [propext, Classical.choice, Quot.sound]
'Math115.CompletionAdjustment.exchange_reference_adjustment_bounds' depends on axioms: [propext,
 Classical.choice,
 Quot.sound]
'Math115.CompletionAdjustment.repair_residual_formula' depends on axioms: [propext, Classical.choice, Quot.sound]
'Math115.CompletionAdjustment.repair_reference_adjustment_bounds' depends on axioms: [propext,
 Classical.choice,
 Quot.sound]
'Math115.CompletionAdjustment.row_major_repair_conditional' depends on axioms: [propext, Quot.sound]
'Math115.CompletionAdjustment.repaired_profile_prefix' depends on axioms: [propext, Classical.choice, Quot.sound]
'Math115.CompletionAdjustment.translation_rejection_iff' depends on axioms: [propext, Classical.choice, Quot.sound]
'Math115.CompletionAdjustment.singleton_translation_nonnegative' depends on axioms: [propext,
 Classical.choice,
 Quot.sound]
'Math115.CompletionAdjustment.empty_rectangle_card_one' depends on axioms: [propext, Classical.choice, Quot.sound]
'Math115.CompletionAdjustment.physical_empty_completion_weight' depends on axioms: [propext,
 Classical.choice,
 Quot.sound]
'Math115.CompletionAdjustment.repair_reference_elementary' depends on axioms: [propext, Classical.choice, Quot.sound]
'Math115.CompletionAdjustment.repair_reverse_reference_adjustment_bounds' depends on axioms: [propext,
 Classical.choice,
 Quot.sound]
'Math115.ReferenceEdgeAcceptance.zero_entry_count' depends on axioms: [propext, Classical.choice, Quot.sound]
'Math115.ReferenceEdgeAcceptance.rejected_card_eq_zero_union' depends on axioms: [propext, Classical.choice, Quot.sound]
'Math115.ReferenceEdgeAcceptance.rejected_count' depends on axioms: [propext, Classical.choice, Quot.sound]
'Math115.ReferenceEdgeAcceptance.rejected_count_le_two' depends on axioms: [propext, Classical.choice, Quot.sound]
'Math115.ReferenceEdgeAcceptance.rejected_add_accepted' depends on axioms: [propext, Classical.choice, Quot.sound]
'Math115.ReferenceEdgeAcceptance.rejection_probability_le' depends on axioms: [propext, Classical.choice, Quot.sound]
'Math115.ReferenceEdgeAcceptance.accepted_half_count' depends on axioms: [propext, Classical.choice, Quot.sound]
'Math115.ReferenceEdgeAcceptance.betweenAcceptedEquiv' depends on axioms: [propext, Classical.choice, Quot.sound]
'Math115.ReferenceEdgeAcceptance.singleton_between_accepted_card' depends on axioms: [propext,
 Classical.choice,
 Quot.sound]
'Math115.ReferenceEdgeAcceptance.between_accepted_half_count' depends on axioms: [propext, Classical.choice, Quot.sound]
'Math115.ReferenceEdgeAcceptance.designated_repair_adjustment_bounds' depends on axioms: [propext,
 Classical.choice,
 Quot.sound]
'Math115.ReferenceEdgeAcceptance.physical_reference_adjustment_bounds' depends on axioms: [propext,
 Classical.choice,
 Quot.sound]
'Math115.ReferenceEdgeAcceptance.reference_edge_acceptance_reduced' depends on axioms: [propext,
 Classical.choice,
 Quot.sound]
'Math115.SmallChainGap.fullConstant_le_polynomial' depends on axioms: [propext, Classical.choice, Quot.sound]
'Math115.SmallChainGap.smallProposal_localized_budget' depends on axioms: [propext, Classical.choice, Quot.sound]
'Math115.SmallChainGap.chain_poincare_localized' depends on axioms: [propext, Classical.choice, Quot.sound]
'Math115.SmallChainGap.paper_state_variance_localized' depends on axioms: [propext, Classical.choice, Quot.sound]
'Math115.SmallChainGap.paperSmallChain_poincare_exact' depends on axioms: [propext, Classical.choice, Quot.sound]
'Math115.SmallChainGap.paperSmallChain_poincare_d85' depends on axioms: [propext, Classical.choice, Quot.sound]
'Math115.SmallChainGap.unitSmallChain_poincare_exact' depends on axioms: [propext, Classical.choice, Quot.sound]
'Math115.SmallChainGap.unitSmallChain_poincare_d85' depends on axioms: [propext, Classical.choice, Quot.sound]
'Math115.ReducedSmallChain.chain' depends on axioms: [propext, Classical.choice, Quot.sound]
'Math115.ReducedSmallChain.chain_pi' depends on axioms: [propext, Classical.choice, Quot.sound]
'Math115.ReducedSmallChain.state_variance_localized' depends on axioms: [propext, Classical.choice, Quot.sound]
'Math115.ReducedSmallChain.nonreference_product_le_allowance' depends on axioms: [propext, Classical.choice, Quot.sound]
'Math115.ReducedSmallChain.chain_energy_lower' depends on axioms: [propext, Classical.choice, Quot.sound]
'Math115.ReducedSmallChain.chain_poincare_exact' depends on axioms: [propext, Classical.choice, Quot.sound]
'Math115.ReducedSmallChain.chain_poincare_polynomial' depends on axioms: [propext, Classical.choice, Quot.sound]
'Math115.ReducedSmallChain.reducedChain' depends on axioms: [propext, Classical.choice, Quot.sound]
'Math115.ReducedSmallChain.reducedChain_poincare_d25' depends on axioms: [propext, Classical.choice, Quot.sound]
'Math115.ReducedAllSmallChain.unitChain' depends on axioms: [propext, Classical.choice, Quot.sound]
'Math115.ReducedAllSmallChain.weight_eq_one' depends on axioms: [propext, Classical.choice, Quot.sound]
'Math115.ReducedAllSmallChain.unitChain_pi' depends on axioms: [propext, Classical.choice, Quot.sound]
'Math115.ReducedAllSmallChain.unitChain_pi_weight' depends on axioms: [propext, Classical.choice, Quot.sound]
'Math115.ReducedAllSmallChain.graphEnergy_empty' depends on axioms: [propext, Classical.choice, Quot.sound]
'Math115.ReducedAllSmallChain.unitChain_energy' depends on axioms: [propext, Classical.choice, Quot.sound]
'Math115.ReducedAllSmallChain.unitChain_poincare_exact' depends on axioms: [propext, Classical.choice, Quot.sound]
'Math115.ReducedAllSmallChain.unitChain_poincare_polynomial' depends on axioms: [propext, Classical.choice, Quot.sound]
'Math115.ReducedAllSmallChain.missing_reference_empty' depends on axioms: [propext, Classical.choice, Quot.sound]
'Math115.ReducedAllSmallChain.selectedChain' depends on axioms: [propext, Classical.choice, Quot.sound]
'Math115.ReducedAllSmallChain.selectedChain_pi' depends on axioms: [propext, Classical.choice, Quot.sound]
'Math115.ReducedAllSmallChain.selectedChain_poincare_exact' depends on axioms: [propext, Classical.choice, Quot.sound]
'Math115.ReducedAllSmallChain.selectedChain_poincare_polynomial' depends on axioms: [propext,
 Classical.choice,
 Quot.sound]
'Math115.ReducedAllSmallChain.reducedUnitChain' depends on axioms: [propext, Classical.choice, Quot.sound]
'Math115.ReducedAllSmallChain.reducedUnitChain_poincare_d25' depends on axioms: [propext, Classical.choice, Quot.sound]
'Math115.ReducedAllSmallChain.reducedSelectedChain' depends on axioms: [propext, Classical.choice, Quot.sound]
'Math115.ReducedAllSmallChain.reducedSelectedChain_poincare_d25' depends on axioms: [propext,
 Classical.choice,
 Quot.sound]
'Math115.RepairVarianceRefinement.square_repair_young' depends on axioms: [propext, Classical.choice, Quot.sound]
'Math115.RepairVarianceRefinement.repair_sqrt_coefficient_nonnegative' depends on axioms: [propext,
 Classical.choice,
 Quot.sound]
'Math115.RepairVarianceRefinement.repair_sqrt_coefficient_le_source' depends on axioms: [propext,
 Classical.choice,
 Quot.sound]
'Math115.RepairVarianceRefinement.repair_sqrt_coefficient_le_triangle' depends on axioms: [propext,
 Classical.choice,
 Quot.sound]
'Math115.RepairVarianceRefinement.variance_sum_repair_young' depends on axioms: [propext, Classical.choice, Quot.sound]
'Math115.RepairVarianceRefinement.variance_sum_repair_sqrt' depends on axioms: [propext, Classical.choice, Quot.sound]
'Math115.RepairVarianceRefinement.variance_repaired_energy_sqrt' depends on axioms: [propext,
 Classical.choice,
 Quot.sound]
'Math115.PhysicalStateNonempty.paddedTable' depends on axioms: [propext, Classical.choice, Quot.sound]
'Math115.PhysicalStateNonempty.small_entry_le' depends on axioms: [propext, Classical.choice, Quot.sound]
'Math115.PhysicalStateNonempty.states_nonempty_of_table' depends on axioms: [propext, Classical.choice, Quot.sound]
'Math115.PhysicalStateNonempty.states_nonempty' depends on axioms: [propext, Classical.choice, Quot.sound]
'Math115.PhysicalStateNonempty.feasibleReducedChain' depends on axioms: [propext, Classical.choice, Quot.sound]
'Math115.PhysicalStateNonempty.feasibleReducedChain_pi' depends on axioms: [propext, Classical.choice, Quot.sound]
'Math115.PhysicalStateNonempty.feasibleReducedChain_poincare_d25' depends on axioms: [propext,
 Classical.choice,
 Quot.sound]
'Math115.IdealOracleScales.idealL' does not depend on any axioms
'Math115.IdealOracleScales.idealU' depends on axioms: [propext]
'Math115.IdealOracleScales.threshold_at_least_two' depends on axioms: [propext, Quot.sound]
'Math115.IdealOracleScales.padding_at_least_three_dimension' does not depend on any axioms
'Math115.IdealOracleScales.threshold_at_least_twice_padding' depends on axioms: [propext, Classical.choice, Quot.sound]
'Math115.IdealOracleScales.sequential_scale_budget' depends on axioms: [propext, Quot.sound]
'Math115.IdealOracleScales.padded_count_le_twice_original' depends on axioms: [propext, Classical.choice, Quot.sound]
'Math115.IdealOracleScales.padded_count_le_twice_successful' depends on axioms: [propext, Classical.choice, Quot.sound]
'Math115.IdealOracleScales.dense_padding_lower_bound' depends on axioms: [propext]
'Math115.IdealOracleScales.incompatible_dense_scales' depends on axioms: [propext, Quot.sound]
'Math115.IdealOracleScales.dimension_at_least_eleven' depends on axioms: [propext, Classical.choice, Quot.sound]
'Math115.IdealOracleScales.cutoff' depends on axioms: [propext, Classical.choice, Quot.sound]
'Math115.IdealOracleScales.padding' depends on axioms: [propext, Classical.choice, Quot.sound]
'Math115.IdealOracleScales.IdealStates' depends on axioms: [propext, Classical.choice, Quot.sound]
'Math115.IdealOracleScales.idealLarge' depends on axioms: [propext, Classical.choice, Quot.sound]
'Math115.IdealOracleScales.ideal_large_padded_count_le_twice_original' depends on axioms: [propext,
 Classical.choice,
 Quot.sound]
'Math115.IdealOracleScales.referenceChain' depends on axioms: [propext, Classical.choice, Quot.sound]
'Math115.IdealOracleScales.referenceChain_poincare_d17' depends on axioms: [propext, Classical.choice, Quot.sound]
'Math115.IdealOracleScales.selectedChain' depends on axioms: [propext, Classical.choice, Quot.sound]
'Math115.IdealOracleScales.selectedChain_poincare_d17' depends on axioms: [propext, Classical.choice, Quot.sound]
'Math115.IdealOracleScales.feasibleChain' depends on axioms: [propext, Classical.choice, Quot.sound]
'Math115.IdealOracleScales.feasibleChain_poincare_d17' depends on axioms: [propext, Classical.choice, Quot.sound]
'Math115.PhysicalRepairRefinement.refinedConstant' depends on axioms: [propext, Classical.choice, Quot.sound]
'Math115.PhysicalRepairRefinement.refinedConstant_nonnegative' depends on axioms: [propext,
 Classical.choice,
 Quot.sound]
'Math115.PhysicalRepairRefinement.refinedConstant_le_fullConstant' depends on axioms: [propext,
 Classical.choice,
 Quot.sound]
'Math115.PhysicalRepairRefinement.sqrt_coefficient_le_young' depends on axioms: [propext, Classical.choice, Quot.sound]
'Math115.PhysicalRepairRefinement.refinedConstant_le_polynomial' depends on axioms: [propext,
 Classical.choice,
 Quot.sound]
'Math115.PhysicalRepairRefinement.refinedProposal_budget' depends on axioms: [propext, Classical.choice, Quot.sound]
'Math115.PhysicalRepairRefinement.refinedReferenceProposal_budget' depends on axioms: [propext,
 Classical.choice,
 Quot.sound]
'Math115.PhysicalRepairRefinement.physical_full_variance_refined' depends on axioms: [propext,
 Classical.choice,
 Quot.sound]
'Math115.PhysicalRepairRefinement.physical_variance_refined' depends on axioms: [propext, Classical.choice, Quot.sound]
'Math115.PhysicalRepairRefinement.state_variance_refined' depends on axioms: [propext, Classical.choice, Quot.sound]
'Math115.PhysicalRepairRefinement.chain_poincare_exact_refined' depends on axioms: [propext,
 Classical.choice,
 Quot.sound]
'Math115.PhysicalRepairRefinement.unitChain_poincare_exact_refined' depends on axioms: [propext,
 Classical.choice,
 Quot.sound]
'Math115.PhysicalRepairRefinement.selectedChain_poincare_exact_refined' depends on axioms: [propext,
 Classical.choice,
 Quot.sound]
'Math115.PhysicalRepairRefinement.dimension_at_least_eleven' depends on axioms: [propext, Classical.choice, Quot.sound]
'Math115.PhysicalRepairRefinement.chain_poincare_polynomial_refined' depends on axioms: [propext,
 Classical.choice,
 Quot.sound]
'Math115.PhysicalRepairRefinement.unitChain_poincare_polynomial_refined' depends on axioms: [propext,
 Classical.choice,
 Quot.sound]
'Math115.PhysicalRepairRefinement.selectedChain_poincare_polynomial_refined' depends on axioms: [propext,
 Classical.choice,
 Quot.sound]
'Math115.IdealRepairRefinement.referenceChain_poincare_d17_refined' depends on axioms: [propext,
 Classical.choice,
 Quot.sound]
'Math115.IdealRepairRefinement.selectedChain_poincare_d17_refined' depends on axioms: [propext,
 Classical.choice,
 Quot.sound]
'Math115.IdealRepairRefinement.feasibleChain_poincare_d17_refined' depends on axioms: [propext,
 Classical.choice,
 Quot.sound]
'Math115.IdealRepairRefinement.unitChain_poincare_d17_refined' depends on axioms: [propext,
 Classical.choice,
 Quot.sound]
'Math115.ReducedRepairRefinement.reducedChain_poincare_d25_refined' depends on axioms: [propext,
 Classical.choice,
 Quot.sound]
'Math115.ReducedRepairRefinement.reducedUnitChain_poincare_d25_refined' depends on axioms: [propext,
 Classical.choice,
 Quot.sound]
'Math115.ReducedRepairRefinement.reducedSelectedChain_poincare_d25_refined' depends on axioms: [propext,
 Classical.choice,
 Quot.sound]
'Math115.ReducedRepairRefinement.feasibleReducedChain_poincare_d25_refined' depends on axioms: [propext,
 Classical.choice,
 Quot.sound]
'Math115.PhysicalStationaryMass.physical_mass_eq_profiles' depends on axioms: [propext, Classical.choice, Quot.sound]
'Math115.PhysicalStationaryMass.physical_mass_eq_words_defects' depends on axioms: [propext,
 Classical.choice,
 Quot.sound]
'Math115.PhysicalStationaryMass.defect_mass_le_words' depends on axioms: [propext, Classical.choice, Quot.sound]
'Math115.PhysicalStationaryMass.normalizer' depends on axioms: [propext, Classical.choice, Quot.sound]
'Math115.PhysicalStationaryMass.normalizer_le_padded_count' depends on axioms: [propext, Classical.choice, Quot.sound]
'Math115.PhysicalStationaryMass.normalizer_le_original_count' depends on axioms: [propext, Classical.choice, Quot.sound]
'Math115.PhysicalStationaryMass.normalizer_positive' depends on axioms: [propext, Classical.choice, Quot.sound]
'Math115.PhysicalStationaryMass.success_ratio_lower' depends on axioms: [propext, Classical.choice, Quot.sound]
'Math115.PhysicalStationarySuccess.paddedTable_small_rows' depends on axioms: [propext, Classical.choice, Quot.sound]
'Math115.PhysicalStationarySuccess.paddedTable_small_columns' depends on axioms: [propext, Classical.choice, Quot.sound]
'Math115.PhysicalStationarySuccess.originalJoint' depends on axioms: [propext, Classical.choice, Quot.sound]
'Math115.PhysicalStationarySuccess.originalJoint_projection' depends on axioms: [propext, Classical.choice, Quot.sound]
'Math115.PhysicalStationarySuccess.large_padding_rows' depends on axioms: [propext, Classical.choice, Quot.sound]
'Math115.PhysicalStationarySuccess.large_padding_columns' depends on axioms: [propext, Classical.choice, Quot.sound]
'Math115.PhysicalStationarySuccess.large' depends on axioms: [propext, Classical.choice, Quot.sound]
'Math115.PhysicalStationarySuccess.jointTable' depends on axioms: [propext, Classical.choice, Quot.sound]
'Math115.PhysicalStationarySuccess.originalSuccessfulJoint' depends on axioms: [propext, Classical.choice, Quot.sound]
'Math115.PhysicalStationarySuccess.unpadSuccessfulJoint' depends on axioms: [propext, Classical.choice, Quot.sound]
'Math115.PhysicalStationarySuccess.unpadSuccessfulJoint_val' depends on axioms: [propext, Classical.choice, Quot.sound]
'Math115.PhysicalStationarySuccess.successfulJointEquiv' depends on axioms: [propext, Classical.choice, Quot.sound]
'Math115.PhysicalStationarySuccess.stateJointProjection' depends on axioms: [propext, Classical.choice, Quot.sound]
'Math115.PhysicalStationarySuccess.stateJointProjection_injective' depends on axioms: [propext,
 Classical.choice,
 Quot.sound]
'Math115.PhysicalStationarySuccess.jointState' depends on axioms: [propext, Classical.choice, Quot.sound]
'Math115.PhysicalStationarySuccess.jointEmbedding' depends on axioms: [propext, Classical.choice, Quot.sound]
'Math115.PhysicalStationarySuccess.jointEmbedding_injective' depends on axioms: [propext, Classical.choice, Quot.sound]
'Math115.PhysicalStationarySuccess.jointEmbedding_balanced' depends on axioms: [propext, Classical.choice, Quot.sound]
'Math115.PhysicalStationarySuccess.balancedJointFromState' depends on axioms: [propext, Classical.choice, Quot.sound]
'Math115.PhysicalStationarySuccess.balancedJointFromState_projection' depends on axioms: [propext,
 Classical.choice,
 Quot.sound]
'Math115.PhysicalStationarySuccess.embedding_fromState' depends on axioms: [propext, Classical.choice, Quot.sound]
'Math115.PhysicalStationarySuccess.fromState_embedding' depends on axioms: [propext, Classical.choice, Quot.sound]
'Math115.PhysicalStationarySuccess.StateJointSuccess' depends on axioms: [propext, Classical.choice, Quot.sound]
'Math115.PhysicalStationarySuccess.successStateEquiv' depends on axioms: [propext, Classical.choice, Quot.sound]
'Math115.PhysicalStationarySuccess.originalStateSuccessEquiv' depends on axioms: [propext, Classical.choice, Quot.sound]
'Math115.PhysicalStationaryLaw.fibre_card_weight' depends on axioms: [propext, Classical.choice, Quot.sound]
'Math115.PhysicalStationaryLaw.fibreNonempty' depends on axioms: [propext, Classical.choice, Quot.sound]
'Math115.PhysicalStationaryLaw.stateJoint_card' depends on axioms: [propext, Classical.choice, Quot.sound]
'Math115.PhysicalStationaryLaw.stationaryRat' depends on axioms: [propext, Classical.choice, Quot.sound]
'Math115.PhysicalStationaryLaw.stationaryRat_cast' depends on axioms: [propext, Classical.choice, Quot.sound]
'Math115.PhysicalStationaryLaw.stationaryLaw' depends on axioms: [propext, Classical.choice, Quot.sound]
'Math115.PhysicalStationaryLaw.jointLaw' depends on axioms: [propext, Classical.choice, Quot.sound]
'Math115.PhysicalStationaryLaw.jointLaw_uniform' depends on axioms: [propext, Classical.choice, Quot.sound]
'Math115.PhysicalStationaryLaw.stationary_trial_mass' depends on axioms: [propext, Classical.choice, Quot.sound]
'Math115.PhysicalStationaryLaw.stationary_trial_mass_real' depends on axioms: [propext, Classical.choice, Quot.sound]
'Math115.PhysicalStationaryLaw.stationary_failure_mass' depends on axioms: [propext, Classical.choice, Quot.sound]
'Math115.PhysicalStationaryLaw.stationary_success_probability' depends on axioms: [propext,
 Classical.choice,
 Quot.sound]
'Math115.PhysicalStationaryLaw.stationary_success_lower' depends on axioms: [propext, Classical.choice, Quot.sound]
'Math115.PhysicalStationaryLaw.stationary_success_probability_lower' depends on axioms: [propext,
 Classical.choice,
 Quot.sound]
'Math115.PhysicalStationaryLaw.stationary_retry_mass' depends on axioms: [propext, Classical.choice, Quot.sound]
'Math115.PhysicalStationaryLaw.stationary_retry_variation' depends on axioms: [propext, Classical.choice, Quot.sound]
'Math115.PhysicalStationaryLaw.ideal_padded_count' depends on axioms: [propext, Classical.choice, Quot.sound]
'Math115.PhysicalStationaryLaw.ideal_stationary_success_lower' depends on axioms: [propext,
 Classical.choice,
 Quot.sound]
'Math115.PhysicalStationaryLaw.ideal_stationary_success_probability_lower' depends on axioms: [propext,
 Classical.choice,
 Quot.sound]
'Math115.PhysicalStationaryLaw.ideal_stationary_retry_variation' depends on axioms: [propext,
 Classical.choice,
 Quot.sound]
'Math115.PhysicalRationalKernel.proposalRat' depends on axioms: [propext, Classical.choice, Quot.sound]
'Math115.PhysicalRationalKernel.proposalRat_cast' depends on axioms: [propext, Classical.choice, Quot.sound]
'Math115.PhysicalRationalKernel.lawOfCast' depends on axioms: [propext, Classical.choice, Quot.sound]
'Math115.PhysicalRationalKernel.referenceMoveRat' depends on axioms: [propext, Classical.choice, Quot.sound]
'Math115.PhysicalRationalKernel.referenceTransitionRat' depends on axioms: [propext, Classical.choice, Quot.sound]
'Math115.PhysicalRationalKernel.referenceMoveRat_cast' depends on axioms: [propext, Classical.choice, Quot.sound]
'Math115.PhysicalRationalKernel.referenceTransitionRat_cast' depends on axioms: [propext, Classical.choice, Quot.sound]
'Math115.PhysicalRationalKernel.referenceTransitionLaw' depends on axioms: [propext, Classical.choice, Quot.sound]
'Math115.PhysicalRationalKernel.unitMoveRat' depends on axioms: [propext, Classical.choice, Quot.sound]
'Math115.PhysicalRationalKernel.unitTransitionRat' depends on axioms: [propext, Classical.choice, Quot.sound]
'Math115.PhysicalRationalKernel.unitMoveRat_cast' depends on axioms: [propext, Classical.choice, Quot.sound]
'Math115.PhysicalRationalKernel.unitTransitionRat_cast' depends on axioms: [propext, Classical.choice, Quot.sound]
'Math115.PhysicalRationalKernel.unitTransitionLaw' depends on axioms: [propext, Classical.choice, Quot.sound]
'Math115.PhysicalRationalKernel.selectedTransitionLaw' depends on axioms: [propext, Classical.choice, Quot.sound]
'Math115.PhysicalRationalKernel.selectedTransitionLaw_cast' depends on axioms: [propext, Classical.choice, Quot.sound]
'Math115.PhysicalRationalKernel.selectedWalkLaw' depends on axioms: [propext, Classical.choice, Quot.sound]
'Math115.PhysicalRationalKernel.selectedWalkLaw_cast' depends on axioms: [propext, Classical.choice, Quot.sound]
'Math115.PhysicalFiniteWalk.capacityBound' depends on axioms: [propext, Classical.choice, Quot.sound]
'Math115.PhysicalFiniteWalk.massAllowance' depends on axioms: [propext, Classical.choice, Quot.sound]
'Math115.PhysicalFiniteWalk.massAllowance_positive' depends on axioms: [propext, Classical.choice, Quot.sound]
'Math115.PhysicalFiniteWalk.capacity_le_bound' depends on axioms: [propext, Classical.choice, Quot.sound]
'Math115.PhysicalFiniteWalk.weight_at_least_one' depends on axioms: [propext, Classical.choice, Quot.sound]
'Math115.PhysicalFiniteWalk.total_mass_le' depends on axioms: [propext, Classical.choice, Quot.sound]
'Math115.PhysicalFiniteWalk.selectedChain_pi_lower' depends on axioms: [propext, Classical.choice, Quot.sound]
'Math115.PhysicalFiniteWalk.selectedWalkLaw_variation' depends on axioms: [propext, Classical.choice, Quot.sound]
'Math115.PhysicalFiniteWalk.walkJointLaw' depends on axioms: [propext, Classical.choice, Quot.sound]
'Math115.PhysicalFiniteWalk.walkJointLaw_variation_le' depends on axioms: [propext, Classical.choice, Quot.sound]
'Math115.PhysicalFiniteWalk.walkJointLaw_variation' depends on axioms: [propext, Classical.choice, Quot.sound]
'Math115.PhysicalFiniteWalk.outerLaw' depends on axioms: [propext, Classical.choice, Quot.sound]
'Math115.PhysicalFiniteWalk.outerLaw_variation' depends on axioms: [propext, Classical.choice, Quot.sound]
'Math115.PhysicalFiniteWalk.initialState' depends on axioms: [propext, Classical.choice, Quot.sound]
'Math115.PhysicalFiniteWalk.idealGapAllowance' depends on axioms: [propext, Classical.choice, Quot.sound]
'Math115.PhysicalFiniteWalk.idealGapAllowance_at_least_one' depends on axioms: [propext, Classical.choice, Quot.sound]
'Math115.PhysicalFiniteWalk.successAllowance' depends on axioms: [propext, Classical.choice, Quot.sound]
'Math115.PhysicalFiniteWalk.successAllowance_positive' depends on axioms: [propext, Classical.choice, Quot.sound]
'Math115.PhysicalFiniteWalk.idealOuterLaw' depends on axioms: [propext, Classical.choice, Quot.sound]
'Math115.PhysicalFiniteWalk.idealOuterLaw_variation' depends on axioms: [propext, Classical.choice, Quot.sound]
'Math115.PhysicalFiniteWalk.exp_neg_steps_le_inverse' depends on axioms: [propext, Classical.choice, Quot.sound]
'Math115.PhysicalFiniteWalk.idealOuterLaw_variation_of_log_schedule' depends on axioms: [propext,
 Classical.choice,
 Quot.sound]
'Math115.PhysicalCompletionOracle.mapLaw_constant' depends on axioms: [propext, Classical.choice, Quot.sound]
'Math115.PhysicalCompletionOracle.completionStep_variation_thinned' depends on axioms: [propext,
 Classical.choice,
 Quot.sound]
'Math115.PhysicalCompletionOracle.equivLaw_uniform' depends on axioms: [propext, Classical.choice, Quot.sound]
'Math115.PhysicalCompletionOracle.proposalRat_nonnegative' depends on axioms: [propext, Classical.choice, Quot.sound]
'Math115.PhysicalCompletionOracle.proposalAllowance' depends on axioms: [propext, Classical.choice, Quot.sound]
'Math115.PhysicalCompletionOracle.proposalAllowance_nonnegative' depends on axioms: [propext,
 Classical.choice,
 Quot.sound]
'Math115.PhysicalCompletionOracle.proposalAllowance_le_half' depends on axioms: [propext, Classical.choice, Quot.sound]
'Math115.PhysicalCompletionOracle.degree' depends on axioms: [propext, Classical.choice, Quot.sound]
'Math115.PhysicalCompletionOracle.degree_le' depends on axioms: [propext, Classical.choice, Quot.sound]
'Math115.PhysicalCompletionOracle.proposalWeight_nonnegative' depends on axioms: [propext, Classical.choice, Quot.sound]
'Math115.PhysicalCompletionOracle.proposalWeight_total' depends on axioms: [propext, Classical.choice, Quot.sound]
'Math115.PhysicalCompletionOracle.proposalWeight_total_le_allowance' depends on axioms: [propext,
 Classical.choice,
 Quot.sound]
'Math115.PhysicalCompletionOracle.proposalWeight_total_le_one' depends on axioms: [propext,
 Classical.choice,
 Quot.sound]
'Math115.PhysicalCompletionOracle.physicalProposalLaw' depends on axioms: [propext, Classical.choice, Quot.sound]
'Math115.PhysicalCompletionOracle.ReferenceTable' depends on axioms: [propext, Classical.choice, Quot.sound]
'Math115.PhysicalCompletionOracle.referenceTableNonempty' depends on axioms: [propext, Classical.choice, Quot.sound]
'Math115.PhysicalCompletionOracle.referenceStepLaw' depends on axioms: [propext, Classical.choice, Quot.sound]
'Math115.PhysicalCompletionOracle.referenceExactStep_eq' depends on axioms: [propext, Classical.choice, Quot.sound]
'Math115.PhysicalCompletionOracle.referenceStep_variation_local' depends on axioms: [propext,
 Classical.choice,
 Quot.sound]
'Math115.PhysicalCompletionOracle.referenceStep_variation_uniform' depends on axioms: [propext,
 Classical.choice,
 Quot.sound]
'Math115.PhysicalCompletionOracle.referenceFibreMap' depends on axioms: [propext, Classical.choice, Quot.sound]
'Math115.PhysicalCompletionOracle.referenceCompletionLaw' depends on axioms: [propext, Classical.choice, Quot.sound]
'Math115.PhysicalCompletionOracle.referenceCompletionLaw_variation' depends on axioms: [propext,
 Classical.choice,
 Quot.sound]
'Math115.PhysicalCompletionOracle.OracleFamily' depends on axioms: [propext, Classical.choice, Quot.sound]
'Math115.PhysicalCompletionOracle.selectedStepLaw' depends on axioms: [propext, Classical.choice, Quot.sound]
'Math115.PhysicalCompletionOracle.selectedCompletionLaw' depends on axioms: [propext, Classical.choice, Quot.sound]
'Math115.PhysicalCompletionOracle.selectedStepLaw_variation' depends on axioms: [propext, Classical.choice, Quot.sound]
'Math115.PhysicalCompletionOracle.selectedCompletionLaw_variation' depends on axioms: [propext,
 Classical.choice,
 Quot.sound]
'Math115.PhysicalCompletionOracle.empty_fibre_card_one' depends on axioms: [propext, Classical.choice, Quot.sound]
'Math115.PhysicalApproximateOracle.approximateJointLaw' depends on axioms: [propext, Classical.choice, Quot.sound]
'Math115.PhysicalApproximateOracle.approximateJointLaw_variation' depends on axioms: [propext,
 Classical.choice,
 Quot.sound]
'Math115.PhysicalApproximateOracle.approximateOuterLaw' depends on axioms: [propext, Classical.choice, Quot.sound]
'Math115.PhysicalApproximateOracle.approximateOuterLaw_variation_le' depends on axioms: [propext,
 Classical.choice,
 Quot.sound]
'Math115.PhysicalApproximateOracle.approximateOuterLaw_variation' depends on axioms: [propext,
 Classical.choice,
 Quot.sound]
'Math115.PhysicalApproximateOracle.idealOracleOuterLaw' depends on axioms: [propext, Classical.choice, Quot.sound]
'Math115.PhysicalApproximateOracle.idealOracleOuterLaw_variation' depends on axioms: [propext,
 Classical.choice,
 Quot.sound]
'Math115.PhysicalApproximateOracle.approximateOuterLaw_variation_of_budget' depends on axioms: [propext,
 Classical.choice,
 Quot.sound]
'Math115.LatticeCompletion.Array' does not depend on any axioms
'Math115.LatticeCompletion.difference' does not depend on any axioms
'Math115.LatticeCompletion.prefixSum' depends on axioms: [propext, Classical.choice, Quot.sound]
'Math115.LatticeCompletion.ZeroAxes' does not depend on any axioms
'Math115.LatticeCompletion.ZeroBoundary' does not depend on any axioms
'Math115.LatticeCompletion.BoundedDigits' does not depend on any axioms
'Math115.LatticeCompletion.difference_row_sum' depends on axioms: [propext, Classical.choice, Quot.sound]
'Math115.LatticeCompletion.difference_column_sum' depends on axioms: [propext, Classical.choice, Quot.sound]
'Math115.LatticeCompletion.difference_row_sum_zero' depends on axioms: [propext, Classical.choice, Quot.sound]
'Math115.LatticeCompletion.difference_column_sum_zero' depends on axioms: [propext, Classical.choice, Quot.sound]
'Math115.LatticeCompletion.prefix_zero_axes' depends on axioms: [propext, Classical.choice, Quot.sound]
'Math115.LatticeCompletion.prefix_difference' depends on axioms: [propext, Classical.choice, Quot.sound]
'Math115.LatticeCompletion.difference_prefix' depends on axioms: [propext, Classical.choice, Quot.sound]
'Math115.LatticeCompletion.difference_bounds' depends on axioms: [propext, Quot.sound]
'Math115.LatticeCompletion.encode' does not depend on any axioms
'Math115.LatticeCompletion.decode' depends on axioms: [propext, Classical.choice, Quot.sound]
'Math115.LatticeCompletion.residue' depends on axioms: [propext, Classical.choice, Quot.sound]
'Math115.LatticeCompletion.prefix_encode' depends on axioms: [propext, Classical.choice, Quot.sound]
'Math115.LatticeCompletion.scaled_digit_ediv' depends on axioms: [propext]
'Math115.LatticeCompletion.scaled_digit_emod' depends on axioms: [propext]
'Math115.LatticeCompletion.decode_encode' depends on axioms: [propext, Classical.choice, Quot.sound]
'Math115.LatticeCompletion.residue_encode' depends on axioms: [propext, Classical.choice, Quot.sound]
'Math115.LatticeCompletion.residue_zero_axes' depends on axioms: [propext, Classical.choice, Quot.sound]
'Math115.LatticeCompletion.residue_bounded' depends on axioms: [propext, Classical.choice, Quot.sound]
'Math115.LatticeCompletion.encode_decode' depends on axioms: [propext, Classical.choice, Quot.sound]
'Math115.LatticeCompletion.encode_entry_at_least_two' depends on axioms: [propext, Classical.choice, Quot.sound]
'Math115.LatticeCompletion.encode_row_margin' depends on axioms: [propext, Classical.choice, Quot.sound]
'Math115.LatticeCompletion.encode_column_margin' depends on axioms: [propext, Classical.choice, Quot.sound]
'Math115.LatticeCompletion.residue_zero_boundary_of_divisible_margins' depends on axioms: [propext,
 Classical.choice,
 Quot.sound]
'Math115.LatticeCompletion.decode_row_margin' depends on axioms: [propext, Classical.choice, Quot.sound]
'Math115.LatticeCompletion.decode_column_margin' depends on axioms: [propext, Classical.choice, Quot.sound]
'Math115.LatticeCompletion.accepted_fine_entry_at_least_two' depends on axioms: [propext, Classical.choice, Quot.sound]
'Math115.LatticeCompletion.OffsetDigits' does not depend on any axioms
'Math115.LatticeCompletion.codecEquiv' depends on axioms: [propext, Classical.choice, Quot.sound]
'Math115.LatticeCompletion.FiniteDigits' does not depend on any axioms
'Math115.LatticeCompletion.finiteOffsets' depends on axioms: [propext, Quot.sound]
'Math115.LatticeCompletion.finiteOffsets_zero_boundary' depends on axioms: [propext, Quot.sound]
'Math115.LatticeCompletion.finiteOffsets_bounded' depends on axioms: [propext, Classical.choice, Quot.sound]
'Math115.LatticeCompletion.finite_encode_decode' depends on axioms: [propext, Classical.choice, Quot.sound]
'Math115.LatticeCompletion.finiteOffsets_apply' depends on axioms: [propext, Classical.choice, Quot.sound]
'Math115.LatticeCompletion.finiteOffsets_injective' depends on axioms: [propext, Classical.choice, Quot.sound]
'Math115.LatticeCompletion.finiteEncode_injective' depends on axioms: [propext, Classical.choice, Quot.sound]
'Math115.LatticeCompletion.finiteDigits_card' depends on axioms: [propext, Classical.choice, Quot.sound]
'Math115.LatticeCompletion.encodedFamily_card' depends on axioms: [propext, Classical.choice, Quot.sound]
'Math115.DilatedCompletionMargins.rowLargeCount_rectangle' depends on axioms: [propext, Classical.choice, Quot.sound]
'Math115.DilatedCompletionMargins.columnLargeCount_rectangle' depends on axioms: [propext, Classical.choice, Quot.sound]
'Math115.DilatedCompletionMargins.total_large_cell_count' depends on axioms: [propext, Classical.choice, Quot.sound]
'Math115.DilatedCompletionMargins.physical_residual_row_lower' depends on axioms: [propext,
 Classical.choice,
 Quot.sound]
'Math115.DilatedCompletionMargins.physical_residual_column_lower' depends on axioms: [propext,
 Classical.choice,
 Quot.sound]
'Math115.DilatedCompletionMargins.reference_row_lower' depends on axioms: [propext, Classical.choice, Quot.sound]
'Math115.DilatedCompletionMargins.reference_column_lower' depends on axioms: [propext, Classical.choice, Quot.sound]
'Math115.DilatedCompletionMargins.reference_row_total_eq_residual' depends on axioms: [propext,
 Classical.choice,
 Quot.sound]
'Math115.DilatedCompletionMargins.reference_total_upper' depends on axioms: [propext, Classical.choice, Quot.sound]
'Math115.DilatedCompletionMargins.fineRows' depends on axioms: [propext, Classical.choice, Quot.sound]
'Math115.DilatedCompletionMargins.fineColumns' depends on axioms: [propext, Classical.choice, Quot.sound]
'Math115.DilatedCompletionMargins.FineReferenceTable' depends on axioms: [propext, Classical.choice, Quot.sound]
'Math115.DilatedCompletionMargins.fine_row_total' depends on axioms: [propext, Classical.choice, Quot.sound]
'Math115.DilatedCompletionMargins.fine_column_total' depends on axioms: [propext, Classical.choice, Quot.sound]
'Math115.DilatedCompletionMargins.fine_totals' depends on axioms: [propext, Classical.choice, Quot.sound]
'Math115.DilatedCompletionMargins.fineReferenceTableNonempty' depends on axioms: [propext, Classical.choice, Quot.sound]
'Math115.DilatedCompletionMargins.fine_total_upper' depends on axioms: [propext, Classical.choice, Quot.sound]
'Math115.DilatedCompletionMargins.fine_row_dense_minimum' depends on axioms: [propext, Classical.choice, Quot.sound]
'Math115.DilatedCompletionMargins.fine_column_dense_minimum' depends on axioms: [propext, Classical.choice, Quot.sound]
'Math115.DilatedCompletionMargins.ideal_reference_row_geometric_minimum' depends on axioms: [propext,
 Classical.choice,
 Quot.sound]
'Math115.DilatedCompletionMargins.ideal_reference_column_geometric_minimum' depends on axioms: [propext,
 Classical.choice,
 Quot.sound]
'Math115.LatticeCompletionFinite.Grid' does not depend on any axioms
'Math115.LatticeCompletionFinite.extend' does not depend on any axioms
'Math115.LatticeCompletionFinite.restrict' does not depend on any axioms
'Math115.LatticeCompletionFinite.extend_inside' depends on axioms: [propext]
'Math115.LatticeCompletionFinite.extend_outside' depends on axioms: [propext, Quot.sound]
'Math115.LatticeCompletionFinite.extend_injective' depends on axioms: [propext, Quot.sound]
'Math115.LatticeCompletionFinite.range_sum_extend_row' depends on axioms: [propext, Classical.choice, Quot.sound]
'Math115.LatticeCompletionFinite.range_sum_extend_column' depends on axioms: [propext, Classical.choice, Quot.sound]
'Math115.LatticeCompletionFinite.offsets_difference_outside' depends on axioms: [propext, Classical.choice, Quot.sound]
'Math115.LatticeCompletionFinite.encodeGrid' depends on axioms: [propext, Quot.sound]
'Math115.LatticeCompletionFinite.decodeGrid' depends on axioms: [propext, Classical.choice, Quot.sound]
'Math115.LatticeCompletionFinite.extend_encodeGrid' depends on axioms: [propext, Classical.choice, Quot.sound]
'Math115.LatticeCompletionFinite.fine_row_divisible' depends on axioms: [propext, Classical.choice, Quot.sound]
'Math115.LatticeCompletionFinite.fine_column_divisible' depends on axioms: [propext, Classical.choice, Quot.sound]
'Math115.LatticeCompletionFinite.fine_residue_zero_strips' depends on axioms: [propext, Classical.choice, Quot.sound]
'Math115.LatticeCompletionFinite.recoveredDigits' depends on axioms: [propext, Classical.choice, Quot.sound]
'Math115.LatticeCompletionFinite.recoveredDigits_val' depends on axioms: [propext, Classical.choice, Quot.sound]
'Math115.LatticeCompletionFinite.residue_eq_finiteOffsets' depends on axioms: [propext, Classical.choice, Quot.sound]
'Math115.LatticeCompletionFinite.extend_decodeGrid' depends on axioms: [propext, Classical.choice, Quot.sound]
'Math115.LatticeCompletionFinite.decodeGrid_encodeGrid' depends on axioms: [propext, Classical.choice, Quot.sound]
'Math115.LatticeCompletionFinite.recoveredDigits_encodeGrid' depends on axioms: [propext, Classical.choice, Quot.sound]
'Math115.LatticeCompletionFinite.encodeGrid_decodeGrid' depends on axioms: [propext, Classical.choice, Quot.sound]
'Math115.LatticeCompletionFinite.encodeGrid_row' depends on axioms: [propext, Classical.choice, Quot.sound]
'Math115.LatticeCompletionFinite.encodeGrid_column' depends on axioms: [propext, Classical.choice, Quot.sound]
'Math115.LatticeCompletionFinite.encodeGrid_nonneg' depends on axioms: [propext, Classical.choice, Quot.sound]
'Math115.LatticeCompletionFinite.decodeGrid_row' depends on axioms: [propext, Classical.choice, Quot.sound]
'Math115.LatticeCompletionFinite.decodeGrid_column' depends on axioms: [propext, Classical.choice, Quot.sound]
'Math115.LatticeCompletionFinite.intGrid' does not depend on any axioms
'Math115.LatticeCompletionFinite.natGrid' does not depend on any axioms
'Math115.LatticeCompletionFinite.natGrid_intGrid' depends on axioms: [propext, Quot.sound]
'Math115.LatticeCompletionFinite.intGrid_natGrid' depends on axioms: [propext, Quot.sound]
'Math115.LatticeCompletionFinite.intGrid_row' depends on axioms: [propext, Classical.choice, Quot.sound]
'Math115.LatticeCompletionFinite.intGrid_column' depends on axioms: [propext, Classical.choice, Quot.sound]
'Math115.LatticeCompletionFinite.natGrid_hasMargins' depends on axioms: [propext, Classical.choice, Quot.sound]
'Math115.LatticeCompletionFinite.fineMargin' does not depend on any axioms
'Math115.LatticeCompletionFinite.FineTable' depends on axioms: [propext, Classical.choice, Quot.sound]
'Math115.LatticeCompletionFinite.fineTable_row_divisible' depends on axioms: [propext, Classical.choice, Quot.sound]
'Math115.LatticeCompletionFinite.fineTable_column_divisible' depends on axioms: [propext, Classical.choice, Quot.sound]
'Math115.LatticeCompletionFinite.Accepted' depends on axioms: [propext, Classical.choice, Quot.sound]
'Math115.LatticeCompletionFinite.AcceptedFine' depends on axioms: [propext, Classical.choice, Quot.sound]
'Math115.LatticeCompletionFinite.encodeTable' depends on axioms: [propext, Classical.choice, Quot.sound]
'Math115.LatticeCompletionFinite.intGrid_encodeTable' depends on axioms: [propext, Classical.choice, Quot.sound]
'Math115.LatticeCompletionFinite.encodeTable_accepted' depends on axioms: [propext, Classical.choice, Quot.sound]
'Math115.LatticeCompletionFinite.encodeAccepted' depends on axioms: [propext, Classical.choice, Quot.sound]
'Math115.LatticeCompletionFinite.decodeAccepted' depends on axioms: [propext, Classical.choice, Quot.sound]
'Math115.LatticeCompletionFinite.intGrid_decodeAccepted' depends on axioms: [propext, Classical.choice, Quot.sound]
'Math115.LatticeCompletionFinite.decodeAccepted_encodeAccepted' depends on axioms: [propext,
 Classical.choice,
 Quot.sound]
'Math115.LatticeCompletionFinite.encodeAccepted_decodeAccepted' depends on axioms: [propext,
 Classical.choice,
 Quot.sound]
'Math115.LatticeCompletionFinite.acceptedEquiv' depends on axioms: [propext, Classical.choice, Quot.sound]
'Math115.LatticeCompletionFinite.accepted_card' depends on axioms: [propext, Classical.choice, Quot.sound]
'Math115.LatticeCompletionFinite.fixedFiberEquiv' depends on axioms: [propext, Classical.choice, Quot.sound]
'Math115.LatticeCompletionFinite.fixedFiber_card' depends on axioms: [propext, Classical.choice, Quot.sound]
'Math115.LatticeCellVolume.prefixCell' depends on axioms: [propext, Classical.choice, Quot.sound]
'Math115.LatticeCellVolume.prefixCell_measurable' depends on axioms: [propext, Classical.choice, Quot.sound]
'Math115.LatticeCellVolume.mem_prefixCell_iff' depends on axioms: [propext, Classical.choice, Quot.sound]
'Math115.LatticeCellVolume.floor_mul_eq_anchor' depends on axioms: [propext, Classical.choice, Quot.sound]
'Math115.LatticeCellVolume.prefixCell_disjoint' depends on axioms: [propext, Classical.choice, Quot.sound]
'Math115.LatticeCellVolume.prefixCell_volume' depends on axioms: [propext, Classical.choice, Quot.sound]
'Math115.LatticeCellVolume.prefixCells_measurable' depends on axioms: [propext, Classical.choice, Quot.sound]
'Math115.LatticeCellVolume.prefixCells_pairwiseDisjoint' depends on axioms: [propext, Classical.choice, Quot.sound]
'Math115.LatticeCellVolume.prefix_lattice_cells_volume' depends on axioms: [propext, Classical.choice, Quot.sound]
'Math115.LatticeCellVolume.prefix_unit_cells_volume' depends on axioms: [propext, Classical.choice, Quot.sound]
'Math115.LatticeCellVolume.prefix_lattice_cells_volume_ne_top' depends on axioms: [propext,
 Classical.choice,
 Quot.sound]
'Math115.LatticeCellVolume.prefix_lattice_cells_volume_pos' depends on axioms: [propext, Classical.choice, Quot.sound]
'Math115.LatticeCellVolume.prefix_lattice_cells_volume_toReal' depends on axioms: [propext,
 Classical.choice,
 Quot.sound]
'Math115.LatticeCellVolume.prefixCell_error' depends on axioms: [propext, Classical.choice, Quot.sound]
'Math115.LatticeCellVolume.mixed_difference_error' depends on axioms: [propext, Classical.choice, Quot.sound]
'Math115.LatticeCellVolume.volume_image_translate' depends on axioms: [propext, Classical.choice, Quot.sound]
'Math115.LatticeCellVolume.volume_image_scale' depends on axioms: [propext, Classical.choice, Quot.sound]
'Math115.LatticeCellVolume.volume_le_of_translated_subset' depends on axioms: [propext, Classical.choice, Quot.sound]
'Math115.LatticeCellVolume.volume_le_of_subset_scaled_translate' depends on axioms: [propext,
 Classical.choice,
 Quot.sound]
'Math115.CompletionRetryBudget.uniform_success_mass' depends on axioms: [propext, Classical.choice, Quot.sound]
'Math115.CompletionRetryBudget.uniform_success_mass_of_card' depends on axioms: [propext, Classical.choice, Quot.sound]
'Math115.CompletionRetryBudget.failure_nonnegative' depends on axioms: [propext, Classical.choice, Quot.sound]
'Math115.CompletionRetryBudget.success_nonnegative' depends on axioms: [propext, Classical.choice, Quot.sound]
'Math115.CompletionRetryBudget.failure_le_one' depends on axioms: [propext, Classical.choice, Quot.sound]
'Math115.CompletionRetryBudget.equal_success_normalized' depends on axioms: [propext, Classical.choice, Quot.sound]
'Math115.CompletionRetryBudget.equal_success_retry_mass' depends on axioms: [propext, Classical.choice, Quot.sound]
'Math115.CompletionRetryBudget.equal_success_retry_variation' depends on axioms: [propext, Classical.choice, Quot.sound]
'Math115.CompletionRetryBudget.approximate_retry_variation' depends on axioms: [propext, Classical.choice, Quot.sound]
'Math115.CompletionRetryBudget.approximate_retry_variation_of_success' depends on axioms: [propext,
 Classical.choice,
 Quot.sound]
'Math115.CompletionRetryBudget.dyadic' depends on axioms: [propext, Classical.choice, Quot.sound]
'Math115.CompletionRetryBudget.retries' does not depend on any axioms
'Math115.CompletionRetryBudget.finePrecision' does not depend on any axioms
'Math115.CompletionRetryBudget.retries_positive' depends on axioms: [propext, Quot.sound]
'Math115.CompletionRetryBudget.dyadic_positive' depends on axioms: [propext, Classical.choice, Quot.sound]
'Math115.CompletionRetryBudget.dyadic_succ' depends on axioms: [propext, Classical.choice, Quot.sound]
'Math115.CompletionRetryBudget.dyadic_antitone_step' depends on axioms: [propext, Classical.choice, Quot.sound]
'Math115.CompletionRetryBudget.geometric_budget' depends on axioms: [propext, Classical.choice, Quot.sound]
'Math115.CompletionRetryBudget.fine_draw_budget' depends on axioms: [propext, Classical.choice, Quot.sound]
'Math115.CompletionRetryBudget.retry_budget' depends on axioms: [propext, Classical.choice, Quot.sound]
'Math115.CompletionRetryBudget.retry_budget_target' depends on axioms: [propext, Classical.choice, Quot.sound]
'Math115.CompletionRetryBudget.completion_retry_variation_half' depends on axioms: [propext,
 Classical.choice,
 Quot.sound]
'Math115.CompletionRetryBudget.completion_retry_variation' depends on axioms: [propext, Classical.choice, Quot.sound]
'Math115.LatticeCompletionLaw.trial' depends on axioms: [propext, Classical.choice, Quot.sound]
'Math115.LatticeCompletionLaw.trial_eq_none' depends on axioms: [propext, Classical.choice, Quot.sound]
'Math115.LatticeCompletionLaw.successfulFiberEquiv' depends on axioms: [propext, Classical.choice, Quot.sound]
'Math115.LatticeCompletionLaw.successfulFiber_card' depends on axioms: [propext, Classical.choice, Quot.sound]
'Math115.LatticeCompletionLaw.fine_nonempty_of_fallback' depends on axioms: [propext, Classical.choice, Quot.sound]
'Math115.LatticeCompletionLaw.ideal_success_mass' depends on axioms: [propext, Classical.choice, Quot.sound]
'Math115.LatticeCompletionLaw.ideal_success_probability' depends on axioms: [propext, Classical.choice, Quot.sound]
'Math115.LatticeCompletionLaw.ideal_retry_mass' depends on axioms: [propext, Classical.choice, Quot.sound]
'Math115.LatticeCompletionLaw.approximate_retry_bound' depends on axioms: [propext, Classical.choice, Quot.sound]
'Math115.LatticeCompletionLaw.completion_accuracy_half' depends on axioms: [propext, Classical.choice, Quot.sound]
'Math115.LatticeCompletionLaw.completion_accuracy' depends on axioms: [propext, Classical.choice, Quot.sound]
'Math115.PrefixTransportation.Array' depends on axioms: [propext, Classical.choice, Quot.sound]
'Math115.PrefixTransportation.Matrix' depends on axioms: [propext, Classical.choice, Quot.sound]
'Math115.PrefixTransportation.Interior' does not depend on any axioms
'Math115.PrefixTransportation.difference' depends on axioms: [propext, Classical.choice, Quot.sound]
'Math115.PrefixTransportation.prefixSum' depends on axioms: [propext, Classical.choice, Quot.sound]
'Math115.PrefixTransportation.ZeroAxes' depends on axioms: [propext, Classical.choice, Quot.sound]
'Math115.PrefixTransportation.ZeroBoundary' depends on axioms: [propext, Classical.choice, Quot.sound]
'Math115.PrefixTransportation.difference_row_sum' depends on axioms: [propext, Classical.choice, Quot.sound]
'Math115.PrefixTransportation.difference_column_sum' depends on axioms: [propext, Classical.choice, Quot.sound]
'Math115.PrefixTransportation.difference_row_sum_zero' depends on axioms: [propext, Classical.choice, Quot.sound]
'Math115.PrefixTransportation.difference_column_sum_zero' depends on axioms: [propext, Classical.choice, Quot.sound]
'Math115.PrefixTransportation.prefix_zero_axes' depends on axioms: [propext, Classical.choice, Quot.sound]
'Math115.PrefixTransportation.prefix_difference' depends on axioms: [propext, Classical.choice, Quot.sound]
'Math115.PrefixTransportation.difference_prefix' depends on axioms: [propext, Classical.choice, Quot.sound]
'Math115.PrefixTransportation.extend' depends on axioms: [propext, Classical.choice, Quot.sound]
'Math115.PrefixTransportation.restrict' depends on axioms: [propext, Classical.choice, Quot.sound]
'Math115.PrefixTransportation.extend_inside' depends on axioms: [propext, Classical.choice, Quot.sound]
'Math115.PrefixTransportation.extend_outside' depends on axioms: [propext, Classical.choice, Quot.sound]
'Math115.PrefixTransportation.range_sum_extend_row' depends on axioms: [propext, Classical.choice, Quot.sound]
'Math115.PrefixTransportation.range_sum_extend_column' depends on axioms: [propext, Classical.choice, Quot.sound]
'Math115.PrefixTransportation.interiorPrefix' depends on axioms: [propext, Classical.choice, Quot.sound]
'Math115.PrefixTransportation.interiorPrefix_add' depends on axioms: [propext, Classical.choice, Quot.sound]
'Math115.PrefixTransportation.interiorPrefix_smul' depends on axioms: [propext, Classical.choice, Quot.sound]
'Math115.PrefixTransportation.interiorPrefix_injective_of_margins' depends on axioms: [propext,
 Classical.choice,
 Quot.sound]
'Math115.PrefixTransportation.offsets' depends on axioms: [propext, Classical.choice, Quot.sound]
'Math115.PrefixTransportation.offsets_zero_boundary' depends on axioms: [propext, Classical.choice, Quot.sound]
'Math115.PrefixTransportation.offsets_apply' depends on axioms: [propext, Classical.choice, Quot.sound]
'Math115.PrefixTransportation.offsets_difference_outside' depends on axioms: [propext, Classical.choice, Quot.sound]
'Math115.PrefixTransportation.perturbation' depends on axioms: [propext, Classical.choice, Quot.sound]
'Math115.PrefixTransportation.extend_perturbation' depends on axioms: [propext, Classical.choice, Quot.sound]
'Math115.PrefixTransportation.perturbation_rows_zero' depends on axioms: [propext, Classical.choice, Quot.sound]
'Math115.PrefixTransportation.perturbation_columns_zero' depends on axioms: [propext, Classical.choice, Quot.sound]
'Math115.PrefixTransportation.interiorPrefix_perturbation' depends on axioms: [propext, Classical.choice, Quot.sound]
'Math115.PrefixTransportation.offsets_error' depends on axioms: [propext, Classical.choice, Quot.sound]
'Math115.PrefixTransportation.perturbation_error' depends on axioms: [propext, Classical.choice, Quot.sound]
'Math115.PrefixTransportation.Feasible' depends on axioms: [propext, Classical.choice, Quot.sound]
'Math115.PrefixTransportation.PrefixRegion' depends on axioms: [propext, Classical.choice, Quot.sound]
'Math115.PrefixTransportation.feasible_add' depends on axioms: [propext, Classical.choice, Quot.sound]
'Math115.PrefixTransportation.feasible_smul' depends on axioms: [propext, Classical.choice, Quot.sound]
'Math115.PrefixTransportation.feasible_const' depends on axioms: [propext, Classical.choice, Quot.sound]
'Math115.PrefixTransportation.prefixRegion_translate_subset' depends on axioms: [propext, Classical.choice, Quot.sound]
'Math115.PrefixTransportation.prefixRegion_volume_mono_of_difference_table' depends on axioms: [propext,
 Classical.choice,
 Quot.sound]
'Math115.PrefixTransportation.prefixRegion_constant_translate_subset' depends on axioms: [propext,
 Classical.choice,
 Quot.sound]
'Math115.PrefixTransportation.exists_feasible_of_nonnegative_equal_total' depends on axioms: [propext,
 Classical.choice,
 Quot.sound]
'Math115.PrefixTransportation.prefixRegion_volume_mono' depends on axioms: [propext, Classical.choice, Quot.sound]
'Math115.PrefixTransportation.prefixRegion_scale_eq' depends on axioms: [propext, Classical.choice, Quot.sound]
'Math115.PrefixTransportation.prefixRegion_volume_scale' depends on axioms: [propext, Classical.choice, Quot.sound]
'Math115.PrefixTransportation.prefix_error_upper_containment' depends on axioms: [propext, Classical.choice, Quot.sound]
'Math115.PrefixFloorCover.floorPrefix' depends on axioms: [propext, Classical.choice, Quot.sound]
'Math115.PrefixFloorCover.floorGrid' depends on axioms: [propext, Classical.choice, Quot.sound]
'Math115.PrefixFloorCover.floorPrefix_zero_axes' depends on axioms: [propext, Classical.choice, Quot.sound]
'Math115.PrefixFloorCover.floorGrid_entry_error' depends on axioms: [propext, Classical.choice, Quot.sound]
'Math115.PrefixFloorCover.floorGrid_nonnegative' depends on axioms: [propext, Classical.choice, Quot.sound]
'Math115.PrefixFloorCover.marginPrefix' depends on axioms: [propext, Classical.choice, Quot.sound]
'Math115.PrefixFloorCover.prefix_full_columns' depends on axioms: [propext, Classical.choice, Quot.sound]
'Math115.PrefixFloorCover.prefix_full_rows' depends on axioms: [propext, Classical.choice, Quot.sound]
'Math115.PrefixFloorCover.marginPrefix_succ' depends on axioms: [propext, Classical.choice, Quot.sound]
'Math115.PrefixFloorCover.floorGrid_rows' depends on axioms: [propext, Classical.choice, Quot.sound]
'Math115.PrefixFloorCover.floorGrid_columns' depends on axioms: [propext, Classical.choice, Quot.sound]
'Math115.PrefixFloorCover.roundedTable' depends on axioms: [propext, Classical.choice, Quot.sound]
'Math115.PrefixFloorCover.tableAnchor' depends on axioms: [propext, Classical.choice, Quot.sound]
'Math115.PrefixFloorCover.tableReal' depends on axioms: [propext, Classical.choice, Quot.sound]
'Math115.PrefixFloorCover.tableAnchor_cast' depends on axioms: [propext, Classical.choice, Quot.sound]
'Math115.PrefixFloorCover.tableReal_feasible' depends on axioms: [propext, Classical.choice, Quot.sound]
'Math115.PrefixFloorCover.tableAnchor_injective' depends on axioms: [propext, Classical.choice, Quot.sound]
'Math115.PrefixFloorCover.floorGrid_prefix' depends on axioms: [propext, Classical.choice, Quot.sound]
'Math115.PrefixFloorCover.roundedTable_anchor' depends on axioms: [propext, Classical.choice, Quot.sound]
'Math115.PrefixFloorCover.interiorPrefix_mem_rounded_cell' depends on axioms: [propext, Classical.choice, Quot.sound]
'Math115.PrefixFloorCover.lower_floor_cover' depends on axioms: [propext, Classical.choice, Quot.sound]
'Math115.PrefixFloorCover.lower_volume_le_card' depends on axioms: [propext, Classical.choice, Quot.sound]
'Math115.CompletionCountBound.fineCells' depends on axioms: [propext, Classical.choice, Quot.sound]
'Math115.CompletionCountBound.normalized_fine_feasible' depends on axioms: [propext, Classical.choice, Quot.sound]
'Math115.CompletionCountBound.upper_cell_cover' depends on axioms: [propext, Classical.choice, Quot.sound]
'Math115.CompletionCountBound.fine_cells_volume' depends on axioms: [propext, Classical.choice, Quot.sound]
'Math115.CompletionCountBound.fine_cells_volume_toReal' depends on axioms: [propext, Classical.choice, Quot.sound]
'Math115.CompletionCountBound.fine_cells_volume_le_upper' depends on axioms: [propext, Classical.choice, Quot.sound]
'Math115.CompletionCountBound.inflation' depends on axioms: [propext, Classical.choice, Quot.sound]
'Math115.CompletionCountBound.inflation_pos' depends on axioms: [propext, Classical.choice, Quot.sound]
'Math115.CompletionCountBound.inflation_ge_one' depends on axioms: [propext, Classical.choice, Quot.sound]
'Math115.CompletionCountBound.inflated_margin_ge_upper' depends on axioms: [propext, Classical.choice, Quot.sound]
'Math115.CompletionCountBound.shifted_totals_equal' depends on axioms: [propext, Classical.choice, Quot.sound]
'Math115.CompletionCountBound.reduced_totals_equal' depends on axioms: [propext, Classical.choice, Quot.sound]
'Math115.CompletionCountBound.upper_volume_le_inflated_lower' depends on axioms: [propext, Classical.choice, Quot.sound]
'Math115.CompletionCountBound.fine_cells_volume_le_count' depends on axioms: [propext, Classical.choice, Quot.sound]
'Math115.CompletionCountBound.fine_card_le' depends on axioms: [propext, Classical.choice, Quot.sound]
'Math115.CompletionCountBound.fine_nat_card_le' depends on axioms: [propext, Classical.choice, Quot.sound]
'Math115.CompletionAcceptance.two_mul_le_power_twelve' depends on axioms: [propext, Classical.choice, Quot.sound]
'Math115.CompletionAcceptance.dilationFactor' depends on axioms: [propext, Classical.choice, Quot.sound]
'Math115.CompletionAcceptance.increment' depends on axioms: [propext, Classical.choice, Quot.sound]
'Math115.CompletionAcceptance.denominator_positive' depends on axioms: [propext, Classical.choice, Quot.sound]
'Math115.CompletionAcceptance.dilationFactor_eq_one_add' depends on axioms: [propext, Classical.choice, Quot.sound]
'Math115.CompletionAcceptance.increment_nonnegative' depends on axioms: [propext, Classical.choice, Quot.sound]
'Math115.CompletionAcceptance.dilationFactor_positive' depends on axioms: [propext, Classical.choice, Quot.sound]
'Math115.CompletionAcceptance.two_div_k_le_inverse_d' depends on axioms: [propext, Classical.choice, Quot.sound]
'Math115.CompletionAcceptance.exponent_allowance' depends on axioms: [propext, Classical.choice, Quot.sound]
'Math115.CompletionAcceptance.exp_four_thirds_lt_four' depends on axioms: [propext, Classical.choice, Quot.sound]
'Math115.CompletionAcceptance.dilationFactor_pow_lt_four' depends on axioms: [propext, Classical.choice, Quot.sound]
'Math115.CompletionAcceptance.acceptance_lower_real' depends on axioms: [propext, Classical.choice, Quot.sound]
'Math115.CompletionAcceptance.acceptance_lower_rat' depends on axioms: [propext, Classical.choice, Quot.sound]
'Math115.LatticeCompletionAccuracy.inflation_three_d' depends on axioms: [propext, Classical.choice, Quot.sound]
'Math115.LatticeCompletionAccuracy.ideal_acceptance_quarter' depends on axioms: [propext, Classical.choice, Quot.sound]
'Math115.LatticeCompletionAccuracy.originalUniform' depends on axioms: [propext, Classical.choice, Quot.sound]
'Math115.LatticeCompletionAccuracy.fineUniform' depends on axioms: [propext, Classical.choice, Quot.sound]
'Math115.LatticeCompletionAccuracy.completion_accuracy_half' depends on axioms: [propext, Classical.choice, Quot.sound]
'Math115.LatticeCompletionAccuracy.completion_accuracy' depends on axioms: [propext, Classical.choice, Quot.sound]
'Math115.LatticeCompletionAccuracy.chosen_dilation_acceptance_quarter' depends on axioms: [propext,
 Classical.choice,
 Quot.sound]
'Math115.LatticeCompletionAccuracy.chosen_dilation_accuracy' depends on axioms: [propext, Classical.choice, Quot.sound]
'Math115.CompletionBooleanRetry.retryWords' depends on axioms: [propext]
'Math115.CompletionBooleanRetry.wordBankEquiv' depends on axioms: [propext, Classical.choice, Quot.sound]
'Math115.CompletionBooleanRetry.flatRetry' depends on axioms: [propext, Classical.choice, Quot.sound]
'Math115.CompletionBooleanRetry.zeroExtend' does not depend on any axioms
'Math115.CompletionBooleanRetry.prefixInt' depends on axioms: [propext, Classical.choice, Quot.sound]
'Math115.CompletionBooleanRetry.decodeCells' depends on axioms: [propext, Classical.choice, Quot.sound]
'Math115.CompletionBooleanRetry.acceptedCells' depends on axioms: [propext, Classical.choice, Quot.sound]
'Math115.CompletionBooleanRetry.acceptedCells_decidable' depends on axioms: [propext, Classical.choice, Quot.sound]
'Math115.CompletionBooleanRetry.rawTrial' depends on axioms: [propext, Classical.choice, Quot.sound]
'Math115.CompletionBooleanRetry.prefixInt_eq_bounded_prefix' depends on axioms: [propext, Classical.choice, Quot.sound]
'Math115.CompletionBooleanRetry.decodeCells_eq' depends on axioms: [propext, Classical.choice, Quot.sound]
'Math115.CompletionBooleanRetry.acceptedCells_iff' depends on axioms: [propext, Classical.choice, Quot.sound]
'Math115.CompletionBooleanRetry.tableTrial' depends on axioms: [propext, Classical.choice, Quot.sound]
'Math115.CompletionBooleanRetry.digitOffset' depends on axioms: [propext, Quot.sound]
'Math115.CompletionBooleanRetry.signedEncodeCells' depends on axioms: [propext, Quot.sound]
'Math115.CompletionBooleanRetry.encodeCells' depends on axioms: [propext, Quot.sound]
'Math115.CompletionBooleanRetry.digitOffset_eq' depends on axioms: [propext, Quot.sound]
'Math115.CompletionBooleanRetry.signedEncodeCells_eq' depends on axioms: [propext, Quot.sound]
'Math115.CompletionBooleanRetry.encodeCells_eq_encodeTable_value' depends on axioms: [propext,
 Classical.choice,
 Quot.sound]
'Math115.CompletionBooleanRetry.tableTrial_eq' depends on axioms: [propext, Classical.choice, Quot.sound]
'Math115.CompletionBooleanRetry.rawTrial_eq_tableTrial_value' depends on axioms: [propext, Classical.choice, Quot.sound]
'Math115.CompletionBooleanRetry.retryWords_eq_wordRetry' depends on axioms: [propext]
'Math115.CompletionBooleanRetry.retryWords_law' depends on axioms: [propext, Classical.choice, Quot.sound]
'Math115.CompletionBooleanRetry.flatRetry_law' depends on axioms: [propext, Classical.choice, Quot.sound]
'Math115.CompletionBooleanRetry.completion_flat_law' depends on axioms: [propext, Classical.choice, Quot.sound]
'Math115.LatticeCompletionProgram.rowPrefix' depends on axioms: [propext]
'Math115.LatticeCompletionProgram.rowPrefixRealizer' depends on axioms: [propext, Classical.choice, Quot.sound]
'Math115.LatticeCompletionProgram.polynomial_rowPrefix' depends on axioms: [propext, Classical.choice, Quot.sound]
'Math115.LatticeCompletionProgram.prefixNat' depends on axioms: [propext]
'Math115.LatticeCompletionProgram.prefixRealizer' depends on axioms: [propext, Classical.choice, Quot.sound]
'Math115.LatticeCompletionProgram.polynomial_prefix' depends on axioms: [propext, Classical.choice, Quot.sound]
'Math115.LatticeCompletionProgram.CellInput' does not depend on any axioms
'Math115.LatticeCompletionProgram.floorPrefix' depends on axioms: [propext]
'Math115.LatticeCompletionProgram.floorPrefixRealizer' depends on axioms: [propext, Classical.choice, Quot.sound]
'Math115.LatticeCompletionProgram.polynomial_floorPrefix' depends on axioms: [propext, Classical.choice, Quot.sound]
'Math115.LatticeCompletionProgram.cellTotals' depends on axioms: [propext]
'Math115.LatticeCompletionProgram.cellTotalsRealizer' depends on axioms: [propext, Classical.choice, Quot.sound]
'Math115.LatticeCompletionProgram.polynomial_cellTotals' depends on axioms: [propext, Classical.choice, Quot.sound]
'Math115.LatticeCompletionProgram.cell' depends on axioms: [propext]
'Math115.LatticeCompletionProgram.cellRealizer' depends on axioms: [propext, Classical.choice, Quot.sound]
'Math115.LatticeCompletionProgram.polynomial_cell' depends on axioms: [propext, Classical.choice, Quot.sound]
'Math115.LatticeCompletionProgram.indices' does not depend on any axioms
'Math115.LatticeCompletionProgram.indicesRealizer' depends on axioms: [propext, Classical.choice, Quot.sound]
'Math115.LatticeCompletionProgram.polynomial_indices' depends on axioms: [propext, Classical.choice, Quot.sound]
'Math115.LatticeCompletionProgram.rowCells' depends on axioms: [propext]
'Math115.LatticeCompletionProgram.rowCellsRealizer' depends on axioms: [propext, Classical.choice, Quot.sound]
'Math115.LatticeCompletionProgram.polynomial_rowCells' depends on axioms: [propext, Classical.choice, Quot.sound]
'Math115.LatticeCompletionProgram.cells' depends on axioms: [propext]
'Math115.LatticeCompletionProgram.cellsRealizer' depends on axioms: [propext, Classical.choice, Quot.sound]
'Math115.LatticeCompletionProgram.polynomial_cells' depends on axioms: [propext, Classical.choice, Quot.sound]
'Math115.LatticeCompletionProgram.accepted' does not depend on any axioms
'Math115.LatticeCompletionProgram.acceptedRealizer' depends on axioms: [propext, Classical.choice, Quot.sound]
'Math115.LatticeCompletionProgram.polynomial_accepted' depends on axioms: [propext, Classical.choice, Quot.sound]
'Math115.LatticeCompletionProgram.values' does not depend on any axioms
'Math115.LatticeCompletionProgram.valuesRealizer' depends on axioms: [propext, Classical.choice, Quot.sound]
'Math115.LatticeCompletionProgram.polynomial_values' depends on axioms: [propext, Classical.choice, Quot.sound]
'Math115.LatticeCompletionProgram.finish' does not depend on any axioms
'Math115.LatticeCompletionProgram.finishRealizer' depends on axioms: [propext, Classical.choice, Quot.sound]
'Math115.LatticeCompletionProgram.polynomial_finish' depends on axioms: [propext, Classical.choice, Quot.sound]
'Math115.LatticeCompletionProgram.decode' depends on axioms: [propext]
'Math115.LatticeCompletionProgram.decodeRealizer' depends on axioms: [propext, Classical.choice, Quot.sound]
'Math115.LatticeCompletionProgram.polynomial_decode' depends on axioms: [propext, Classical.choice, Quot.sound]
'Math115.LatticeCompletionProgram.sum_take_getD' depends on axioms: [propext, Classical.choice, Quot.sound]
'Math115.LatticeCompletionProgram.prefix_range' depends on axioms: [propext, Classical.choice, Quot.sound]
'Math115.LatticeCompletionProgram.matrixEntry_code_zero' depends on axioms: [propext]
'Math115.LatticeCompletionProgram.prefix_code' depends on axioms: [propext, Classical.choice, Quot.sound]
'Math115.LatticeCompletionProgram.floorPrefix_code' depends on axioms: [propext, Classical.choice, Quot.sound]
'Math115.LatticeCompletionProgram.cellTotals_code' depends on axioms: [propext, Classical.choice, Quot.sound]
'Math115.LatticeCompletionProgram.cell_code' depends on axioms: [propext, Classical.choice, Quot.sound]
'Math115.LatticeCompletionProgram.map_range_ofFn' depends on axioms: [propext, Quot.sound]
'Math115.LatticeCompletionProgram.rowCells_code' depends on axioms: [propext, Classical.choice, Quot.sound]
'Math115.LatticeCompletionProgram.cells_code' depends on axioms: [propext, Classical.choice, Quot.sound]
'Math115.LatticeCompletionProgram.all_ofFn' depends on axioms: [propext, Quot.sound]
'Math115.LatticeCompletionProgram.accepted_code' depends on axioms: [propext, Classical.choice, Quot.sound]
'Math115.LatticeCompletionProgram.values_code' depends on axioms: [propext, Classical.choice, Quot.sound]
'Math115.LatticeCompletionProgram.decode_code' depends on axioms: [propext, Classical.choice, Quot.sound]
'Math115.LatticeCompletionProgram.decode_fineTable' depends on axioms: [propext, Classical.choice, Quot.sound]
'Math115.CompletionOuterSchedule.successFactor' depends on axioms: [propext]
'Math115.CompletionOuterSchedule.gapFactor' depends on axioms: [propext]
'Math115.CompletionOuterSchedule.restartCount' depends on axioms: [propext]
'Math115.CompletionOuterSchedule.mixExponent' depends on axioms: [propext]
'Math115.CompletionOuterSchedule.walkCount' depends on axioms: [propext]
'Math115.CompletionOuterSchedule.terminalPrecision' depends on axioms: [propext]
'Math115.CompletionOuterSchedule.stepPrecision' depends on axioms: [propext]
'Math115.CompletionOuterSchedule.successFactor_positive' depends on axioms: [propext, Classical.choice, Quot.sound]
'Math115.CompletionOuterSchedule.restartCount_positive' depends on axioms: [propext, Classical.choice, Quot.sound]
'Math115.CompletionOuterSchedule.gapFactor_positive' depends on axioms: [propext, Quot.sound]
'Math115.CompletionOuterSchedule.walkCount_positive' depends on axioms: [propext, Quot.sound]
'Math115.CompletionOuterSchedule.dyadic_real' depends on axioms: [propext, Classical.choice, Quot.sound]
'Math115.CompletionOuterSchedule.exp_neg_nat_le_dyadic' depends on axioms: [propext, Classical.choice, Quot.sound]
'Math115.CompletionOuterSchedule.dyadic_charge' depends on axioms: [propext, Classical.choice, Quot.sound]
'Math115.CompletionOuterSchedule.natural_charge_bound' depends on axioms: [propext, Classical.choice, Quot.sound]
'Math115.CompletionOuterSchedule.mass_charge_bound' depends on axioms: [propext, Classical.choice, Quot.sound]
'Math115.CompletionOuterSchedule.restart_error_bound' depends on axioms: [propext, Classical.choice, Quot.sound]
'Math115.CompletionOuterSchedule.walk_error_bound' depends on axioms: [propext, Classical.choice, Quot.sound]
'Math115.CompletionOuterSchedule.terminal_error_bound' depends on axioms: [propext, Classical.choice, Quot.sound]
'Math115.CompletionOuterSchedule.step_error_bound' depends on axioms: [propext, Classical.choice, Quot.sound]
'Math115.CompletionOuterSchedule.arithmetic_schedule_half' depends on axioms: [propext, Classical.choice, Quot.sound]
'Math115.CompletionOuterSchedule.arithmetic_schedule' depends on axioms: [propext, Classical.choice, Quot.sound]
'Math115.CompletionOuterSchedule.physicalSmallCount' depends on axioms: [propext, Classical.choice, Quot.sound]
'Math115.CompletionOuterSchedule.physicalMassBase' depends on axioms: [propext, Classical.choice, Quot.sound]
'Math115.CompletionRandomBudget.binarySize' does not depend on any axioms
'Math115.CompletionRandomBudget.combinedSize' does not depend on any axioms
'Math115.CompletionRandomBudget.fineMarginBound' depends on axioms: [propext]
'Math115.CompletionRandomBudget.fineBinaryBound' depends on axioms: [propext]
'Math115.CompletionRandomBudget.proposalReservation' depends on axioms: [propext]
'Math115.CompletionRandomBudget.completionReservation' depends on axioms: [propext]
'Math115.CompletionRandomBudget.totalReservedBits' depends on axioms: [propext]
'Math115.CompletionRandomBudget.budgetCoefficient' depends on axioms: [propext]
'Math115.CompletionRandomBudget.clog_two_le_self' depends on axioms: [propext, Classical.choice, Quot.sound]
'Math115.CompletionRandomBudget.clog_product_bound' depends on axioms: [propext, Classical.choice, Quot.sound]
'Math115.CompletionRandomBudget.clog_power_bound' depends on axioms: [propext, Classical.choice, Quot.sound]
'Math115.CompletionRandomBudget.binarySize_positive' depends on axioms: [propext, Quot.sound]
'Math115.CompletionRandomBudget.combinedSize_at_least_fifteen' depends on axioms: [propext, Quot.sound]
'Math115.CompletionRandomBudget.restart_polynomial' depends on axioms: [propext, Classical.choice, Quot.sound]
'Math115.CompletionRandomBudget.restart_log_bound' depends on axioms: [propext, Classical.choice, Quot.sound]
'Math115.CompletionRandomBudget.mass_base_log_bound' depends on axioms: [propext, Classical.choice, Quot.sound]
'Math115.CompletionRandomBudget.fineBinary_log_bound' depends on axioms: [propext, Classical.choice, Quot.sound]
'Math115.CompletionRandomBudget.mix_polynomial' depends on axioms: [propext, Classical.choice, Quot.sound]
'Math115.CompletionRandomBudget.walk_polynomial' depends on axioms: [propext, Classical.choice, Quot.sound]
'Math115.CompletionRandomBudget.walk_log_bound' depends on axioms: [propext, Classical.choice, Quot.sound]
'Math115.CompletionRandomBudget.step_precision_polynomial' depends on axioms: [propext, Classical.choice, Quot.sound]
'Math115.CompletionRandomBudget.terminal_precision_polynomial' depends on axioms: [propext,
 Classical.choice,
 Quot.sound]
'Math115.CompletionRandomBudget.finePrecision_upper' depends on axioms: [propext, Classical.choice, Quot.sound]
'Math115.CompletionRandomBudget.finePrecision_polynomial' depends on axioms: [propext, Classical.choice, Quot.sound]
'Math115.CompletionRandomBudget.completion_product_factor' depends on axioms: [propext]
'Math115.CompletionRandomBudget.completion_reservation_polynomial' depends on axioms: [propext,
 Classical.choice,
 Quot.sound]
'Math115.CompletionRandomBudget.proposal_log_bound' depends on axioms: [propext, Classical.choice, Quot.sound]
'Math115.CompletionRandomBudget.reservation_le_three' depends on axioms: [propext, Classical.choice, Quot.sound]
'Math115.CompletionRandomBudget.reservation_product_factor' depends on axioms: [propext]
'Math115.CompletionRandomBudget.combined_product_factor' depends on axioms: [propext]
'Math115.CompletionRandomBudget.totalReservedBits_separated' depends on axioms: [propext, Classical.choice, Quot.sound]
'Math115.CompletionRandomBudget.totalReservedBits_combined' depends on axioms: [propext, Classical.choice, Quot.sound]
'Math115.CompletionEncodingSize.Margins' does not depend on any axioms
'Math115.CompletionEncodingSize.WordInput' does not depend on any axioms
'Math115.CompletionEncodingSize.dimension' does not depend on any axioms
'Math115.CompletionEncodingSize.massTotal' depends on axioms: [propext]
'Math115.CompletionEncodingSize.measure' depends on axioms: [propext, Quot.sound]
'Math115.CompletionEncodingSize.bankCoefficient' depends on axioms: [propext]
'Math115.CompletionEncodingSize.inputEnvelope' depends on axioms: [propext, Classical.choice, Quot.sound]
'Math115.CompletionEncodingSize.pow_two_add_le' depends on axioms: [propext, Classical.choice, Quot.sound]
'Math115.CompletionEncodingSize.nat_succ_le_pow_weight' depends on axioms: [propext, Classical.choice, Quot.sound]
'Math115.CompletionEncodingSize.sum_add_two_le_pow_weight' depends on axioms: [propext, Classical.choice, Quot.sound]
'Math115.CompletionEncodingSize.clog_sum_add_two_le_weight' depends on axioms: [propext, Classical.choice, Quot.sound]
'Math115.CompletionEncodingSize.margin_weight_at_least_three' depends on axioms: [propext, Quot.sound]
'Math115.CompletionEncodingSize.measure_at_least_six' depends on axioms: [propext, Quot.sound]
'Math115.CompletionEncodingSize.dimension_at_least_eleven' depends on axioms: [propext, Quot.sound]
'Math115.CompletionEncodingSize.dimension_le_weight_square' depends on axioms: [propext, Quot.sound]
'Math115.CompletionEncodingSize.binary_mass_le_weight' depends on axioms: [propext, Classical.choice, Quot.sound]
'Math115.CompletionEncodingSize.combinedSize_le_twice_measure_square' depends on axioms: [propext,
 Classical.choice,
 Quot.sound]
'Math115.CompletionEncodingSize.bank_bound' depends on axioms: [propext, Classical.choice, Quot.sound]
'Math115.CompletionEncodingSize.input_weight_bound' depends on axioms: [propext, Classical.choice, Quot.sound]
'Math115.CompletionEncodingSize.reserved_program_work' depends on axioms: [propext, Classical.choice, Quot.sound]
'Math115.CompletionEncodingSize.weight_nat_list_le_word_length' depends on axioms: [propext, Quot.sound]
'Math115.CompletionEncodingSize.margin_weight_le_literal_length' depends on axioms: [propext, Quot.sound]
'Math115.CompletionEncodingSize.measure_le_literal_length_numeric' depends on axioms: [propext, Quot.sound]
'Math115.CompletionEncodingSize.dimension_ofFn' depends on axioms: [propext, Classical.choice, Quot.sound]
'Math115.CompletionEncodingSize.massTotal_ofFn' depends on axioms: [propext, Classical.choice, Quot.sound]
'Math115.CompletionPublicSize.bankCoefficient' depends on axioms: [propext]
'Math115.CompletionPublicSize.wordMeasureCoefficient' depends on axioms: [propext]
'Math115.CompletionPublicSize.clog_mass_add_two_le' depends on axioms: [propext, Classical.choice, Quot.sound]
'Math115.CompletionPublicSize.samplingSize_at_least_two' depends on axioms: [propext, Classical.choice, Quot.sound]
'Math115.CompletionPublicSize.combinedSize_public_bound' depends on axioms: [propext, Classical.choice, Quot.sound]
'Math115.CompletionPublicSize.reservation_public_bound' depends on axioms: [propext, Classical.choice, Quot.sound]
'Math115.CompletionPublicSize.literal_input_and_bank_public_bound' depends on axioms: [propext,
 Classical.choice,
 Quot.sound]
'Math115.DenseLatticeCompletion.dilation_positive' depends on axioms: [propext, Quot.sound]
'Math115.DenseLatticeCompletion.denseRows' depends on axioms: [propext, Classical.choice, Quot.sound]
'Math115.DenseLatticeCompletion.denseColumns' depends on axioms: [propext, Classical.choice, Quot.sound]
'Math115.DenseLatticeCompletion.fineOptionEquiv' depends on axioms: [propext, Classical.choice, Quot.sound]
'Math115.DenseLatticeCompletion.optionMargin_code' depends on axioms: [propext, Classical.choice, Quot.sound]
'Math115.DenseLatticeCompletion.fineOption_tableOutput' depends on axioms: [propext, Classical.choice, Quot.sound]
'Math115.DenseLatticeCompletion.denseRows_minimum' depends on axioms: [propext, Classical.choice, Quot.sound]
'Math115.DenseLatticeCompletion.denseColumns_minimum' depends on axioms: [propext, Classical.choice, Quot.sound]
'Math115.DenseLatticeCompletion.dense_totals' depends on axioms: [propext, Classical.choice, Quot.sound]
'Math115.DenseLatticeCompletion.fineBits' depends on axioms: [propext, Classical.choice, Quot.sound]
'Math115.DenseLatticeCompletion.fineBits_pos' depends on axioms: [propext, Classical.choice, Quot.sound]
'Math115.DenseLatticeCompletion.fineDraw' depends on axioms: [propext, Classical.choice, Quot.sound]
'Math115.DenseLatticeCompletion.fineDraw_canonicalCode' depends on axioms: [propext, Classical.choice, Quot.sound]
'Math115.DenseLatticeCompletion.fineDraw_matrixCode' depends on axioms: [propext, Classical.choice, Quot.sound]
'Math115.DenseLatticeCompletion.fineLaw' depends on axioms: [propext, Classical.choice, Quot.sound]
'Math115.DenseLatticeCompletion.dyadic_cast' depends on axioms: [propext, Classical.choice, Quot.sound]
'Math115.DenseLatticeCompletion.fineLaw_variation' depends on axioms: [propext, Classical.choice, Quot.sound]
'Math115.DenseLatticeCompletion.fineBits_polynomial' depends on axioms: [propext, Classical.choice, Quot.sound]
'Math115.DenseLatticeCompletion.completionLaw' depends on axioms: [propext, Classical.choice, Quot.sound]
'Math115.DenseLatticeCompletion.completionLaw_variation' depends on axioms: [propext, Classical.choice, Quot.sound]
'Math115.DenseLatticeCompletion.completionBits' depends on axioms: [propext, Classical.choice, Quot.sound]
'Math115.DenseLatticeCompletion.completionBits_bound' depends on axioms: [propext, Classical.choice, Quot.sound]
'Math115.DenseLatticeCompletion.completionDraw' depends on axioms: [propext, Classical.choice, Quot.sound]
'Math115.DenseLatticeCompletion.completionDraw_law' depends on axioms: [propext, Classical.choice, Quot.sound]
'Math115.DenseLatticeCompletion.completionDraw_variation' depends on axioms: [propext, Classical.choice, Quot.sound]
'Math115.DenseLatticeCompletionProvedInputs.fineLaw_variation' depends on axioms: [propext,
 Classical.choice,
 Quot.sound]
'Math115.DenseLatticeCompletionProvedInputs.completionLaw_variation' depends on axioms: [propext,
 Classical.choice,
 Quot.sound]
'Math115.DenseLatticeCompletionProvedInputs.completionDraw_variation' depends on axioms: [propext,
 Classical.choice,
 Quot.sound]
'Math115.PhysicalLatticeCompletion.RowTail' does not depend on any axioms
'Math115.PhysicalLatticeCompletion.ColumnTail' does not depend on any axioms
'Math115.PhysicalLatticeCompletion.rowFree' depends on axioms: [propext, Classical.choice, Quot.sound]
'Math115.PhysicalLatticeCompletion.columnFree' depends on axioms: [propext, Classical.choice, Quot.sound]
'Math115.PhysicalLatticeCompletion.rowIndex' depends on axioms: [propext, Classical.choice, Quot.sound]
'Math115.PhysicalLatticeCompletion.columnIndex' depends on axioms: [propext, Classical.choice, Quot.sound]
'Math115.PhysicalLatticeCompletion.finiteRows' depends on axioms: [propext, Classical.choice, Quot.sound]
'Math115.PhysicalLatticeCompletion.finiteColumns' depends on axioms: [propext, Classical.choice, Quot.sound]
'Math115.PhysicalLatticeCompletion.finiteReferenceEquiv' depends on axioms: [propext, Classical.choice, Quot.sound]
'Math115.PhysicalLatticeCompletion.finite_totals' depends on axioms: [propext, Classical.choice, Quot.sound]
'Math115.PhysicalLatticeCompletion.row_count_eq' depends on axioms: [propext, Classical.choice, Quot.sound]
'Math115.PhysicalLatticeCompletion.column_count_eq' depends on axioms: [propext, Classical.choice, Quot.sound]
'Math115.PhysicalLatticeCompletion.finite_row_lower' depends on axioms: [propext, Classical.choice, Quot.sound]
'Math115.PhysicalLatticeCompletion.finite_column_lower' depends on axioms: [propext, Classical.choice, Quot.sound]
'Math115.PhysicalLatticeCompletion.finite_dimensions' depends on axioms: [propext, Classical.choice, Quot.sound]
'Math115.PhysicalLatticeCompletion.finite_free_dimension' depends on axioms: [propext, Classical.choice, Quot.sound]
'Math115.PhysicalLatticeCompletion.dimension_fourteen' depends on axioms: [propext, Classical.choice, Quot.sound]
'Math115.PhysicalLatticeCompletion.finite_row_upper' depends on axioms: [propext, Classical.choice, Quot.sound]
'Math115.PhysicalLatticeCompletion.finiteFallback' depends on axioms: [propext, Classical.choice, Quot.sound]
'Math115.PhysicalLatticeCompletion.FineOracleFamily' depends on axioms: [propext, Classical.choice, Quot.sound]
'Math115.PhysicalLatticeCompletion.latticeOracle' depends on axioms: [propext, Classical.choice, Quot.sound]
'Math115.PhysicalLatticeCompletion.latticeOracle_accuracy' depends on axioms: [propext, Classical.choice, Quot.sound]
'Math115.PhysicalLatticeCompletion.lattice_selected_step_accuracy' depends on axioms: [propext,
 Classical.choice,
 Quot.sound]
'Math115.PhysicalLatticeCompletion.lattice_selected_terminal_accuracy' depends on axioms: [propext,
 Classical.choice,
 Quot.sound]
'Math115.PhysicalLatticeCompletion.denseFineOracle' depends on axioms: [propext, Classical.choice, Quot.sound]
'Math115.PhysicalLatticeCompletion.denseOracle' depends on axioms: [propext, Classical.choice, Quot.sound]
'Math115.PhysicalLatticeCompletion.denseOracle_accuracy' depends on axioms: [propext, Classical.choice, Quot.sound]
'Math115.PhysicalLatticeCompletion.dense_selected_step_accuracy' depends on axioms: [propext,
 Classical.choice,
 Quot.sound]
'Math115.PhysicalLatticeCompletion.dense_selected_terminal_accuracy' depends on axioms: [propext,
 Classical.choice,
 Quot.sound]
'Math115.PhysicalLatticeCompletion.denseOuterLaw' depends on axioms: [propext, Classical.choice, Quot.sound]
'Math115.PhysicalLatticeCompletion.denseOuterLaw_variation' depends on axioms: [propext, Classical.choice, Quot.sound]
'Math115.PhysicalLatticeCompletion.fineRowBound' depends on axioms: [propext, Classical.choice, Quot.sound]
'Math115.PhysicalLatticeCompletion.fineBinaryLength' depends on axioms: [propext, Classical.choice, Quot.sound]
'Math115.PhysicalLatticeCompletion.reservedFineBits' depends on axioms: [propext, Classical.choice, Quot.sound]
'Math115.PhysicalLatticeCompletion.reservedCompletionBits' depends on axioms: [propext, Classical.choice, Quot.sound]
'Math115.PhysicalLatticeCompletion.dense_fine_row_upper' depends on axioms: [propext, Classical.choice, Quot.sound]
'Math115.PhysicalLatticeCompletion.fineBits_le_reserved' depends on axioms: [propext, Classical.choice, Quot.sound]
'Math115.PhysicalLatticeCompletion.completionBits_le_reserved' depends on axioms: [propext,
 Classical.choice,
 Quot.sound]
'Math115.AdaptiveDenseCompletion.denseRows_lower' depends on axioms: [propext, Classical.choice, Quot.sound]
'Math115.AdaptiveDenseCompletion.denseColumns_lower' depends on axioms: [propext, Classical.choice, Quot.sound]
'Math115.AdaptiveDenseCompletion.fineBits' depends on axioms: [propext, Classical.choice, Quot.sound]
'Math115.AdaptiveDenseCompletion.fineBits_pos' depends on axioms: [propext, Classical.choice, Quot.sound]
'Math115.AdaptiveDenseCompletion.fineDraw' depends on axioms: [propext, Classical.choice, Quot.sound]
'Math115.AdaptiveDenseCompletion.fineDraw_canonicalCode' depends on axioms: [propext, Classical.choice, Quot.sound]
'Math115.AdaptiveDenseCompletion.fineDraw_matrixCode' depends on axioms: [propext, Classical.choice, Quot.sound]
'Math115.AdaptiveDenseCompletion.fineLaw' depends on axioms: [propext, Classical.choice, Quot.sound]
'Math115.AdaptiveDenseCompletion.fineLaw_variation' depends on axioms: [propext, Classical.choice, Quot.sound]
'Math115.AdaptiveDenseCompletion.fineBits_polynomial' depends on axioms: [propext, Classical.choice, Quot.sound]
'Math115.AdaptiveDenseCompletion.completionLaw' depends on axioms: [propext, Classical.choice, Quot.sound]
'Math115.AdaptiveDenseCompletion.completionLaw_variation_half' depends on axioms: [propext,
 Classical.choice,
 Quot.sound]
'Math115.AdaptiveDenseCompletion.completionLaw_variation' depends on axioms: [propext, Classical.choice, Quot.sound]
'Math115.AdaptiveDenseCompletion.completionBits' depends on axioms: [propext, Classical.choice, Quot.sound]
'Math115.AdaptiveDenseCompletion.completionBits_bound' depends on axioms: [propext, Classical.choice, Quot.sound]
'Math115.AdaptiveDenseCompletion.completionDraw' depends on axioms: [propext, Classical.choice, Quot.sound]
'Math115.AdaptiveDenseCompletion.completionDraw_law' depends on axioms: [propext, Classical.choice, Quot.sound]
'Math115.AdaptiveDenseCompletion.completionDraw_variation' depends on axioms: [propext, Classical.choice, Quot.sound]
'Math115.AdaptiveDenseCompletion.table_subsingleton_of_row_card_le_one' depends on axioms: [propext,
 Classical.choice,
 Quot.sound]
'Math115.AdaptiveDenseCompletion.table_subsingleton_of_column_card_le_one' depends on axioms: [propext,
 Classical.choice,
 Quot.sound]
'Math115.AdaptiveDenseCompletion.table_subsingleton_of_zero_tail' depends on axioms: [propext,
 Classical.choice,
 Quot.sound]
'Math115.AdaptiveDenseCompletion.singletonDraw' depends on axioms: [propext, Classical.choice, Quot.sound]
'Math115.AdaptiveDenseCompletion.singletonDraw_pointLaw' depends on axioms: [propext, Classical.choice, Quot.sound]
'Math115.AdaptiveDenseCompletion.singletonDraw_law' depends on axioms: [propext, Classical.choice, Quot.sound]
'Math115.CompletionOuterSchedule.denseOuterLaw_explicit_accuracy_half' depends on axioms: [propext,
 Classical.choice,
 Quot.sound]
'Math115.CompletionOuterSchedule.denseOuterLaw_explicit_accuracy' depends on axioms: [propext,
 Classical.choice,
 Quot.sound]
'Math115.CompletionRandomBudget.physicalSmallCount_le_dimension' depends on axioms: [propext,
 Classical.choice,
 Quot.sound]
'Math115.CompletionRandomBudget.completionReservation_eq_reserved' depends on axioms: [propext,
 Classical.choice,
 Quot.sound]
'Math115.CompletionRandomBudget.physicalTotalReservedBits' depends on axioms: [propext, Classical.choice, Quot.sound]
'Math115.CompletionRandomBudget.physicalTotalReservedBits_eq_reservation' depends on axioms: [propext,
 Classical.choice,
 Quot.sound]
'Math115.CompletionRandomBudget.physicalTotalReservedBits_separated' depends on axioms: [propext,
 Classical.choice,
 Quot.sound]
'Math115.CompletionRandomBudget.physicalTotalReservedBits_combined' depends on axioms: [propext,
 Classical.choice,
 Quot.sound]
'Math115.CompletionSamplerProgram.Parameters' does not depend on any axioms
'Math115.CompletionSamplerProgram.InnerParameters' does not depend on any axioms
'Math115.CompletionSamplerProgram.retriesRealizer' depends on axioms: [propext, Classical.choice, Quot.sound]
'Math115.CompletionSamplerProgram.polynomial_retries' depends on axioms: [propext, Classical.choice, Quot.sound]
'Math115.CompletionSamplerProgram.precisionRealizer' depends on axioms: [propext, Classical.choice, Quot.sound]
'Math115.CompletionSamplerProgram.polynomial_precision' depends on axioms: [propext, Classical.choice, Quot.sound]
'Math115.CompletionSamplerProgram.powerTwelveRealizer' depends on axioms: [propext, Classical.choice, Quot.sound]
'Math115.CompletionSamplerProgram.polynomial_powerTwelve' depends on axioms: [propext, Classical.choice, Quot.sound]
'Math115.CompletionSamplerProgram.dilateEntry' does not depend on any axioms
'Math115.CompletionSamplerProgram.dilateEntryRealizer' depends on axioms: [propext, Classical.choice, Quot.sound]
'Math115.CompletionSamplerProgram.polynomial_dilateEntry' depends on axioms: [propext, Classical.choice, Quot.sound]
'Math115.CompletionSamplerProgram.dilateList' does not depend on any axioms
'Math115.CompletionSamplerProgram.dilateListRealizer' depends on axioms: [propext, Classical.choice, Quot.sound]
'Math115.CompletionSamplerProgram.polynomial_dilateList' depends on axioms: [propext, Classical.choice, Quot.sound]
'Math115.CompletionSamplerProgram.prepare' depends on axioms: [propext]
'Math115.CompletionSamplerProgram.prepareRealizer' depends on axioms: [propext, Classical.choice, Quot.sound]
'Math115.CompletionSamplerProgram.polynomial_prepare' depends on axioms: [propext, Classical.choice, Quot.sound]
'Math115.CompletionSamplerProgram.trial' depends on axioms: [propext]
'Math115.CompletionSamplerProgram.trialRealizer' depends on axioms: [propext, Classical.choice, Quot.sound]
'Math115.CompletionSamplerProgram.polynomial_trial' depends on axioms: [propext, Classical.choice, Quot.sound]
'Math115.CompletionSamplerProgram.wordWidth' depends on axioms: [propext]
'Math115.CompletionSamplerProgram.wordWidthRealizer' depends on axioms: [propext, Classical.choice, Quot.sound]
'Math115.CompletionSamplerProgram.polynomial_wordWidth' depends on axioms: [propext, Classical.choice, Quot.sound]
'Math115.CompletionSamplerProgram.bitCount' depends on axioms: [propext]
'Math115.CompletionSamplerProgram.bitCountRealizer' depends on axioms: [propext, Classical.choice, Quot.sound]
'Math115.CompletionSamplerProgram.polynomial_bitCount' depends on axioms: [propext, Classical.choice, Quot.sound]
'Math115.CompletionSamplerProgram.reservedWords' depends on axioms: [propext]
'Math115.CompletionSamplerProgram.reservedWordsRealizer' depends on axioms: [propext, Classical.choice, Quot.sound]
'Math115.CompletionSamplerProgram.polynomial_reservedWords' depends on axioms: [propext, Classical.choice, Quot.sound]
'Math115.CompletionSamplerProgram.draw' depends on axioms: [propext]
'Math115.CompletionSamplerProgram.drawRealizer' depends on axioms: [propext, Classical.choice, Quot.sound]
'Math115.CompletionSamplerProgram.polynomial_draw' depends on axioms: [propext, Classical.choice, Quot.sound]
'Math115.CompletionSamplerSemantics.parameters' does not depend on any axioms
'Math115.CompletionSamplerSemantics.prepare_code' depends on axioms: [propext, Classical.choice, Quot.sound]
'Math115.CompletionSamplerSemantics.wordWidth_code' depends on axioms: [propext, Classical.choice, Quot.sound]
'Math115.CompletionSamplerSemantics.bitCount_code' depends on axioms: [propext, Classical.choice, Quot.sound]
'Math115.CompletionSamplerSemantics.trial_code' depends on axioms: [propext, Classical.choice, Quot.sound]
'Math115.CompletionSamplerSemantics.reservedWords_code' depends on axioms: [propext, Classical.choice, Quot.sound]
'Math115.CompletionSamplerSemantics.greedyFallback_code' depends on axioms: [propext, Classical.choice, Quot.sound]
'Math115.CompletionSamplerSemantics.programTable' depends on axioms: [propext, Classical.choice, Quot.sound]
'Math115.CompletionSamplerSemantics.draw_code' depends on axioms: [propext, Classical.choice, Quot.sound]
'Math115.CompletionSamplerSemantics.draw_prefix_code' depends on axioms: [propext, Classical.choice, Quot.sound]
'Math115.CompletionSamplerSemantics.padded_programTable_law' depends on axioms: [propext, Classical.choice, Quot.sound]
'Math115.CompletionSamplerSemantics.programTable_variation' depends on axioms: [propext, Classical.choice, Quot.sound]
'Math115.CompletionSamplerSemantics.padded_programTable_variation' depends on axioms: [propext,
 Classical.choice,
 Quot.sound]
'Math115.CompletionSamplerSemantics.draw_semantics' depends on axioms: [propext, Classical.choice, Quot.sound]
'Math115.PhysicalComputedProposal.profileRows' depends on axioms: [propext, Classical.choice, Quot.sound]
'Math115.PhysicalComputedProposal.profileColumns' depends on axioms: [propext, Classical.choice, Quot.sound]
'Math115.PhysicalComputedProposal.ProfileFeasible' depends on axioms: [propext, Classical.choice, Quot.sound]
'Math115.PhysicalComputedProposal.profile_capacity' depends on axioms: [propext, Classical.choice, Quot.sound]
'Math115.PhysicalComputedProposal.physicalProfile_feasible' depends on axioms: [propext, Classical.choice, Quot.sound]
'Math115.PhysicalComputedProposal.profileFeasible_positive' depends on axioms: [propext, Classical.choice, Quot.sound]
'Math115.PhysicalComputedProposal.stateOfFeasible' depends on axioms: [propext, Classical.choice, Quot.sound]
'Math115.PhysicalComputedProposal.stateOfFeasible_profile' depends on axioms: [propext, Classical.choice, Quot.sound]
'Math115.PhysicalComputedProposal.profileFeasible_iff' depends on axioms: [propext, Classical.choice, Quot.sound]
'Math115.PhysicalComputedProposal.decodeProfile' depends on axioms: [propext, Classical.choice, Quot.sound]
'Math115.PhysicalComputedProposal.decodeProfile_eq_some_iff' depends on axioms: [propext, Classical.choice, Quot.sound]
'Math115.PhysicalComputedProposal.profileFeasible_of_lineTests' depends on axioms: [propext,
 Classical.choice,
 Quot.sound]
'Math115.PhysicalComputedProposal.profileFeasible_lineTests' depends on axioms: [propext, Classical.choice, Quot.sound]
'Math115.PhysicalComputedProposal.profileTest_iff' depends on axioms: [propext, Classical.choice, Quot.sound]
'Math115.PhysicalComputedProposal.profileTest_code_iff' depends on axioms: [propext, Classical.choice, Quot.sound]
'Math115.PhysicalComputedProposal.ArithmeticRepair' depends on axioms: [propext, Classical.choice, Quot.sound]
'Math115.PhysicalComputedProposal.ArithmeticEdge' depends on axioms: [propext, Classical.choice, Quot.sound]
'Math115.PhysicalComputedProposal.arithmeticRepair_iff' depends on axioms: [propext, Classical.choice, Quot.sound]
'Math115.PhysicalComputedProposal.arithmeticEdge_iff' depends on axioms: [propext, Classical.choice, Quot.sound]
'Math115.PhysicalComputedProposal.mem_rawCodeNeighbors' depends on axioms: [propext, Classical.choice, Quot.sound]
'Math115.PhysicalComputedProposal.mem_codeNeighbors' depends on axioms: [propext, Classical.choice, Quot.sound]
'Math115.PhysicalComputedProposal.physicalProposalLaw_mass_some' depends on axioms: [propext,
 Classical.choice,
 Quot.sound]
'Math115.PhysicalComputedProposal.stateCode' depends on axioms: [propext, Classical.choice, Quot.sound]
'Math115.PhysicalComputedProposal.stateCodeData' depends on axioms: [propext, Classical.choice, Quot.sound]
'Math115.PhysicalComputedProposal.decodeStateCode' depends on axioms: [propext, Classical.choice, Quot.sound]
'Math115.PhysicalComputedProposal.decode_stateCode' depends on axioms: [propext, Classical.choice, Quot.sound]
'Math115.PhysicalComputedProposal.stateCode_injective' depends on axioms: [propext, Classical.choice, Quot.sound]
'Math115.PhysicalComputedProposal.decodeStateCode_eq_some_iff' depends on axioms: [propext,
 Classical.choice,
 Quot.sound]
'Math115.PhysicalComputedProposal.codeNeighborStates' depends on axioms: [propext, Classical.choice, Quot.sound]
'Math115.PhysicalComputedProposal.codeNeighborStates_nodup' depends on axioms: [propext, Classical.choice, Quot.sound]
'Math115.PhysicalComputedProposal.mem_codeNeighborStates' depends on axioms: [propext, Classical.choice, Quot.sound]
'Math115.PhysicalComputedProposal.codeNeighborStates_length' depends on axioms: [propext, Classical.choice, Quot.sound]
'Math115.PhysicalComputedProposal.codeNeighborStates_codes' depends on axioms: [propext, Classical.choice, Quot.sound]
'Math115.PhysicalComputedProposal.codeNeighbors_decode_total' depends on axioms: [propext, Classical.choice, Quot.sound]
'Math115.PhysicalComputedProposal.decodedCodeProposal' depends on axioms: [propext, Classical.choice, Quot.sound]
'Math115.PhysicalComputedProposal.decodedCodeProposal_apply' depends on axioms: [propext, Classical.choice, Quot.sound]
'Math115.PhysicalComputedProposal.decodedCodeProposal_eq' depends on axioms: [propext, Classical.choice, Quot.sound]
'Math115.PhysicalComputedProposal.decodedCodeProposal_law' depends on axioms: [propext, Classical.choice, Quot.sound]
'Math115.PhysicalComputedProposal.computedCatalog' depends on axioms: [propext]
'Math115.PhysicalComputedProposal.computedCatalog_nodup' depends on axioms: [propext, Classical.choice, Quot.sound]
'Math115.PhysicalComputedProposal.mem_computedCatalog' depends on axioms: [propext, Classical.choice, Quot.sound]
'Math115.PhysicalComputedProposal.catalogCell' depends on axioms: [propext, Classical.choice, Quot.sound]
'Math115.PhysicalComputedProposal.catalogCell_coordinates' depends on axioms: [propext, Classical.choice, Quot.sound]
'Math115.PhysicalComputedProposal.catalogCell_bijective' depends on axioms: [propext, Classical.choice, Quot.sound]
'Math115.PhysicalComputedProposal.computedCellEquiv' depends on axioms: [propext, Classical.choice, Quot.sound]
'Math115.PhysicalComputedProposal.computedCellEquiv_catalog' depends on axioms: [propext, Classical.choice, Quot.sound]
'Math115.PhysicalComputedProposal.computedStateCode' depends on axioms: [propext, Classical.choice, Quot.sound]
'Math115.PhysicalComputedProposal.computedProposal' depends on axioms: [propext, Classical.choice, Quot.sound]
'Math115.PhysicalComputedProposal.computedProposal_apply' depends on axioms: [propext, Classical.choice, Quot.sound]
'Math115.PhysicalComputedProposal.computedProposal_law' depends on axioms: [propext, Classical.choice, Quot.sound]
'Math115.PhysicalComputedProposal.cubeNat' depends on axioms: [propext, Classical.choice, Quot.sound]
'Math115.PhysicalComputedProposal.polynomial_cubeNat' depends on axioms: [propext, Classical.choice, Quot.sound]
'Math115.PhysicalComputedProposal.idealMarginThreshold' depends on axioms: [propext]
'Math115.PhysicalComputedProposal.idealMarginThresholdRealizer' depends on axioms: [propext,
 Classical.choice,
 Quot.sound]
'Math115.PhysicalComputedProposal.polynomial_idealMarginThreshold' depends on axioms: [propext,
 Classical.choice,
 Quot.sound]
'Math115.PhysicalComputedProposal.idealMarginCatalog' depends on axioms: [propext]
'Math115.PhysicalComputedProposal.idealMarginCatalogRealizer' depends on axioms: [propext, Classical.choice, Quot.sound]
'Math115.PhysicalComputedProposal.polynomial_idealMarginCatalog' depends on axioms: [propext,
 Classical.choice,
 Quot.sound]
'Math115.PhysicalComputedProposal.idealPrepareProfileInput' depends on axioms: [propext]
'Math115.PhysicalComputedProposal.idealPrepareProfileInputRealizer' depends on axioms: [propext,
 Classical.choice,
 Quot.sound]
'Math115.PhysicalComputedProposal.polynomial_idealPrepareProfileInput' depends on axioms: [propext,
 Classical.choice,
 Quot.sound]
'Math115.PhysicalComputedProposal.idealPreparedProposal' depends on axioms: [propext]
'Math115.PhysicalComputedProposal.idealPreparedProposalRealizer' depends on axioms: [propext,
 Classical.choice,
 Quot.sound]
'Math115.PhysicalComputedProposal.polynomial_idealPreparedProposal' depends on axioms: [propext,
 Classical.choice,
 Quot.sound]
'Math115.PhysicalComputedProposal.idealMarginThreshold_ofFn' depends on axioms: [propext, Classical.choice, Quot.sound]
'Math115.PhysicalComputedProposal.idealPrepareProfileInput_eq' depends on axioms: [propext,
 Classical.choice,
 Quot.sound]
'Math115.PhysicalComputedProposal.idealPreparedProposal_eq' depends on axioms: [propext, Classical.choice, Quot.sound]
'Math115.PhysicalComputedProposal.idealComputedProposal_law' depends on axioms: [propext, Classical.choice, Quot.sound]
'Math115.PhysicalComputedProposal.idealPreparedProposal_law' depends on axioms: [propext, Classical.choice, Quot.sound]
'Math115.PhysicalReferenceWalk.referenceTransitionLaw_cast' depends on axioms: [propext, Classical.choice, Quot.sound]
'Math115.PhysicalReferenceWalk.referenceStationaryLaw_cast' depends on axioms: [propext, Classical.choice, Quot.sound]
'Math115.PhysicalReferenceWalk.referenceChain_pi_lower' depends on axioms: [propext, Classical.choice, Quot.sound]
'Math115.PhysicalReferenceWalk.referenceWalkLaw' depends on axioms: [propext, Classical.choice, Quot.sound]
'Math115.PhysicalReferenceWalk.referenceWalkLaw_cast' depends on axioms: [propext, Classical.choice, Quot.sound]
'Math115.PhysicalReferenceWalk.referenceWalkLaw_variation' depends on axioms: [propext, Classical.choice, Quot.sound]
'Math115.PhysicalReferenceWalk.referenceJointLaw' depends on axioms: [propext, Classical.choice, Quot.sound]
'Math115.PhysicalReferenceWalk.referenceJointLaw_variation_le' depends on axioms: [propext,
 Classical.choice,
 Quot.sound]
'Math115.PhysicalReferenceWalk.referenceJointLaw_variation' depends on axioms: [propext, Classical.choice, Quot.sound]
'Math115.PhysicalReferenceWalk.referenceOuterLaw' depends on axioms: [propext, Classical.choice, Quot.sound]
'Math115.PhysicalReferenceWalk.referenceOuterLaw_variation' depends on axioms: [propext, Classical.choice, Quot.sound]
'Math115.PhysicalReferenceWalk.referenceApproximateJoint_variation' depends on axioms: [propext,
 Classical.choice,
 Quot.sound]
'Math115.PhysicalReferenceWalk.referenceApproximateOuter_variation_le' depends on axioms: [propext,
 Classical.choice,
 Quot.sound]
'Math115.PhysicalReferenceWalk.referenceApproximateOuter_variation' depends on axioms: [propext,
 Classical.choice,
 Quot.sound]
'Math115.PhysicalReferenceWalk.idealReference_poincare' depends on axioms: [propext, Classical.choice, Quot.sound]
'Math115.PhysicalReferenceWalk.idealReferenceOuterLaw' depends on axioms: [propext, Classical.choice, Quot.sound]
'Math115.PhysicalReferenceWalk.idealReferenceOuterLaw_variation' depends on axioms: [propext,
 Classical.choice,
 Quot.sound]
'Math115.PhysicalReferenceWalk.idealReferenceOracleOuterLaw' depends on axioms: [propext, Classical.choice, Quot.sound]
'Math115.PhysicalReferenceWalk.idealReferenceOracleOuterLaw_variation' depends on axioms: [propext,
 Classical.choice,
 Quot.sound]
'Math115.PhysicalReferenceWalk.denseReferenceOuterLaw' depends on axioms: [propext, Classical.choice, Quot.sound]
'Math115.PhysicalReferenceWalk.denseReferenceOuterLaw_variation' depends on axioms: [propext,
 Classical.choice,
 Quot.sound]
'Math115.ListedLatticeCompletion.tailCount' depends on axioms: [propext]
'Math115.ListedLatticeCompletion.tailCount_eq_referenceFree' depends on axioms: [propext, Classical.choice, Quot.sound]
'Math115.ListedLatticeCompletion.fullCount_card' depends on axioms: [propext, Classical.choice, Quot.sound]
'Math115.ListedLatticeCompletion.coarseRows' depends on axioms: [propext, Classical.choice, Quot.sound]
'Math115.ListedLatticeCompletion.coarseColumns' depends on axioms: [propext, Classical.choice, Quot.sound]
'Math115.ListedLatticeCompletion.coarse_totals' depends on axioms: [propext, Classical.choice, Quot.sound]
'Math115.ListedLatticeCompletion.parameters_listed' depends on axioms: [propext, Classical.choice, Quot.sound]
'Math115.ListedLatticeCompletion.coarseRows_code' depends on axioms: [propext, Classical.choice, Quot.sound]
'Math115.ListedLatticeCompletion.coarseColumns_code' depends on axioms: [propext, Classical.choice, Quot.sound]
'Math115.ListedLatticeCompletion.dimensions' depends on axioms: [propext, Classical.choice, Quot.sound]
'Math115.ListedLatticeCompletion.free_dimension' depends on axioms: [propext, Classical.choice, Quot.sound]
'Math115.ListedLatticeCompletion.dimension_fourteen' depends on axioms: [propext, Classical.choice, Quot.sound]
'Math115.ListedLatticeCompletion.coarse_row_lower' depends on axioms: [propext, Classical.choice, Quot.sound]
'Math115.ListedLatticeCompletion.coarse_column_lower' depends on axioms: [propext, Classical.choice, Quot.sound]
'Math115.ListedLatticeCompletion.coarse_row_upper' depends on axioms: [propext, Classical.choice, Quot.sound]
'Math115.ListedLatticeCompletion.dense_row_upper' depends on axioms: [propext, Classical.choice, Quot.sound]
'Math115.ListedLatticeCompletion.fineBits_le_reserved' depends on axioms: [propext, Classical.choice, Quot.sound]
'Math115.ListedLatticeCompletion.completionBits_le_reserved' depends on axioms: [propext, Classical.choice, Quot.sound]
'Math115.ListedLatticeCompletion.finiteFibreEquiv' depends on axioms: [propext, Classical.choice, Quot.sound]
'Math115.ListedLatticeCompletion.finiteFibreEquiv_entry' depends on axioms: [propext, Classical.choice, Quot.sound]
'Math115.ListedLatticeCompletion.programTable' depends on axioms: [propext, Classical.choice, Quot.sound]
'Math115.ListedLatticeCompletion.programTable_code' depends on axioms: [propext, Classical.choice, Quot.sound]
'Math115.ListedLatticeCompletion.programTable_accuracy' depends on axioms: [propext, Classical.choice, Quot.sound]
'Math115.ListedLatticeCompletion.completionDraw' depends on axioms: [propext, Classical.choice, Quot.sound]
'Math115.ListedLatticeCompletion.completionLaw' depends on axioms: [propext, Classical.choice, Quot.sound]
'Math115.ListedLatticeCompletion.completionLaw_accuracy' depends on axioms: [propext, Classical.choice, Quot.sound]
'Math115.ListedLatticeCompletion.oracleFamily' depends on axioms: [propext, Classical.choice, Quot.sound]
'Math115.ListedLatticeCompletion.oracleFamily_accuracy' depends on axioms: [propext, Classical.choice, Quot.sound]
'Math115.ListedLatticeCompletion.referenceDraw' depends on axioms: [propext, Classical.choice, Quot.sound]
'Math115.ListedLatticeCompletion.referenceDraw_law' depends on axioms: [propext, Classical.choice, Quot.sound]
'Math115.ListedLatticeCompletion.outerLaw' depends on axioms: [propext, Classical.choice, Quot.sound]
'Math115.ListedLatticeCompletion.outerLaw_variation' depends on axioms: [propext, Classical.choice, Quot.sound]
'Math115.PhysicalReferenceBoolean.stepBits' depends on axioms: [propext, Classical.choice, Quot.sound]
'Math115.PhysicalReferenceBoolean.attemptBits' depends on axioms: [propext, Classical.choice, Quot.sound]
'Math115.PhysicalReferenceBoolean.outerBits' depends on axioms: [propext, Classical.choice, Quot.sound]
'Math115.PhysicalReferenceBoolean.bitStep' depends on axioms: [propext, Classical.choice, Quot.sound]
'Math115.PhysicalReferenceBoolean.bitStep_law' depends on axioms: [propext, Classical.choice, Quot.sound]
'Math115.PhysicalReferenceBoolean.flatWalk' depends on axioms: [propext, Classical.choice, Quot.sound]
'Math115.PhysicalReferenceBoolean.flatWalk_law' depends on axioms: [propext, Classical.choice, Quot.sound]
'Math115.PhysicalReferenceBoolean.terminalLaw_eq' depends on axioms: [propext, Classical.choice, Quot.sound]
'Math115.PhysicalReferenceBoolean.jointDraw' depends on axioms: [propext, Classical.choice, Quot.sound]
'Math115.PhysicalReferenceBoolean.jointDraw_law' depends on axioms: [propext, Classical.choice, Quot.sound]
'Math115.PhysicalReferenceBoolean.outerDraw' depends on axioms: [propext, Classical.choice, Quot.sound]
'Math115.PhysicalReferenceBoolean.outerDraw_law' depends on axioms: [propext, Classical.choice, Quot.sound]
'Math115.PhysicalReferenceBoolean.initializedDraw' depends on axioms: [propext, Classical.choice, Quot.sound]
'Math115.PhysicalReferenceBoolean.initializedDraw_law' depends on axioms: [propext, Classical.choice, Quot.sound]
'Math115.PhysicalReferenceBoolean.initializedDraw_variation' depends on axioms: [propext, Classical.choice, Quot.sound]
'Math115.PhysicalReferenceBoolean.initializedDraw_explicit_accuracy' depends on axioms: [propext,
 Classical.choice,
 Quot.sound]
'Math115.PhysicalEmptyCompletion.ReconstructionInput' does not depend on any axioms
'Math115.PhysicalEmptyCompletion.retainedData' does not depend on any axioms
'Math115.PhysicalEmptyCompletion.retainedDataRealizer' depends on axioms: [propext, Classical.choice, Quot.sound]
'Math115.PhysicalEmptyCompletion.polynomial_retainedData' depends on axioms: [propext, Classical.choice, Quot.sound]
'Math115.PhysicalEmptyCompletion.rowInput' does not depend on any axioms
'Math115.PhysicalEmptyCompletion.rowInputRealizer' depends on axioms: [propext, Classical.choice, Quot.sound]
'Math115.PhysicalEmptyCompletion.polynomial_rowInput' depends on axioms: [propext, Classical.choice, Quot.sound]
'Math115.PhysicalEmptyCompletion.columnInput' does not depend on any axioms
'Math115.PhysicalEmptyCompletion.columnInputRealizer' depends on axioms: [propext, Classical.choice, Quot.sound]
'Math115.PhysicalEmptyCompletion.polynomial_columnInput' depends on axioms: [propext, Classical.choice, Quot.sound]
'Math115.PhysicalEmptyCompletion.reconstructViews' depends on axioms: [propext]
'Math115.PhysicalEmptyCompletion.reconstructViewsRealizer' depends on axioms: [propext, Classical.choice, Quot.sound]
'Math115.PhysicalEmptyCompletion.polynomial_reconstructViews' depends on axioms: [propext, Classical.choice, Quot.sound]
'Math115.PhysicalEmptyCompletion.retainedData_entry' depends on axioms: [propext, Classical.choice, Quot.sound]
'Math115.PhysicalEmptyCompletion.storedRows' depends on axioms: [propext, Classical.choice, Quot.sound]
'Math115.PhysicalEmptyCompletion.storedColumns' depends on axioms: [propext, Classical.choice, Quot.sound]
'Math115.PhysicalEmptyCompletion.allSmallCompletion' depends on axioms: [propext, Classical.choice, Quot.sound]
'Math115.PhysicalEmptyCompletion.allSmallCompletion_views' depends on axioms: [propext, Classical.choice, Quot.sound]
'Math115.PhysicalEmptyCompletion.allSmallCompletion_row' depends on axioms: [propext, Classical.choice, Quot.sound]
'Math115.PhysicalEmptyCompletion.allSmallCompletion_column' depends on axioms: [propext, Classical.choice, Quot.sound]
'Math115.PhysicalEmptyCompletion.allSmallCompletion_unique' depends on axioms: [propext, Classical.choice, Quot.sound]
'Math115.PhysicalEmptyCompletion.allSmallCompletion_pointLaw_uniform' depends on axioms: [propext,
 Classical.choice,
 Quot.sound]
'Math115.PhysicalEmptyCompletion.allSmall_of_empty' depends on axioms: [propext, Classical.choice, Quot.sound]
'Math115.PhysicalEmptyCompletion.emptyCompletion' depends on axioms: [propext, Classical.choice, Quot.sound]
'Math115.PhysicalEmptyCompletion.emptyCompletion_views' depends on axioms: [propext, Classical.choice, Quot.sound]
'Math115.PhysicalEmptyCompletion.emptyCompletion_pointLaw_uniform' depends on axioms: [propext,
 Classical.choice,
 Quot.sound]
'Math115.PhysicalEmptyCompletion.empty_of_not_both' depends on axioms: [propext, Classical.choice, Quot.sound]
'Math115.PhysicalEmptyCompletion.emptyCompletionOfNotBoth' depends on axioms: [propext, Classical.choice, Quot.sound]
'Math115.PhysicalEmptyCompletion.emptyCompletionOfNotBoth_views' depends on axioms: [propext,
 Classical.choice,
 Quot.sound]
'Math115.PhysicalEmptyCompletion.emptyCompletionOfNotBoth_pointLaw_uniform' depends on axioms: [propext,
 Classical.choice,
 Quot.sound]
'Math115.PhysicalEmptyCompletion.idealEmptyCompletion' depends on axioms: [propext, Classical.choice, Quot.sound]
'Math115.PhysicalEmptyCompletion.idealEmptyCompletion_pointLaw_uniform' depends on axioms: [propext,
 Classical.choice,
 Quot.sound]
'Math115.PhysicalEmptyCompletion.profileInput' depends on axioms: [propext, Classical.choice, Quot.sound]
'Math115.PhysicalEmptyCompletion.reconstructViews_profile_code' depends on axioms: [propext,
 Classical.choice,
 Quot.sound]
'Math115.PhysicalEmptyCompletion.computedInput' depends on axioms: [propext, Classical.choice, Quot.sound]
'Math115.PhysicalEmptyCompletion.computedInput_eq_profileInput' depends on axioms: [propext,
 Classical.choice,
 Quot.sound]
'Math115.PhysicalEmptyCompletion.reconstructViews_computed_code' depends on axioms: [propext,
 Classical.choice,
 Quot.sound]
'Math115.PhysicalEmptyCompletion.reconstructViews_computed_not_both_code' depends on axioms: [propext,
 Classical.choice,
 Quot.sound]
'Math115.PhysicalEmptyCompletion.empty_of_no_large_lists' depends on axioms: [propext, Quot.sound]
'Math115.PhysicalBooleanSampler.bothLarge' depends on axioms: [propext, Classical.choice, Quot.sound]
'Math115.PhysicalBooleanSampler.not_bothLarge_reference' depends on axioms: [propext, Classical.choice, Quot.sound]
'Math115.PhysicalBooleanSampler.unitBitStep' depends on axioms: [propext, Classical.choice, Quot.sound]
'Math115.PhysicalBooleanSampler.unitBitStep_law' depends on axioms: [propext, Classical.choice, Quot.sound]
'Math115.PhysicalBooleanSampler.flatUnitWalk' depends on axioms: [propext, Classical.choice, Quot.sound]
'Math115.PhysicalBooleanSampler.flatUnitWalk_law' depends on axioms: [propext, Classical.choice, Quot.sound]
'Math115.PhysicalBooleanSampler.unitJointDraw' depends on axioms: [propext, Classical.choice, Quot.sound]
'Math115.PhysicalBooleanSampler.unitJointDraw_law' depends on axioms: [propext, Classical.choice, Quot.sound]
'Math115.PhysicalBooleanSampler.unitOuterDraw' depends on axioms: [propext, Classical.choice, Quot.sound]
'Math115.PhysicalBooleanSampler.unitOuterDraw_law' depends on axioms: [propext, Classical.choice, Quot.sound]
'Math115.PhysicalBooleanSampler.draw' depends on axioms: [propext, Classical.choice, Quot.sound]
'Math115.PhysicalBooleanSampler.draw_variation' depends on axioms: [propext, Classical.choice, Quot.sound]
'Math115.PhysicalBooleanSampler.draw_explicit_accuracy' depends on axioms: [propext, Classical.choice, Quot.sound]
'Math115.LatticeScheduleProgram.Margins' does not depend on any axioms
'Math115.LatticeScheduleProgram.ScheduleInput' does not depend on any axioms
'Math115.LatticeScheduleProgram.ScheduleOutput' does not depend on any axioms
'Math115.LatticeScheduleProgram.fixedPowerRealizer' depends on axioms: [propext, Classical.choice, Quot.sound]
'Math115.LatticeScheduleProgram.polynomial_fixedPower' depends on axioms: [propext, Classical.choice, Quot.sound]
'Math115.LatticeScheduleProgram.addGet' depends on axioms: [propext, Classical.choice, Quot.sound]
'Math115.LatticeScheduleProgram.polynomial_addGet' depends on axioms: [propext, Classical.choice, Quot.sound]
'Math115.LatticeScheduleProgram.mulGet' depends on axioms: [propext, Classical.choice, Quot.sound]
'Math115.LatticeScheduleProgram.polynomial_mulGet' depends on axioms: [propext, Classical.choice, Quot.sound]
'Math115.LatticeScheduleProgram.powerGet' depends on axioms: [propext, Classical.choice, Quot.sound]
'Math115.LatticeScheduleProgram.polynomial_powerGet' depends on axioms: [propext, Classical.choice, Quot.sound]
'Math115.LatticeScheduleProgram.logGet' depends on axioms: [propext, Classical.choice, Quot.sound]
'Math115.LatticeScheduleProgram.polynomial_logGet' depends on axioms: [propext, Classical.choice, Quot.sound]
'Math115.LatticeScheduleProgram.target' does not depend on any axioms
'Math115.LatticeScheduleProgram.targetRealizer' depends on axioms: [propext, Classical.choice, Quot.sound]
'Math115.LatticeScheduleProgram.polynomial_target' depends on axioms: [propext, Classical.choice, Quot.sound]
'Math115.LatticeScheduleProgram.dimension' does not depend on any axioms
'Math115.LatticeScheduleProgram.dimensionRealizer' depends on axioms: [propext, Classical.choice, Quot.sound]
'Math115.LatticeScheduleProgram.polynomial_dimension' depends on axioms: [propext, Classical.choice, Quot.sound]
'Math115.LatticeScheduleProgram.cutoff' depends on axioms: [propext]
'Math115.LatticeScheduleProgram.cutoffRealizer' depends on axioms: [propext, Classical.choice, Quot.sound]
'Math115.LatticeScheduleProgram.polynomial_cutoff' depends on axioms: [propext, Classical.choice, Quot.sound]
'Math115.LatticeScheduleProgram.smallCount' depends on axioms: [propext]
'Math115.LatticeScheduleProgram.smallCountRealizer' depends on axioms: [propext, Classical.choice, Quot.sound]
'Math115.LatticeScheduleProgram.polynomial_smallCount' depends on axioms: [propext, Classical.choice, Quot.sound]
'Math115.LatticeScheduleProgram.massTotal' depends on axioms: [propext]
'Math115.LatticeScheduleProgram.massTotalRealizer' depends on axioms: [propext, Classical.choice, Quot.sound]
'Math115.LatticeScheduleProgram.polynomial_massTotal' depends on axioms: [propext, Classical.choice, Quot.sound]
'Math115.LatticeScheduleProgram.padding' does not depend on any axioms
'Math115.LatticeScheduleProgram.paddingRealizer' depends on axioms: [propext, Classical.choice, Quot.sound]
'Math115.LatticeScheduleProgram.polynomial_padding' depends on axioms: [propext, Classical.choice, Quot.sound]
'Math115.LatticeScheduleProgram.massBase' depends on axioms: [propext]
'Math115.LatticeScheduleProgram.massBaseRealizer' depends on axioms: [propext, Classical.choice, Quot.sound]
'Math115.LatticeScheduleProgram.polynomial_massBase' depends on axioms: [propext, Classical.choice, Quot.sound]
'Math115.LatticeScheduleProgram.restarts' depends on axioms: [propext]
'Math115.LatticeScheduleProgram.restartsRealizer' depends on axioms: [propext, Classical.choice, Quot.sound]
'Math115.LatticeScheduleProgram.polynomial_restarts' depends on axioms: [propext, Classical.choice, Quot.sound]
'Math115.LatticeScheduleProgram.mixBudget' depends on axioms: [propext]
'Math115.LatticeScheduleProgram.mixBudgetRealizer' depends on axioms: [propext, Classical.choice, Quot.sound]
'Math115.LatticeScheduleProgram.polynomial_mixBudget' depends on axioms: [propext, Classical.choice, Quot.sound]
'Math115.LatticeScheduleProgram.walkSteps' depends on axioms: [propext]
'Math115.LatticeScheduleProgram.walkStepsRealizer' depends on axioms: [propext, Classical.choice, Quot.sound]
'Math115.LatticeScheduleProgram.polynomial_walkSteps' depends on axioms: [propext, Classical.choice, Quot.sound]
'Math115.LatticeScheduleProgram.terminalPrecision' depends on axioms: [propext]
'Math115.LatticeScheduleProgram.terminalPrecisionRealizer' depends on axioms: [propext, Classical.choice, Quot.sound]
'Math115.LatticeScheduleProgram.polynomial_terminalPrecision' depends on axioms: [propext, Classical.choice, Quot.sound]
'Math115.LatticeScheduleProgram.stepPrecision' depends on axioms: [propext]
'Math115.LatticeScheduleProgram.stepPrecisionRealizer' depends on axioms: [propext, Classical.choice, Quot.sound]
'Math115.LatticeScheduleProgram.polynomial_stepPrecision' depends on axioms: [propext, Classical.choice, Quot.sound]
'Math115.LatticeScheduleProgram.proposalBits' depends on axioms: [propext]
'Math115.LatticeScheduleProgram.proposalBitsRealizer' depends on axioms: [propext, Classical.choice, Quot.sound]
'Math115.LatticeScheduleProgram.polynomial_proposalBits' depends on axioms: [propext, Classical.choice, Quot.sound]
'Math115.LatticeScheduleProgram.fineMarginMax' depends on axioms: [propext]
'Math115.LatticeScheduleProgram.fineMarginMaxRealizer' depends on axioms: [propext, Classical.choice, Quot.sound]
'Math115.LatticeScheduleProgram.polynomial_fineMarginMax' depends on axioms: [propext, Classical.choice, Quot.sound]
'Math115.LatticeScheduleProgram.fineBinaryBits' depends on axioms: [propext]
'Math115.LatticeScheduleProgram.fineBinaryBitsRealizer' depends on axioms: [propext, Classical.choice, Quot.sound]
'Math115.LatticeScheduleProgram.polynomial_fineBinaryBits' depends on axioms: [propext, Classical.choice, Quot.sound]
'Math115.LatticeScheduleProgram.finePrecisionGet' depends on axioms: [propext, Classical.choice, Quot.sound]
'Math115.LatticeScheduleProgram.polynomial_finePrecisionGet' depends on axioms: [propext, Classical.choice, Quot.sound]
'Math115.LatticeScheduleProgram.completionBitsFor' depends on axioms: [propext]
'Math115.LatticeScheduleProgram.completionBitsForRealizer' depends on axioms: [propext, Classical.choice, Quot.sound]
'Math115.LatticeScheduleProgram.polynomial_completionBitsFor' depends on axioms: [propext, Classical.choice, Quot.sound]
'Math115.LatticeScheduleProgram.stepCompletionBits' depends on axioms: [propext]
'Math115.LatticeScheduleProgram.stepCompletionBitsRealizer' depends on axioms: [propext, Classical.choice, Quot.sound]
'Math115.LatticeScheduleProgram.polynomial_stepCompletionBits' depends on axioms: [propext,
 Classical.choice,
 Quot.sound]
'Math115.LatticeScheduleProgram.terminalCompletionBits' depends on axioms: [propext]
'Math115.LatticeScheduleProgram.terminalCompletionBitsRealizer' depends on axioms: [propext,
 Classical.choice,
 Quot.sound]
'Math115.LatticeScheduleProgram.polynomial_terminalCompletionBits' depends on axioms: [propext,
 Classical.choice,
 Quot.sound]
'Math115.LatticeScheduleProgram.stepSchedule' depends on axioms: [propext]
'Math115.LatticeScheduleProgram.stepScheduleRealizer' depends on axioms: [propext, Classical.choice, Quot.sound]
'Math115.LatticeScheduleProgram.polynomial_stepSchedule' depends on axioms: [propext, Classical.choice, Quot.sound]
'Math115.LatticeScheduleProgram.terminalSchedule' depends on axioms: [propext]
'Math115.LatticeScheduleProgram.terminalScheduleRealizer' depends on axioms: [propext, Classical.choice, Quot.sound]
'Math115.LatticeScheduleProgram.polynomial_terminalSchedule' depends on axioms: [propext, Classical.choice, Quot.sound]
'Math115.LatticeScheduleProgram.schedule' depends on axioms: [propext]
'Math115.LatticeScheduleProgram.scheduleRealizer' depends on axioms: [propext, Classical.choice, Quot.sound]
'Math115.LatticeScheduleProgram.polynomial_schedule' depends on axioms: [propext, Classical.choice, Quot.sound]
'Math115.LatticeScheduleProgram.attemptBits' depends on axioms: [propext]
'Math115.LatticeScheduleProgram.attemptBitsRealizer' depends on axioms: [propext, Classical.choice, Quot.sound]
'Math115.LatticeScheduleProgram.polynomial_attemptBits' depends on axioms: [propext, Classical.choice, Quot.sound]
'Math115.LatticeScheduleProgram.totalBits' depends on axioms: [propext]
'Math115.LatticeScheduleProgram.totalBitsRealizer' depends on axioms: [propext, Classical.choice, Quot.sound]
'Math115.LatticeScheduleProgram.polynomial_totalBits' depends on axioms: [propext, Classical.choice, Quot.sound]
'Math115.LatticeScheduleProgram.totalBits_eq_totalReservedBits' depends on axioms: [propext]
'Math115.LatticeScheduleProgram.dimension_ofFn' depends on axioms: [propext, Classical.choice, Quot.sound]
'Math115.LatticeScheduleProgram.cutoff_ofFn' depends on axioms: [propext, Classical.choice, Quot.sound]
'Math115.LatticeScheduleProgram.padding_ofFn' depends on axioms: [propext, Classical.choice, Quot.sound]
'Math115.LatticeScheduleProgram.massTotal_ofFn' depends on axioms: [propext, Classical.choice, Quot.sound]
'Math115.LatticeScheduleProgram.smallCount_ofFn' depends on axioms: [propext, Classical.choice, Quot.sound]
'Math115.LatticeScheduleProgram.massBase_ofFn' depends on axioms: [propext, Classical.choice, Quot.sound]
'Math115.LatticeScheduleProgram.restarts_ofFn' depends on axioms: [propext, Classical.choice, Quot.sound]
'Math115.LatticeScheduleProgram.mixBudget_ofFn' depends on axioms: [propext, Classical.choice, Quot.sound]
'Math115.LatticeScheduleProgram.walkSteps_ofFn' depends on axioms: [propext, Classical.choice, Quot.sound]
'Math115.LatticeScheduleProgram.terminalPrecision_ofFn' depends on axioms: [propext, Classical.choice, Quot.sound]
'Math115.LatticeScheduleProgram.stepPrecision_ofFn' depends on axioms: [propext, Classical.choice, Quot.sound]
'Math115.LatticeScheduleProgram.proposalBits_ofFn' depends on axioms: [propext, Classical.choice, Quot.sound]
'Math115.LatticeScheduleProgram.stepCompletionBits_ofFn' depends on axioms: [propext, Classical.choice, Quot.sound]
'Math115.LatticeScheduleProgram.terminalCompletionBits_ofFn' depends on axioms: [propext, Classical.choice, Quot.sound]
'Math115.LatticeScheduleProgram.stepSchedule_ofFn' depends on axioms: [propext, Classical.choice, Quot.sound]
'Math115.LatticeScheduleProgram.terminalSchedule_ofFn' depends on axioms: [propext, Classical.choice, Quot.sound]
'Math115.LatticeScheduleProgram.schedule_ofFn' depends on axioms: [propext, Classical.choice, Quot.sound]
'Math115.LatticeScheduleProgram.attemptBits_ofFn' depends on axioms: [propext, Classical.choice, Quot.sound]
'Math115.LatticeScheduleProgram.totalBits_ofFn' depends on axioms: [propext, Classical.choice, Quot.sound]
'Math115.LatticeScheduleProgram.totalBits_ofFn_budget' depends on axioms: [propext, Classical.choice, Quot.sound]
