name	axioms
OAI.ContingencyTables.IntegerWeightedTransport.leafEnergySum_le_graphEnergy	propext,Classical.choice,Quot.sound
OAI.ContingencyTables.IntegerWeightedTransport.integer_root_graph_transport	propext,Classical.choice,Quot.sound
OAI.ContingencyTables.IntegerWeightedTransport.weightedFuture_upper_quadratic	propext,Classical.choice,Quot.sound
OAI.ContingencyTables.IntegerWeightedTransport.weightedFuture_upper_quarter	propext,Classical.choice,Quot.sound
OAI.ContingencyTables.IntegerWeightedTransport.correctionKernel_upper_quarter	propext,Classical.choice,Quot.sound
OAI.ContingencyTables.IntegerWeightedTransport.recursive_root_potential_quarter	propext,Classical.choice,Quot.sound
OAI.ContingencyTables.IntegerWeightedTransport.integer_root_leaf_transport_quarter	propext,Classical.choice,Quot.sound
OAI.ContingencyTables.IntegerWeightedTransport.integer_root_graph_transport_quarter	propext,Classical.choice,Quot.sound
OAI.ContingencyTables.IntegerWeightedTransport.recursive_root_potential_widths	propext,Classical.choice,Quot.sound
OAI.ContingencyTables.IntegerWeightedTransport.integer_root_leaf_transport_widths	propext,Classical.choice,Quot.sound
Math115.GlobalDisplayOwnership.edge_owner_unique_upstream	propext,Quot.sound
Math115.SmallEntrySwitching.all_donor_incidence_bound	propext,Classical.choice,Quot.sound
Math115.SmallEntrySwitching.donor_capacity_sum_lower	propext,Classical.choice,Quot.sound
Math115.SmallEntrySwitching.donor_capacity_sum_lower_of_margins	propext,Classical.choice,Quot.sound
Math115.SmallEntrySwitching.all_donor_small_entry_count_refined	propext,Classical.choice,Quot.sound
Math115.SmallEntrySwitching.all_donor_small_entry_count	propext,Classical.choice,Quot.sound
Math115.SmallEntrySwitching.all_donor_small_entry_probability_refined	propext,Classical.choice,Quot.sound
Math115.SmallEntrySwitching.all_donor_small_entry_probability	propext,Classical.choice,Quot.sound
Math115.SmallEntryTail.shiftEquiv	propext,Classical.choice,Quot.sound
Math115.SmallEntryTail.shiftPositiveEquiv	propext,Classical.choice,Quot.sound
Math115.SmallEntryTail.survival_step	propext,Classical.choice,Quot.sound
Math115.SmallEntryTail.survival_step_real	propext,Classical.choice,Quot.sound
Math115.SmallEntryTail.small_card_add_survival	propext,Classical.choice,Quot.sound
Math115.SmallEntryTail.all_donor_small_entry_count_strong	propext,Classical.choice,Quot.sound
Math115.SmallEntryTail.all_donor_small_entry_probability_strong	propext,Classical.choice,Quot.sound
Math115.SmallEntryTail.all_donor_survival_product_count	propext,Classical.choice,Quot.sound
Math115.SmallEntryTail.all_donor_small_entry_probability_product	propext,Classical.choice,Quot.sound
Math115.SmallEntryTail.survival_sum_le_entry_sum	propext,Classical.choice,Quot.sound
Math115.SmallEntryTail.all_donor_entry_sum_lower	propext,Classical.choice,Quot.sound
Math115.SmallEntryTail.all_donor_entry_mean_lower	propext,Classical.choice,Quot.sound
Math115.SurvivalAlgebra.nat_lower_tail_linear_bound	propext,Classical.choice,Quot.sound
Math115.SurvivalAlgebra.nat_survival_product_bound	propext,Classical.choice,Quot.sound
Math115.SurvivalAlgebra.nat_mean_tail_sum_bound	propext,Classical.choice,Quot.sound
Math115.DenseScaleConditions.width_bounds	propext,Classical.choice,Quot.sound
Math115.proposed_dense_scales	propext,Classical.choice,Quot.sound
Math115.proposed_padding_scales	propext,Classical.choice,Quot.sound
Math115.sharper_enlarged_margin_padding_scales	propext,Classical.choice,Quot.sound
Math115.shape_aware_linear_tail_budget	propext,Classical.choice,Quot.sound
Math115.shape_aware_linear_unpadding_error_le_half	propext,Classical.choice,Quot.sound
Math115.PaddedMarginBridge.marked_incident_margins	propext,Classical.choice,Quot.sound
Math115.PaddedMarginBridge.large_padding_good_card	propext,Classical.choice,Quot.sound
Math115.PaddedMarginBridge.enlarged_bad_count	propext,Classical.choice,Quot.sound
Math115.PaddedMarginBridge.sharper_padded_count_le_twice_original	propext,Classical.choice,Quot.sound
Math115.PaddedMarginBridge.enlarged_bad_count_strong	propext,Classical.choice,Quot.sound
Math115.PaddedMarginBridge.shape_aware_padded_count_le_twice_original	propext,Classical.choice,Quot.sound
Math115.PhysicalLeafEnergy.leafEnergySum_eq_physicalLeafEnergy	propext,Classical.choice,Quot.sound
Math115.PhysicalLeafEnergy.physicalLeafEnergy_tendsto	propext,Classical.choice,Quot.sound
Math115.PhysicalLeafEnergy.leafEnergySum_truncate_eq	propext,Classical.choice,Quot.sound
Math115.PhysicalLeafEnergy.physicalLeafEdges_subset	propext,Classical.choice,Quot.sound
Math115.PhysicalLeafEnergy.physicalLeafEdges_owner_unique	propext,Classical.choice,Quot.sound
Math115.PhysicalLeafEnergy.owner_unique	propext,Classical.choice,Quot.sound
Math115.PhysicalLeafEnergy.ownerEdges_pairwiseDisjoint	propext,Classical.choice,Quot.sound
Math115.PhysicalLeafEnergy.sum_ownerEnergy_le_physicalEnergy	propext,Classical.choice,Quot.sound
Math115.PhysicalLeafEnergy.sum_ownerEnergy_hardMarginal_le	propext,Classical.choice,Quot.sound
Math115.PhysicalLeafEnergy.leafEnergySum_tendsto	propext,Classical.choice,Quot.sound
Math115.PhysicalLeafEnergy.integer_root_leaf_transport_quarter_limit	propext,Classical.choice,Quot.sound
Math115.PhysicalLeafEnergy.integer_box_root_leaf_transport_quarter_limit	propext,Classical.choice,Quot.sound
Math115.PhysicalLeafEnergy.context_box_leaf_transport_quarter	propext,Classical.choice,Quot.sound
Math115.PhysicalLeafEnergy.repaired_root_transport_quarter	propext,Classical.choice,Quot.sound
Math115.PhysicalLeafEnergy.adjacent_physical_leaf_transport_quarter	propext,Classical.choice,Quot.sound
Math115.PhysicalLeafEnergy.ownerContrast_le_ownerEnergy	propext,Classical.choice,Quot.sound
Math115.PhysicalLeafEnergy.sum_ownerContrast_le_physicalEnergy	propext,Classical.choice,Quot.sound
Math115.PathDistanceSum.sum_values_eq_triangle	propext,Classical.choice,Quot.sound
Math115.PathDistanceSum.sum_dist_eq_two_triangles	propext,Classical.choice,Quot.sound
Math115.PathDistanceSum.sum_dist_eq_triangle_sub	propext,Classical.choice,Quot.sound
Math115.PathDistanceSum.sum_dist_le_triangle	propext,Classical.choice,Quot.sound
Math115.PathVariance.pathEnergy_nonneg	propext,Classical.choice,Quot.sound
Math115.PathVariance.weighted_pair_path_bound	propext,Classical.choice,Quot.sound
Math115.PathVariance.centered_at_mode_term	propext,Classical.choice,Quot.sound
Math115.PathVariance.weighted_path_variance_mode	propext,Classical.choice,Quot.sound
Math115.PathVariance.weighted_path_variance_mode_sharp	propext,Classical.choice,Quot.sound
Math115.PathVariance.weighted_path_variance_bound	propext,Classical.choice,Quot.sound
Math115.PathVariance.weighted_path_variance_of_adjacent	propext,Classical.choice,Quot.sound
Math115.PathVariance.child_variance_path_bound	propext,Classical.choice,Quot.sound
Math115.PathVariance.child_variance_limit_path_bound	propext,Classical.choice,Quot.sound
Math115.PhysicalExposureVariance.variance_eq_sum_prefixContribution	propext,Classical.choice,Quot.sound
Math115.PhysicalExposureVariance.canonical_context_variance_le_contrasts	propext,Classical.choice,Quot.sound
Math115.PhysicalExposureVariance.canonical_eliminate_eq_word_fibre	propext,Classical.choice,Quot.sound
Math115.PhysicalExposureVariance.word_context_variance_le_ownerContrasts	propext,Classical.choice,Quot.sound
Math115.PhysicalExposureVariance.prefixContribution_le_ownerContrasts	propext,Classical.choice,Quot.sound
Math115.PhysicalExposureVariance.variance_le_sum_ownerContrasts	propext,Classical.choice,Quot.sound
Math115.PhysicalExposureVariance.physical_transversal_variance_localized	propext,Classical.choice,Quot.sound
Math115.PhysicalFullVariance.physical_full_variance_localized	propext,Classical.choice,Quot.sound
Math115.PhysicalFullVariance.physical_variance_localized	propext,Classical.choice,Quot.sound
Math115.PaddingGrowthAlgebra.envelope_eq	propext,Classical.choice,Quot.sound
Math115.PaddingGrowthAlgebra.envelope_step	propext,Classical.choice,Quot.sound
Math115.PaddingGrowthAlgebra.one_add_pow_le_envelope	propext,Classical.choice,Quot.sound
Math115.PaddingGrowthAlgebra.envelope_32_div_47	propext,Classical.choice,Quot.sound
Math115.PaddingGrowthAlgebra.envelope_le_10147_div_5123	propext,Classical.choice,Quot.sound
Math115.PaddingGrowthAlgebra.one_add_pow_le_10147_div_5123	propext,Classical.choice,Quot.sound
Math115.PaddingGrowthAlgebra.one_add_pow_lt_two	propext,Classical.choice,Quot.sound
Math115.PaddingGrowthAlgebra.count_le_twice_of_growth	propext,Classical.choice,Quot.sound
Math115.PaddingGrowth.one_unit_count_growth	propext,Classical.choice,Quot.sound
Math115.PaddingGrowth.one_cell_count_growth	propext,Classical.choice,Quot.sound
Math115.PaddingGrowth.largePadding_insert	propext,Classical.choice,Quot.sound
Math115.PaddingGrowth.paddedRows_insert	propext,Classical.choice,Quot.sound
Math115.PaddingGrowth.paddedColumns_insert	propext,Classical.choice,Quot.sound
Math115.PaddingGrowth.large_padding_count_growth	propext,Classical.choice,Quot.sound
Math115.PaddingGrowth.large_padding_count_eq_of_zero_donors	propext,Classical.choice,Quot.sound
Math115.PaddingGrowth.sequential_scale_budget	propext
Math115.PaddingGrowth.sequential_padded_count_le_twice_original	propext,Classical.choice,Quot.sound
Math115.PaddingGrowth.sequential_shape_scale_budget	propext,Quot.sound
Math115.PaddingGrowth.sequential_shape_padded_count_le_twice_original	propext,Classical.choice,Quot.sound
Math115.CompletionAdjustment.elementary_star_bounds	propext,Classical.choice,Quot.sound
Math115.CompletionAdjustment.elementary_star_reverse_bounds	propext,Classical.choice,Quot.sound
Math115.CompletionAdjustment.exchange_selected_sum_abs_le_one	propext,Classical.choice,Quot.sound
Math115.CompletionAdjustment.exchange_residual_margins_one	propext,Classical.choice,Quot.sound
Math115.CompletionAdjustment.exchange_reference_adjustment_bounds	propext,Classical.choice,Quot.sound
Math115.CompletionAdjustment.repair_residual_formula	propext,Classical.choice,Quot.sound
Math115.CompletionAdjustment.repair_reference_adjustment_bounds	propext,Classical.choice,Quot.sound
Math115.CompletionAdjustment.row_major_repair_conditional	propext,Quot.sound
Math115.CompletionAdjustment.repaired_profile_prefix	propext,Classical.choice,Quot.sound
Math115.CompletionAdjustment.translation_rejection_iff	propext,Classical.choice,Quot.sound
Math115.CompletionAdjustment.singleton_translation_nonnegative	propext,Classical.choice,Quot.sound
Math115.CompletionAdjustment.empty_rectangle_card_one	propext,Classical.choice,Quot.sound
Math115.CompletionAdjustment.physical_empty_completion_weight	propext,Classical.choice,Quot.sound
Math115.CompletionAdjustment.repair_reference_elementary	propext,Classical.choice,Quot.sound
Math115.CompletionAdjustment.repair_reverse_reference_adjustment_bounds	propext,Classical.choice,Quot.sound
Math115.ReferenceEdgeAcceptance.zero_entry_count	propext,Classical.choice,Quot.sound
Math115.ReferenceEdgeAcceptance.rejected_card_eq_zero_union	propext,Classical.choice,Quot.sound
Math115.ReferenceEdgeAcceptance.rejected_count	propext,Classical.choice,Quot.sound
Math115.ReferenceEdgeAcceptance.rejected_count_le_two	propext,Classical.choice,Quot.sound
Math115.ReferenceEdgeAcceptance.rejected_add_accepted	propext,Classical.choice,Quot.sound
Math115.ReferenceEdgeAcceptance.rejection_probability_le	propext,Classical.choice,Quot.sound
Math115.ReferenceEdgeAcceptance.accepted_half_count	propext,Classical.choice,Quot.sound
Math115.ReferenceEdgeAcceptance.betweenAcceptedEquiv	propext,Classical.choice,Quot.sound
Math115.ReferenceEdgeAcceptance.singleton_between_accepted_card	propext,Classical.choice,Quot.sound
Math115.ReferenceEdgeAcceptance.between_accepted_half_count	propext,Classical.choice,Quot.sound
Math115.ReferenceEdgeAcceptance.designated_repair_adjustment_bounds	propext,Classical.choice,Quot.sound
Math115.ReferenceEdgeAcceptance.physical_reference_adjustment_bounds	propext,Classical.choice,Quot.sound
Math115.ReferenceEdgeAcceptance.reference_edge_acceptance_reduced	propext,Classical.choice,Quot.sound
Math115.SmallChainGap.fullConstant_le_polynomial	propext,Classical.choice,Quot.sound
Math115.SmallChainGap.smallProposal_localized_budget	propext,Classical.choice,Quot.sound
Math115.SmallChainGap.chain_poincare_localized	propext,Classical.choice,Quot.sound
Math115.SmallChainGap.paper_state_variance_localized	propext,Classical.choice,Quot.sound
Math115.SmallChainGap.paperSmallChain_poincare_exact	propext,Classical.choice,Quot.sound
Math115.SmallChainGap.paperSmallChain_poincare_d85	propext,Classical.choice,Quot.sound
Math115.SmallChainGap.unitSmallChain_poincare_exact	propext,Classical.choice,Quot.sound
Math115.SmallChainGap.unitSmallChain_poincare_d85	propext,Classical.choice,Quot.sound
Math115.ReducedSmallChain.chain	propext,Classical.choice,Quot.sound
Math115.ReducedSmallChain.chain_pi	propext,Classical.choice,Quot.sound
Math115.ReducedSmallChain.state_variance_localized	propext,Classical.choice,Quot.sound
Math115.ReducedSmallChain.nonreference_product_le_allowance	propext,Classical.choice,Quot.sound
Math115.ReducedSmallChain.chain_energy_lower	propext,Classical.choice,Quot.sound
Math115.ReducedSmallChain.chain_poincare_exact	propext,Classical.choice,Quot.sound
Math115.ReducedSmallChain.chain_poincare_polynomial	propext,Classical.choice,Quot.sound
Math115.ReducedSmallChain.reducedChain	propext,Classical.choice,Quot.sound
Math115.ReducedSmallChain.reducedChain_poincare_d25	propext,Classical.choice,Quot.sound
Math115.ReducedAllSmallChain.unitChain	propext,Classical.choice,Quot.sound
Math115.ReducedAllSmallChain.weight_eq_one	propext,Classical.choice,Quot.sound
Math115.ReducedAllSmallChain.unitChain_pi	propext,Classical.choice,Quot.sound
Math115.ReducedAllSmallChain.unitChain_pi_weight	propext,Classical.choice,Quot.sound
Math115.ReducedAllSmallChain.graphEnergy_empty	propext,Classical.choice,Quot.sound
Math115.ReducedAllSmallChain.unitChain_energy	propext,Classical.choice,Quot.sound
Math115.ReducedAllSmallChain.unitChain_poincare_exact	propext,Classical.choice,Quot.sound
Math115.ReducedAllSmallChain.unitChain_poincare_polynomial	propext,Classical.choice,Quot.sound
Math115.ReducedAllSmallChain.missing_reference_empty	propext,Classical.choice,Quot.sound
Math115.ReducedAllSmallChain.selectedChain	propext,Classical.choice,Quot.sound
Math115.ReducedAllSmallChain.selectedChain_pi	propext,Classical.choice,Quot.sound
Math115.ReducedAllSmallChain.selectedChain_poincare_exact	propext,Classical.choice,Quot.sound
Math115.ReducedAllSmallChain.selectedChain_poincare_polynomial	propext,Classical.choice,Quot.sound
Math115.ReducedAllSmallChain.reducedUnitChain	propext,Classical.choice,Quot.sound
Math115.ReducedAllSmallChain.reducedUnitChain_poincare_d25	propext,Classical.choice,Quot.sound
Math115.ReducedAllSmallChain.reducedSelectedChain	propext,Classical.choice,Quot.sound
Math115.ReducedAllSmallChain.reducedSelectedChain_poincare_d25	propext,Classical.choice,Quot.sound
Math115.RepairVarianceRefinement.square_repair_young	propext,Classical.choice,Quot.sound
Math115.RepairVarianceRefinement.repair_sqrt_coefficient_nonnegative	propext,Classical.choice,Quot.sound
Math115.RepairVarianceRefinement.repair_sqrt_coefficient_le_source	propext,Classical.choice,Quot.sound
Math115.RepairVarianceRefinement.repair_sqrt_coefficient_le_triangle	propext,Classical.choice,Quot.sound
Math115.RepairVarianceRefinement.variance_sum_repair_young	propext,Classical.choice,Quot.sound
Math115.RepairVarianceRefinement.variance_sum_repair_sqrt	propext,Classical.choice,Quot.sound
Math115.RepairVarianceRefinement.variance_repaired_energy_sqrt	propext,Classical.choice,Quot.sound
Math115.PhysicalStateNonempty.paddedTable	propext,Classical.choice,Quot.sound
Math115.PhysicalStateNonempty.small_entry_le	propext,Classical.choice,Quot.sound
Math115.PhysicalStateNonempty.states_nonempty_of_table	propext,Classical.choice,Quot.sound
Math115.PhysicalStateNonempty.states_nonempty	propext,Classical.choice,Quot.sound
Math115.PhysicalStateNonempty.feasibleReducedChain	propext,Classical.choice,Quot.sound
Math115.PhysicalStateNonempty.feasibleReducedChain_pi	propext,Classical.choice,Quot.sound
Math115.PhysicalStateNonempty.feasibleReducedChain_poincare_d25	propext,Classical.choice,Quot.sound
Math115.IdealOracleScales.idealL	
Math115.IdealOracleScales.idealU	propext
Math115.IdealOracleScales.threshold_at_least_two	propext,Quot.sound
Math115.IdealOracleScales.padding_at_least_three_dimension	
Math115.IdealOracleScales.threshold_at_least_twice_padding	propext,Classical.choice,Quot.sound
Math115.IdealOracleScales.sequential_scale_budget	propext,Quot.sound
Math115.IdealOracleScales.padded_count_le_twice_original	propext,Classical.choice,Quot.sound
Math115.IdealOracleScales.padded_count_le_twice_successful	propext,Classical.choice,Quot.sound
Math115.IdealOracleScales.dense_padding_lower_bound	propext
Math115.IdealOracleScales.incompatible_dense_scales	propext,Quot.sound
Math115.IdealOracleScales.dimension_at_least_eleven	propext,Classical.choice,Quot.sound
Math115.IdealOracleScales.cutoff	propext,Classical.choice,Quot.sound
Math115.IdealOracleScales.padding	propext,Classical.choice,Quot.sound
Math115.IdealOracleScales.IdealStates	propext,Classical.choice,Quot.sound
Math115.IdealOracleScales.idealLarge	propext,Classical.choice,Quot.sound
Math115.IdealOracleScales.ideal_large_padded_count_le_twice_original	propext,Classical.choice,Quot.sound
Math115.IdealOracleScales.referenceChain	propext,Classical.choice,Quot.sound
Math115.IdealOracleScales.referenceChain_poincare_d17	propext,Classical.choice,Quot.sound
Math115.IdealOracleScales.selectedChain	propext,Classical.choice,Quot.sound
Math115.IdealOracleScales.selectedChain_poincare_d17	propext,Classical.choice,Quot.sound
Math115.IdealOracleScales.feasibleChain	propext,Classical.choice,Quot.sound
Math115.IdealOracleScales.feasibleChain_poincare_d17	propext,Classical.choice,Quot.sound
Math115.PhysicalRepairRefinement.refinedConstant	propext,Classical.choice,Quot.sound
Math115.PhysicalRepairRefinement.refinedConstant_nonnegative	propext,Classical.choice,Quot.sound
Math115.PhysicalRepairRefinement.refinedConstant_le_fullConstant	propext,Classical.choice,Quot.sound
Math115.PhysicalRepairRefinement.sqrt_coefficient_le_young	propext,Classical.choice,Quot.sound
Math115.PhysicalRepairRefinement.refinedConstant_le_polynomial	propext,Classical.choice,Quot.sound
Math115.PhysicalRepairRefinement.refinedProposal_budget	propext,Classical.choice,Quot.sound
Math115.PhysicalRepairRefinement.refinedReferenceProposal_budget	propext,Classical.choice,Quot.sound
Math115.PhysicalRepairRefinement.physical_full_variance_refined	propext,Classical.choice,Quot.sound
Math115.PhysicalRepairRefinement.physical_variance_refined	propext,Classical.choice,Quot.sound
Math115.PhysicalRepairRefinement.state_variance_refined	propext,Classical.choice,Quot.sound
Math115.PhysicalRepairRefinement.chain_poincare_exact_refined	propext,Classical.choice,Quot.sound
Math115.PhysicalRepairRefinement.unitChain_poincare_exact_refined	propext,Classical.choice,Quot.sound
Math115.PhysicalRepairRefinement.selectedChain_poincare_exact_refined	propext,Classical.choice,Quot.sound
Math115.PhysicalRepairRefinement.dimension_at_least_eleven	propext,Classical.choice,Quot.sound
Math115.PhysicalRepairRefinement.chain_poincare_polynomial_refined	propext,Classical.choice,Quot.sound
Math115.PhysicalRepairRefinement.unitChain_poincare_polynomial_refined	propext,Classical.choice,Quot.sound
Math115.PhysicalRepairRefinement.selectedChain_poincare_polynomial_refined	propext,Classical.choice,Quot.sound
Math115.IdealRepairRefinement.referenceChain_poincare_d17_refined	propext,Classical.choice,Quot.sound
Math115.IdealRepairRefinement.selectedChain_poincare_d17_refined	propext,Classical.choice,Quot.sound
Math115.IdealRepairRefinement.feasibleChain_poincare_d17_refined	propext,Classical.choice,Quot.sound
Math115.IdealRepairRefinement.unitChain_poincare_d17_refined	propext,Classical.choice,Quot.sound
Math115.ReducedRepairRefinement.reducedChain_poincare_d25_refined	propext,Classical.choice,Quot.sound
Math115.ReducedRepairRefinement.reducedUnitChain_poincare_d25_refined	propext,Classical.choice,Quot.sound
Math115.ReducedRepairRefinement.reducedSelectedChain_poincare_d25_refined	propext,Classical.choice,Quot.sound
Math115.ReducedRepairRefinement.feasibleReducedChain_poincare_d25_refined	propext,Classical.choice,Quot.sound
Math115.PhysicalStationaryMass.physical_mass_eq_profiles	propext,Classical.choice,Quot.sound
Math115.PhysicalStationaryMass.physical_mass_eq_words_defects	propext,Classical.choice,Quot.sound
Math115.PhysicalStationaryMass.defect_mass_le_words	propext,Classical.choice,Quot.sound
Math115.PhysicalStationaryMass.normalizer	propext,Classical.choice,Quot.sound
Math115.PhysicalStationaryMass.normalizer_le_padded_count	propext,Classical.choice,Quot.sound
Math115.PhysicalStationaryMass.normalizer_le_original_count	propext,Classical.choice,Quot.sound
Math115.PhysicalStationaryMass.normalizer_positive	propext,Classical.choice,Quot.sound
Math115.PhysicalStationaryMass.success_ratio_lower	propext,Classical.choice,Quot.sound
Math115.PhysicalStationarySuccess.paddedTable_small_rows	propext,Classical.choice,Quot.sound
Math115.PhysicalStationarySuccess.paddedTable_small_columns	propext,Classical.choice,Quot.sound
Math115.PhysicalStationarySuccess.originalJoint	propext,Classical.choice,Quot.sound
Math115.PhysicalStationarySuccess.originalJoint_projection	propext,Classical.choice,Quot.sound
Math115.PhysicalStationarySuccess.large_padding_rows	propext,Classical.choice,Quot.sound
Math115.PhysicalStationarySuccess.large_padding_columns	propext,Classical.choice,Quot.sound
Math115.PhysicalStationarySuccess.large	propext,Classical.choice,Quot.sound
Math115.PhysicalStationarySuccess.jointTable	propext,Classical.choice,Quot.sound
Math115.PhysicalStationarySuccess.originalSuccessfulJoint	propext,Classical.choice,Quot.sound
Math115.PhysicalStationarySuccess.unpadSuccessfulJoint	propext,Classical.choice,Quot.sound
Math115.PhysicalStationarySuccess.unpadSuccessfulJoint_val	propext,Classical.choice,Quot.sound
Math115.PhysicalStationarySuccess.successfulJointEquiv	propext,Classical.choice,Quot.sound
Math115.PhysicalStationarySuccess.stateJointProjection	propext,Classical.choice,Quot.sound
Math115.PhysicalStationarySuccess.stateJointProjection_injective	propext,Classical.choice,Quot.sound
Math115.PhysicalStationarySuccess.jointState	propext,Classical.choice,Quot.sound
Math115.PhysicalStationarySuccess.jointEmbedding	propext,Classical.choice,Quot.sound
Math115.PhysicalStationarySuccess.jointEmbedding_injective	propext,Classical.choice,Quot.sound
Math115.PhysicalStationarySuccess.jointEmbedding_balanced	propext,Classical.choice,Quot.sound
Math115.PhysicalStationarySuccess.balancedJointFromState	propext,Classical.choice,Quot.sound
Math115.PhysicalStationarySuccess.balancedJointFromState_projection	propext,Classical.choice,Quot.sound
Math115.PhysicalStationarySuccess.embedding_fromState	propext,Classical.choice,Quot.sound
Math115.PhysicalStationarySuccess.fromState_embedding	propext,Classical.choice,Quot.sound
Math115.PhysicalStationarySuccess.StateJointSuccess	propext,Classical.choice,Quot.sound
Math115.PhysicalStationarySuccess.successStateEquiv	propext,Classical.choice,Quot.sound
Math115.PhysicalStationarySuccess.originalStateSuccessEquiv	propext,Classical.choice,Quot.sound
Math115.PhysicalStationaryLaw.fibre_card_weight	propext,Classical.choice,Quot.sound
Math115.PhysicalStationaryLaw.fibreNonempty	propext,Classical.choice,Quot.sound
Math115.PhysicalStationaryLaw.stateJoint_card	propext,Classical.choice,Quot.sound
Math115.PhysicalStationaryLaw.stationaryRat	propext,Classical.choice,Quot.sound
Math115.PhysicalStationaryLaw.stationaryRat_cast	propext,Classical.choice,Quot.sound
Math115.PhysicalStationaryLaw.stationaryLaw	propext,Classical.choice,Quot.sound
Math115.PhysicalStationaryLaw.jointLaw	propext,Classical.choice,Quot.sound
Math115.PhysicalStationaryLaw.jointLaw_uniform	propext,Classical.choice,Quot.sound
Math115.PhysicalStationaryLaw.stationary_trial_mass	propext,Classical.choice,Quot.sound
Math115.PhysicalStationaryLaw.stationary_trial_mass_real	propext,Classical.choice,Quot.sound
Math115.PhysicalStationaryLaw.stationary_failure_mass	propext,Classical.choice,Quot.sound
Math115.PhysicalStationaryLaw.stationary_success_probability	propext,Classical.choice,Quot.sound
Math115.PhysicalStationaryLaw.stationary_success_lower	propext,Classical.choice,Quot.sound
Math115.PhysicalStationaryLaw.stationary_success_probability_lower	propext,Classical.choice,Quot.sound
Math115.PhysicalStationaryLaw.stationary_retry_mass	propext,Classical.choice,Quot.sound
Math115.PhysicalStationaryLaw.stationary_retry_variation	propext,Classical.choice,Quot.sound
Math115.PhysicalStationaryLaw.ideal_padded_count	propext,Classical.choice,Quot.sound
Math115.PhysicalStationaryLaw.ideal_stationary_success_lower	propext,Classical.choice,Quot.sound
Math115.PhysicalStationaryLaw.ideal_stationary_success_probability_lower	propext,Classical.choice,Quot.sound
Math115.PhysicalStationaryLaw.ideal_stationary_retry_variation	propext,Classical.choice,Quot.sound
Math115.PhysicalRationalKernel.proposalRat	propext,Classical.choice,Quot.sound
Math115.PhysicalRationalKernel.proposalRat_cast	propext,Classical.choice,Quot.sound
Math115.PhysicalRationalKernel.lawOfCast	propext,Classical.choice,Quot.sound
Math115.PhysicalRationalKernel.referenceMoveRat	propext,Classical.choice,Quot.sound
Math115.PhysicalRationalKernel.referenceTransitionRat	propext,Classical.choice,Quot.sound
Math115.PhysicalRationalKernel.referenceMoveRat_cast	propext,Classical.choice,Quot.sound
Math115.PhysicalRationalKernel.referenceTransitionRat_cast	propext,Classical.choice,Quot.sound
Math115.PhysicalRationalKernel.referenceTransitionLaw	propext,Classical.choice,Quot.sound
Math115.PhysicalRationalKernel.unitMoveRat	propext,Classical.choice,Quot.sound
Math115.PhysicalRationalKernel.unitTransitionRat	propext,Classical.choice,Quot.sound
Math115.PhysicalRationalKernel.unitMoveRat_cast	propext,Classical.choice,Quot.sound
Math115.PhysicalRationalKernel.unitTransitionRat_cast	propext,Classical.choice,Quot.sound
Math115.PhysicalRationalKernel.unitTransitionLaw	propext,Classical.choice,Quot.sound
Math115.PhysicalRationalKernel.selectedTransitionLaw	propext,Classical.choice,Quot.sound
Math115.PhysicalRationalKernel.selectedTransitionLaw_cast	propext,Classical.choice,Quot.sound
Math115.PhysicalRationalKernel.selectedWalkLaw	propext,Classical.choice,Quot.sound
Math115.PhysicalRationalKernel.selectedWalkLaw_cast	propext,Classical.choice,Quot.sound
Math115.PhysicalFiniteWalk.capacityBound	propext,Classical.choice,Quot.sound
Math115.PhysicalFiniteWalk.massAllowance	propext,Classical.choice,Quot.sound
Math115.PhysicalFiniteWalk.massAllowance_positive	propext,Classical.choice,Quot.sound
Math115.PhysicalFiniteWalk.capacity_le_bound	propext,Classical.choice,Quot.sound
Math115.PhysicalFiniteWalk.weight_at_least_one	propext,Classical.choice,Quot.sound
Math115.PhysicalFiniteWalk.total_mass_le	propext,Classical.choice,Quot.sound
Math115.PhysicalFiniteWalk.selectedChain_pi_lower	propext,Classical.choice,Quot.sound
Math115.PhysicalFiniteWalk.selectedWalkLaw_variation	propext,Classical.choice,Quot.sound
Math115.PhysicalFiniteWalk.walkJointLaw	propext,Classical.choice,Quot.sound
Math115.PhysicalFiniteWalk.walkJointLaw_variation_le	propext,Classical.choice,Quot.sound
Math115.PhysicalFiniteWalk.walkJointLaw_variation	propext,Classical.choice,Quot.sound
Math115.PhysicalFiniteWalk.outerLaw	propext,Classical.choice,Quot.sound
Math115.PhysicalFiniteWalk.outerLaw_variation	propext,Classical.choice,Quot.sound
Math115.PhysicalFiniteWalk.initialState	propext,Classical.choice,Quot.sound
Math115.PhysicalFiniteWalk.idealGapAllowance	propext,Classical.choice,Quot.sound
Math115.PhysicalFiniteWalk.idealGapAllowance_at_least_one	propext,Classical.choice,Quot.sound
Math115.PhysicalFiniteWalk.successAllowance	propext,Classical.choice,Quot.sound
Math115.PhysicalFiniteWalk.successAllowance_positive	propext,Classical.choice,Quot.sound
Math115.PhysicalFiniteWalk.idealOuterLaw	propext,Classical.choice,Quot.sound
Math115.PhysicalFiniteWalk.idealOuterLaw_variation	propext,Classical.choice,Quot.sound
Math115.PhysicalFiniteWalk.exp_neg_steps_le_inverse	propext,Classical.choice,Quot.sound
Math115.PhysicalFiniteWalk.idealOuterLaw_variation_of_log_schedule	propext,Classical.choice,Quot.sound
Math115.PhysicalCompletionOracle.mapLaw_constant	propext,Classical.choice,Quot.sound
Math115.PhysicalCompletionOracle.completionStep_variation_thinned	propext,Classical.choice,Quot.sound
Math115.PhysicalCompletionOracle.equivLaw_uniform	propext,Classical.choice,Quot.sound
Math115.PhysicalCompletionOracle.proposalRat_nonnegative	propext,Classical.choice,Quot.sound
Math115.PhysicalCompletionOracle.proposalAllowance	propext,Classical.choice,Quot.sound
Math115.PhysicalCompletionOracle.proposalAllowance_nonnegative	propext,Classical.choice,Quot.sound
Math115.PhysicalCompletionOracle.proposalAllowance_le_half	propext,Classical.choice,Quot.sound
Math115.PhysicalCompletionOracle.degree	propext,Classical.choice,Quot.sound
Math115.PhysicalCompletionOracle.degree_le	propext,Classical.choice,Quot.sound
Math115.PhysicalCompletionOracle.proposalWeight_nonnegative	propext,Classical.choice,Quot.sound
Math115.PhysicalCompletionOracle.proposalWeight_total	propext,Classical.choice,Quot.sound
Math115.PhysicalCompletionOracle.proposalWeight_total_le_allowance	propext,Classical.choice,Quot.sound
Math115.PhysicalCompletionOracle.proposalWeight_total_le_one	propext,Classical.choice,Quot.sound
Math115.PhysicalCompletionOracle.physicalProposalLaw	propext,Classical.choice,Quot.sound
Math115.PhysicalCompletionOracle.ReferenceTable	propext,Classical.choice,Quot.sound
Math115.PhysicalCompletionOracle.referenceTableNonempty	propext,Classical.choice,Quot.sound
Math115.PhysicalCompletionOracle.referenceStepLaw	propext,Classical.choice,Quot.sound
Math115.PhysicalCompletionOracle.referenceExactStep_eq	propext,Classical.choice,Quot.sound
Math115.PhysicalCompletionOracle.referenceStep_variation_local	propext,Classical.choice,Quot.sound
Math115.PhysicalCompletionOracle.referenceStep_variation_uniform	propext,Classical.choice,Quot.sound
Math115.PhysicalCompletionOracle.referenceFibreMap	propext,Classical.choice,Quot.sound
Math115.PhysicalCompletionOracle.referenceCompletionLaw	propext,Classical.choice,Quot.sound
Math115.PhysicalCompletionOracle.referenceCompletionLaw_variation	propext,Classical.choice,Quot.sound
Math115.PhysicalCompletionOracle.OracleFamily	propext,Classical.choice,Quot.sound
Math115.PhysicalCompletionOracle.selectedStepLaw	propext,Classical.choice,Quot.sound
Math115.PhysicalCompletionOracle.selectedCompletionLaw	propext,Classical.choice,Quot.sound
Math115.PhysicalCompletionOracle.selectedStepLaw_variation	propext,Classical.choice,Quot.sound
Math115.PhysicalCompletionOracle.selectedCompletionLaw_variation	propext,Classical.choice,Quot.sound
Math115.PhysicalCompletionOracle.empty_fibre_card_one	propext,Classical.choice,Quot.sound
Math115.PhysicalApproximateOracle.approximateJointLaw	propext,Classical.choice,Quot.sound
Math115.PhysicalApproximateOracle.approximateJointLaw_variation	propext,Classical.choice,Quot.sound
Math115.PhysicalApproximateOracle.approximateOuterLaw	propext,Classical.choice,Quot.sound
Math115.PhysicalApproximateOracle.approximateOuterLaw_variation_le	propext,Classical.choice,Quot.sound
Math115.PhysicalApproximateOracle.approximateOuterLaw_variation	propext,Classical.choice,Quot.sound
Math115.PhysicalApproximateOracle.idealOracleOuterLaw	propext,Classical.choice,Quot.sound
Math115.PhysicalApproximateOracle.idealOracleOuterLaw_variation	propext,Classical.choice,Quot.sound
Math115.PhysicalApproximateOracle.approximateOuterLaw_variation_of_budget	propext,Classical.choice,Quot.sound
Math115.LatticeCompletion.Array	
Math115.LatticeCompletion.difference	
Math115.LatticeCompletion.prefixSum	propext,Classical.choice,Quot.sound
Math115.LatticeCompletion.ZeroAxes	
Math115.LatticeCompletion.ZeroBoundary	
Math115.LatticeCompletion.BoundedDigits	
Math115.LatticeCompletion.difference_row_sum	propext,Classical.choice,Quot.sound
Math115.LatticeCompletion.difference_column_sum	propext,Classical.choice,Quot.sound
Math115.LatticeCompletion.difference_row_sum_zero	propext,Classical.choice,Quot.sound
Math115.LatticeCompletion.difference_column_sum_zero	propext,Classical.choice,Quot.sound
Math115.LatticeCompletion.prefix_zero_axes	propext,Classical.choice,Quot.sound
Math115.LatticeCompletion.prefix_difference	propext,Classical.choice,Quot.sound
Math115.LatticeCompletion.difference_prefix	propext,Classical.choice,Quot.sound
Math115.LatticeCompletion.difference_bounds	propext,Quot.sound
Math115.LatticeCompletion.encode	
Math115.LatticeCompletion.decode	propext,Classical.choice,Quot.sound
Math115.LatticeCompletion.residue	propext,Classical.choice,Quot.sound
Math115.LatticeCompletion.prefix_encode	propext,Classical.choice,Quot.sound
Math115.LatticeCompletion.scaled_digit_ediv	propext
Math115.LatticeCompletion.scaled_digit_emod	propext
Math115.LatticeCompletion.decode_encode	propext,Classical.choice,Quot.sound
Math115.LatticeCompletion.residue_encode	propext,Classical.choice,Quot.sound
Math115.LatticeCompletion.residue_zero_axes	propext,Classical.choice,Quot.sound
Math115.LatticeCompletion.residue_bounded	propext,Classical.choice,Quot.sound
Math115.LatticeCompletion.encode_decode	propext,Classical.choice,Quot.sound
Math115.LatticeCompletion.encode_entry_at_least_two	propext,Classical.choice,Quot.sound
Math115.LatticeCompletion.encode_row_margin	propext,Classical.choice,Quot.sound
Math115.LatticeCompletion.encode_column_margin	propext,Classical.choice,Quot.sound
Math115.LatticeCompletion.residue_zero_boundary_of_divisible_margins	propext,Classical.choice,Quot.sound
Math115.LatticeCompletion.decode_row_margin	propext,Classical.choice,Quot.sound
Math115.LatticeCompletion.decode_column_margin	propext,Classical.choice,Quot.sound
Math115.LatticeCompletion.accepted_fine_entry_at_least_two	propext,Classical.choice,Quot.sound
Math115.LatticeCompletion.OffsetDigits	
Math115.LatticeCompletion.codecEquiv	propext,Classical.choice,Quot.sound
Math115.LatticeCompletion.FiniteDigits	
Math115.LatticeCompletion.finiteOffsets	propext,Quot.sound
Math115.LatticeCompletion.finiteOffsets_zero_boundary	propext,Quot.sound
Math115.LatticeCompletion.finiteOffsets_bounded	propext,Classical.choice,Quot.sound
Math115.LatticeCompletion.finite_encode_decode	propext,Classical.choice,Quot.sound
Math115.LatticeCompletion.finiteOffsets_apply	propext,Classical.choice,Quot.sound
Math115.LatticeCompletion.finiteOffsets_injective	propext,Classical.choice,Quot.sound
Math115.LatticeCompletion.finiteEncode_injective	propext,Classical.choice,Quot.sound
Math115.LatticeCompletion.finiteDigits_card	propext,Classical.choice,Quot.sound
Math115.LatticeCompletion.encodedFamily_card	propext,Classical.choice,Quot.sound
Math115.DilatedCompletionMargins.rowLargeCount_rectangle	propext,Classical.choice,Quot.sound
Math115.DilatedCompletionMargins.columnLargeCount_rectangle	propext,Classical.choice,Quot.sound
Math115.DilatedCompletionMargins.total_large_cell_count	propext,Classical.choice,Quot.sound
Math115.DilatedCompletionMargins.physical_residual_row_lower	propext,Classical.choice,Quot.sound
Math115.DilatedCompletionMargins.physical_residual_column_lower	propext,Classical.choice,Quot.sound
Math115.DilatedCompletionMargins.reference_row_lower	propext,Classical.choice,Quot.sound
Math115.DilatedCompletionMargins.reference_column_lower	propext,Classical.choice,Quot.sound
Math115.DilatedCompletionMargins.reference_row_total_eq_residual	propext,Classical.choice,Quot.sound
Math115.DilatedCompletionMargins.reference_total_upper	propext,Classical.choice,Quot.sound
Math115.DilatedCompletionMargins.fineRows	propext,Classical.choice,Quot.sound
Math115.DilatedCompletionMargins.fineColumns	propext,Classical.choice,Quot.sound
Math115.DilatedCompletionMargins.FineReferenceTable	propext,Classical.choice,Quot.sound
Math115.DilatedCompletionMargins.fine_row_total	propext,Classical.choice,Quot.sound
Math115.DilatedCompletionMargins.fine_column_total	propext,Classical.choice,Quot.sound
Math115.DilatedCompletionMargins.fine_totals	propext,Classical.choice,Quot.sound
Math115.DilatedCompletionMargins.fineReferenceTableNonempty	propext,Classical.choice,Quot.sound
Math115.DilatedCompletionMargins.fine_total_upper	propext,Classical.choice,Quot.sound
Math115.DilatedCompletionMargins.fine_row_dense_minimum	propext,Classical.choice,Quot.sound
Math115.DilatedCompletionMargins.fine_column_dense_minimum	propext,Classical.choice,Quot.sound
Math115.DilatedCompletionMargins.ideal_reference_row_geometric_minimum	propext,Classical.choice,Quot.sound
Math115.DilatedCompletionMargins.ideal_reference_column_geometric_minimum	propext,Classical.choice,Quot.sound
Math115.LatticeCompletionFinite.Grid	
Math115.LatticeCompletionFinite.extend	
Math115.LatticeCompletionFinite.restrict	
Math115.LatticeCompletionFinite.extend_inside	propext
Math115.LatticeCompletionFinite.extend_outside	propext,Quot.sound
Math115.LatticeCompletionFinite.extend_injective	propext,Quot.sound
Math115.LatticeCompletionFinite.range_sum_extend_row	propext,Classical.choice,Quot.sound
Math115.LatticeCompletionFinite.range_sum_extend_column	propext,Classical.choice,Quot.sound
Math115.LatticeCompletionFinite.offsets_difference_outside	propext,Classical.choice,Quot.sound
Math115.LatticeCompletionFinite.encodeGrid	propext,Quot.sound
Math115.LatticeCompletionFinite.decodeGrid	propext,Classical.choice,Quot.sound
Math115.LatticeCompletionFinite.extend_encodeGrid	propext,Classical.choice,Quot.sound
Math115.LatticeCompletionFinite.fine_row_divisible	propext,Classical.choice,Quot.sound
Math115.LatticeCompletionFinite.fine_column_divisible	propext,Classical.choice,Quot.sound
Math115.LatticeCompletionFinite.fine_residue_zero_strips	propext,Classical.choice,Quot.sound
Math115.LatticeCompletionFinite.recoveredDigits	propext,Classical.choice,Quot.sound
Math115.LatticeCompletionFinite.recoveredDigits_val	propext,Classical.choice,Quot.sound
Math115.LatticeCompletionFinite.residue_eq_finiteOffsets	propext,Classical.choice,Quot.sound
Math115.LatticeCompletionFinite.extend_decodeGrid	propext,Classical.choice,Quot.sound
Math115.LatticeCompletionFinite.decodeGrid_encodeGrid	propext,Classical.choice,Quot.sound
Math115.LatticeCompletionFinite.recoveredDigits_encodeGrid	propext,Classical.choice,Quot.sound
Math115.LatticeCompletionFinite.encodeGrid_decodeGrid	propext,Classical.choice,Quot.sound
Math115.LatticeCompletionFinite.encodeGrid_row	propext,Classical.choice,Quot.sound
Math115.LatticeCompletionFinite.encodeGrid_column	propext,Classical.choice,Quot.sound
Math115.LatticeCompletionFinite.encodeGrid_nonneg	propext,Classical.choice,Quot.sound
Math115.LatticeCompletionFinite.decodeGrid_row	propext,Classical.choice,Quot.sound
Math115.LatticeCompletionFinite.decodeGrid_column	propext,Classical.choice,Quot.sound
Math115.LatticeCompletionFinite.intGrid	
Math115.LatticeCompletionFinite.natGrid	
Math115.LatticeCompletionFinite.natGrid_intGrid	propext,Quot.sound
Math115.LatticeCompletionFinite.intGrid_natGrid	propext,Quot.sound
Math115.LatticeCompletionFinite.intGrid_row	propext,Classical.choice,Quot.sound
Math115.LatticeCompletionFinite.intGrid_column	propext,Classical.choice,Quot.sound
Math115.LatticeCompletionFinite.natGrid_hasMargins	propext,Classical.choice,Quot.sound
Math115.LatticeCompletionFinite.fineMargin	
Math115.LatticeCompletionFinite.FineTable	propext,Classical.choice,Quot.sound
Math115.LatticeCompletionFinite.fineTable_row_divisible	propext,Classical.choice,Quot.sound
Math115.LatticeCompletionFinite.fineTable_column_divisible	propext,Classical.choice,Quot.sound
Math115.LatticeCompletionFinite.Accepted	propext,Classical.choice,Quot.sound
Math115.LatticeCompletionFinite.AcceptedFine	propext,Classical.choice,Quot.sound
Math115.LatticeCompletionFinite.encodeTable	propext,Classical.choice,Quot.sound
Math115.LatticeCompletionFinite.intGrid_encodeTable	propext,Classical.choice,Quot.sound
Math115.LatticeCompletionFinite.encodeTable_accepted	propext,Classical.choice,Quot.sound
Math115.LatticeCompletionFinite.encodeAccepted	propext,Classical.choice,Quot.sound
Math115.LatticeCompletionFinite.decodeAccepted	propext,Classical.choice,Quot.sound
Math115.LatticeCompletionFinite.intGrid_decodeAccepted	propext,Classical.choice,Quot.sound
Math115.LatticeCompletionFinite.decodeAccepted_encodeAccepted	propext,Classical.choice,Quot.sound
Math115.LatticeCompletionFinite.encodeAccepted_decodeAccepted	propext,Classical.choice,Quot.sound
Math115.LatticeCompletionFinite.acceptedEquiv	propext,Classical.choice,Quot.sound
Math115.LatticeCompletionFinite.accepted_card	propext,Classical.choice,Quot.sound
Math115.LatticeCompletionFinite.fixedFiberEquiv	propext,Classical.choice,Quot.sound
Math115.LatticeCompletionFinite.fixedFiber_card	propext,Classical.choice,Quot.sound
Math115.LatticeCellVolume.prefixCell	propext,Classical.choice,Quot.sound
Math115.LatticeCellVolume.prefixCell_measurable	propext,Classical.choice,Quot.sound
Math115.LatticeCellVolume.mem_prefixCell_iff	propext,Classical.choice,Quot.sound
Math115.LatticeCellVolume.floor_mul_eq_anchor	propext,Classical.choice,Quot.sound
Math115.LatticeCellVolume.prefixCell_disjoint	propext,Classical.choice,Quot.sound
Math115.LatticeCellVolume.prefixCell_volume	propext,Classical.choice,Quot.sound
Math115.LatticeCellVolume.prefixCells_measurable	propext,Classical.choice,Quot.sound
Math115.LatticeCellVolume.prefixCells_pairwiseDisjoint	propext,Classical.choice,Quot.sound
Math115.LatticeCellVolume.prefix_lattice_cells_volume	propext,Classical.choice,Quot.sound
Math115.LatticeCellVolume.prefix_unit_cells_volume	propext,Classical.choice,Quot.sound
Math115.LatticeCellVolume.prefix_lattice_cells_volume_ne_top	propext,Classical.choice,Quot.sound
Math115.LatticeCellVolume.prefix_lattice_cells_volume_pos	propext,Classical.choice,Quot.sound
Math115.LatticeCellVolume.prefix_lattice_cells_volume_toReal	propext,Classical.choice,Quot.sound
Math115.LatticeCellVolume.prefixCell_error	propext,Classical.choice,Quot.sound
Math115.LatticeCellVolume.mixed_difference_error	propext,Classical.choice,Quot.sound
Math115.LatticeCellVolume.volume_image_translate	propext,Classical.choice,Quot.sound
Math115.LatticeCellVolume.volume_image_scale	propext,Classical.choice,Quot.sound
Math115.LatticeCellVolume.volume_le_of_translated_subset	propext,Classical.choice,Quot.sound
Math115.LatticeCellVolume.volume_le_of_subset_scaled_translate	propext,Classical.choice,Quot.sound
Math115.CompletionRetryBudget.uniform_success_mass	propext,Classical.choice,Quot.sound
Math115.CompletionRetryBudget.uniform_success_mass_of_card	propext,Classical.choice,Quot.sound
Math115.CompletionRetryBudget.failure_nonnegative	propext,Classical.choice,Quot.sound
Math115.CompletionRetryBudget.success_nonnegative	propext,Classical.choice,Quot.sound
Math115.CompletionRetryBudget.failure_le_one	propext,Classical.choice,Quot.sound
Math115.CompletionRetryBudget.equal_success_normalized	propext,Classical.choice,Quot.sound
Math115.CompletionRetryBudget.equal_success_retry_mass	propext,Classical.choice,Quot.sound
Math115.CompletionRetryBudget.equal_success_retry_variation	propext,Classical.choice,Quot.sound
Math115.CompletionRetryBudget.approximate_retry_variation	propext,Classical.choice,Quot.sound
Math115.CompletionRetryBudget.approximate_retry_variation_of_success	propext,Classical.choice,Quot.sound
Math115.CompletionRetryBudget.dyadic	propext,Classical.choice,Quot.sound
Math115.CompletionRetryBudget.retries	
Math115.CompletionRetryBudget.finePrecision	
Math115.CompletionRetryBudget.retries_positive	propext,Quot.sound
Math115.CompletionRetryBudget.dyadic_positive	propext,Classical.choice,Quot.sound
Math115.CompletionRetryBudget.dyadic_succ	propext,Classical.choice,Quot.sound
Math115.CompletionRetryBudget.dyadic_antitone_step	propext,Classical.choice,Quot.sound
Math115.CompletionRetryBudget.geometric_budget	propext,Classical.choice,Quot.sound
Math115.CompletionRetryBudget.fine_draw_budget	propext,Classical.choice,Quot.sound
Math115.CompletionRetryBudget.retry_budget	propext,Classical.choice,Quot.sound
Math115.CompletionRetryBudget.retry_budget_target	propext,Classical.choice,Quot.sound
Math115.CompletionRetryBudget.completion_retry_variation_half	propext,Classical.choice,Quot.sound
Math115.CompletionRetryBudget.completion_retry_variation	propext,Classical.choice,Quot.sound
Math115.LatticeCompletionLaw.trial	propext,Classical.choice,Quot.sound
Math115.LatticeCompletionLaw.trial_eq_none	propext,Classical.choice,Quot.sound
Math115.LatticeCompletionLaw.successfulFiberEquiv	propext,Classical.choice,Quot.sound
Math115.LatticeCompletionLaw.successfulFiber_card	propext,Classical.choice,Quot.sound
Math115.LatticeCompletionLaw.fine_nonempty_of_fallback	propext,Classical.choice,Quot.sound
Math115.LatticeCompletionLaw.ideal_success_mass	propext,Classical.choice,Quot.sound
Math115.LatticeCompletionLaw.ideal_success_probability	propext,Classical.choice,Quot.sound
Math115.LatticeCompletionLaw.ideal_retry_mass	propext,Classical.choice,Quot.sound
Math115.LatticeCompletionLaw.approximate_retry_bound	propext,Classical.choice,Quot.sound
Math115.LatticeCompletionLaw.completion_accuracy_half	propext,Classical.choice,Quot.sound
Math115.LatticeCompletionLaw.completion_accuracy	propext,Classical.choice,Quot.sound
Math115.PrefixTransportation.Array	propext,Classical.choice,Quot.sound
Math115.PrefixTransportation.Matrix	propext,Classical.choice,Quot.sound
Math115.PrefixTransportation.Interior	
Math115.PrefixTransportation.difference	propext,Classical.choice,Quot.sound
Math115.PrefixTransportation.prefixSum	propext,Classical.choice,Quot.sound
Math115.PrefixTransportation.ZeroAxes	propext,Classical.choice,Quot.sound
Math115.PrefixTransportation.ZeroBoundary	propext,Classical.choice,Quot.sound
Math115.PrefixTransportation.difference_row_sum	propext,Classical.choice,Quot.sound
Math115.PrefixTransportation.difference_column_sum	propext,Classical.choice,Quot.sound
Math115.PrefixTransportation.difference_row_sum_zero	propext,Classical.choice,Quot.sound
Math115.PrefixTransportation.difference_column_sum_zero	propext,Classical.choice,Quot.sound
Math115.PrefixTransportation.prefix_zero_axes	propext,Classical.choice,Quot.sound
Math115.PrefixTransportation.prefix_difference	propext,Classical.choice,Quot.sound
Math115.PrefixTransportation.difference_prefix	propext,Classical.choice,Quot.sound
Math115.PrefixTransportation.extend	propext,Classical.choice,Quot.sound
Math115.PrefixTransportation.restrict	propext,Classical.choice,Quot.sound
Math115.PrefixTransportation.extend_inside	propext,Classical.choice,Quot.sound
Math115.PrefixTransportation.extend_outside	propext,Classical.choice,Quot.sound
Math115.PrefixTransportation.range_sum_extend_row	propext,Classical.choice,Quot.sound
Math115.PrefixTransportation.range_sum_extend_column	propext,Classical.choice,Quot.sound
Math115.PrefixTransportation.interiorPrefix	propext,Classical.choice,Quot.sound
Math115.PrefixTransportation.interiorPrefix_add	propext,Classical.choice,Quot.sound
Math115.PrefixTransportation.interiorPrefix_smul	propext,Classical.choice,Quot.sound
Math115.PrefixTransportation.interiorPrefix_injective_of_margins	propext,Classical.choice,Quot.sound
Math115.PrefixTransportation.offsets	propext,Classical.choice,Quot.sound
Math115.PrefixTransportation.offsets_zero_boundary	propext,Classical.choice,Quot.sound
Math115.PrefixTransportation.offsets_apply	propext,Classical.choice,Quot.sound
Math115.PrefixTransportation.offsets_difference_outside	propext,Classical.choice,Quot.sound
Math115.PrefixTransportation.perturbation	propext,Classical.choice,Quot.sound
Math115.PrefixTransportation.extend_perturbation	propext,Classical.choice,Quot.sound
Math115.PrefixTransportation.perturbation_rows_zero	propext,Classical.choice,Quot.sound
Math115.PrefixTransportation.perturbation_columns_zero	propext,Classical.choice,Quot.sound
Math115.PrefixTransportation.interiorPrefix_perturbation	propext,Classical.choice,Quot.sound
Math115.PrefixTransportation.offsets_error	propext,Classical.choice,Quot.sound
Math115.PrefixTransportation.perturbation_error	propext,Classical.choice,Quot.sound
Math115.PrefixTransportation.Feasible	propext,Classical.choice,Quot.sound
Math115.PrefixTransportation.PrefixRegion	propext,Classical.choice,Quot.sound
Math115.PrefixTransportation.feasible_add	propext,Classical.choice,Quot.sound
Math115.PrefixTransportation.feasible_smul	propext,Classical.choice,Quot.sound
Math115.PrefixTransportation.feasible_const	propext,Classical.choice,Quot.sound
Math115.PrefixTransportation.prefixRegion_translate_subset	propext,Classical.choice,Quot.sound
Math115.PrefixTransportation.prefixRegion_volume_mono_of_difference_table	propext,Classical.choice,Quot.sound
Math115.PrefixTransportation.prefixRegion_constant_translate_subset	propext,Classical.choice,Quot.sound
Math115.PrefixTransportation.exists_feasible_of_nonnegative_equal_total	propext,Classical.choice,Quot.sound
Math115.PrefixTransportation.prefixRegion_volume_mono	propext,Classical.choice,Quot.sound
Math115.PrefixTransportation.prefixRegion_scale_eq	propext,Classical.choice,Quot.sound
Math115.PrefixTransportation.prefixRegion_volume_scale	propext,Classical.choice,Quot.sound
Math115.PrefixTransportation.prefix_error_upper_containment	propext,Classical.choice,Quot.sound
Math115.PrefixFloorCover.floorPrefix	propext,Classical.choice,Quot.sound
Math115.PrefixFloorCover.floorGrid	propext,Classical.choice,Quot.sound
Math115.PrefixFloorCover.floorPrefix_zero_axes	propext,Classical.choice,Quot.sound
Math115.PrefixFloorCover.floorGrid_entry_error	propext,Classical.choice,Quot.sound
Math115.PrefixFloorCover.floorGrid_nonnegative	propext,Classical.choice,Quot.sound
Math115.PrefixFloorCover.marginPrefix	propext,Classical.choice,Quot.sound
Math115.PrefixFloorCover.prefix_full_columns	propext,Classical.choice,Quot.sound
Math115.PrefixFloorCover.prefix_full_rows	propext,Classical.choice,Quot.sound
Math115.PrefixFloorCover.marginPrefix_succ	propext,Classical.choice,Quot.sound
Math115.PrefixFloorCover.floorGrid_rows	propext,Classical.choice,Quot.sound
Math115.PrefixFloorCover.floorGrid_columns	propext,Classical.choice,Quot.sound
Math115.PrefixFloorCover.roundedTable	propext,Classical.choice,Quot.sound
Math115.PrefixFloorCover.tableAnchor	propext,Classical.choice,Quot.sound
Math115.PrefixFloorCover.tableReal	propext,Classical.choice,Quot.sound
Math115.PrefixFloorCover.tableAnchor_cast	propext,Classical.choice,Quot.sound
Math115.PrefixFloorCover.tableReal_feasible	propext,Classical.choice,Quot.sound
Math115.PrefixFloorCover.tableAnchor_injective	propext,Classical.choice,Quot.sound
Math115.PrefixFloorCover.floorGrid_prefix	propext,Classical.choice,Quot.sound
Math115.PrefixFloorCover.roundedTable_anchor	propext,Classical.choice,Quot.sound
Math115.PrefixFloorCover.interiorPrefix_mem_rounded_cell	propext,Classical.choice,Quot.sound
Math115.PrefixFloorCover.lower_floor_cover	propext,Classical.choice,Quot.sound
Math115.PrefixFloorCover.lower_volume_le_card	propext,Classical.choice,Quot.sound
Math115.CompletionCountBound.fineCells	propext,Classical.choice,Quot.sound
Math115.CompletionCountBound.normalized_fine_feasible	propext,Classical.choice,Quot.sound
Math115.CompletionCountBound.upper_cell_cover	propext,Classical.choice,Quot.sound
Math115.CompletionCountBound.fine_cells_volume	propext,Classical.choice,Quot.sound
Math115.CompletionCountBound.fine_cells_volume_toReal	propext,Classical.choice,Quot.sound
Math115.CompletionCountBound.fine_cells_volume_le_upper	propext,Classical.choice,Quot.sound
Math115.CompletionCountBound.inflation	propext,Classical.choice,Quot.sound
Math115.CompletionCountBound.inflation_pos	propext,Classical.choice,Quot.sound
Math115.CompletionCountBound.inflation_ge_one	propext,Classical.choice,Quot.sound
Math115.CompletionCountBound.inflated_margin_ge_upper	propext,Classical.choice,Quot.sound
Math115.CompletionCountBound.shifted_totals_equal	propext,Classical.choice,Quot.sound
Math115.CompletionCountBound.reduced_totals_equal	propext,Classical.choice,Quot.sound
Math115.CompletionCountBound.upper_volume_le_inflated_lower	propext,Classical.choice,Quot.sound
Math115.CompletionCountBound.fine_cells_volume_le_count	propext,Classical.choice,Quot.sound
Math115.CompletionCountBound.fine_card_le	propext,Classical.choice,Quot.sound
Math115.CompletionCountBound.fine_nat_card_le	propext,Classical.choice,Quot.sound
Math115.CompletionAcceptance.two_mul_le_power_twelve	propext,Classical.choice,Quot.sound
Math115.CompletionAcceptance.dilationFactor	propext,Classical.choice,Quot.sound
Math115.CompletionAcceptance.increment	propext,Classical.choice,Quot.sound
Math115.CompletionAcceptance.denominator_positive	propext,Classical.choice,Quot.sound
Math115.CompletionAcceptance.dilationFactor_eq_one_add	propext,Classical.choice,Quot.sound
Math115.CompletionAcceptance.increment_nonnegative	propext,Classical.choice,Quot.sound
Math115.CompletionAcceptance.dilationFactor_positive	propext,Classical.choice,Quot.sound
Math115.CompletionAcceptance.two_div_k_le_inverse_d	propext,Classical.choice,Quot.sound
Math115.CompletionAcceptance.exponent_allowance	propext,Classical.choice,Quot.sound
Math115.CompletionAcceptance.exp_four_thirds_lt_four	propext,Classical.choice,Quot.sound
Math115.CompletionAcceptance.dilationFactor_pow_lt_four	propext,Classical.choice,Quot.sound
Math115.CompletionAcceptance.acceptance_lower_real	propext,Classical.choice,Quot.sound
Math115.CompletionAcceptance.acceptance_lower_rat	propext,Classical.choice,Quot.sound
Math115.LatticeCompletionAccuracy.inflation_three_d	propext,Classical.choice,Quot.sound
Math115.LatticeCompletionAccuracy.ideal_acceptance_quarter	propext,Classical.choice,Quot.sound
Math115.LatticeCompletionAccuracy.originalUniform	propext,Classical.choice,Quot.sound
Math115.LatticeCompletionAccuracy.fineUniform	propext,Classical.choice,Quot.sound
Math115.LatticeCompletionAccuracy.completion_accuracy_half	propext,Classical.choice,Quot.sound
Math115.LatticeCompletionAccuracy.completion_accuracy	propext,Classical.choice,Quot.sound
Math115.LatticeCompletionAccuracy.chosen_dilation_acceptance_quarter	propext,Classical.choice,Quot.sound
Math115.LatticeCompletionAccuracy.chosen_dilation_accuracy	propext,Classical.choice,Quot.sound
Math115.CompletionBooleanRetry.retryWords	propext
Math115.CompletionBooleanRetry.wordBankEquiv	propext,Classical.choice,Quot.sound
Math115.CompletionBooleanRetry.flatRetry	propext,Classical.choice,Quot.sound
Math115.CompletionBooleanRetry.zeroExtend	
Math115.CompletionBooleanRetry.prefixInt	propext,Classical.choice,Quot.sound
Math115.CompletionBooleanRetry.decodeCells	propext,Classical.choice,Quot.sound
Math115.CompletionBooleanRetry.acceptedCells	propext,Classical.choice,Quot.sound
Math115.CompletionBooleanRetry.acceptedCells_decidable	propext,Classical.choice,Quot.sound
Math115.CompletionBooleanRetry.rawTrial	propext,Classical.choice,Quot.sound
Math115.CompletionBooleanRetry.prefixInt_eq_bounded_prefix	propext,Classical.choice,Quot.sound
Math115.CompletionBooleanRetry.decodeCells_eq	propext,Classical.choice,Quot.sound
Math115.CompletionBooleanRetry.acceptedCells_iff	propext,Classical.choice,Quot.sound
Math115.CompletionBooleanRetry.tableTrial	propext,Classical.choice,Quot.sound
Math115.CompletionBooleanRetry.digitOffset	propext,Quot.sound
Math115.CompletionBooleanRetry.signedEncodeCells	propext,Quot.sound
Math115.CompletionBooleanRetry.encodeCells	propext,Quot.sound
Math115.CompletionBooleanRetry.digitOffset_eq	propext,Quot.sound
Math115.CompletionBooleanRetry.signedEncodeCells_eq	propext,Quot.sound
Math115.CompletionBooleanRetry.encodeCells_eq_encodeTable_value	propext,Classical.choice,Quot.sound
Math115.CompletionBooleanRetry.tableTrial_eq	propext,Classical.choice,Quot.sound
Math115.CompletionBooleanRetry.rawTrial_eq_tableTrial_value	propext,Classical.choice,Quot.sound
Math115.CompletionBooleanRetry.retryWords_eq_wordRetry	propext
Math115.CompletionBooleanRetry.retryWords_law	propext,Classical.choice,Quot.sound
Math115.CompletionBooleanRetry.flatRetry_law	propext,Classical.choice,Quot.sound
Math115.CompletionBooleanRetry.completion_flat_law	propext,Classical.choice,Quot.sound
Math115.LatticeCompletionProgram.rowPrefix	propext
Math115.LatticeCompletionProgram.rowPrefixRealizer	propext,Classical.choice,Quot.sound
Math115.LatticeCompletionProgram.polynomial_rowPrefix	propext,Classical.choice,Quot.sound
Math115.LatticeCompletionProgram.prefixNat	propext
Math115.LatticeCompletionProgram.prefixRealizer	propext,Classical.choice,Quot.sound
Math115.LatticeCompletionProgram.polynomial_prefix	propext,Classical.choice,Quot.sound
Math115.LatticeCompletionProgram.CellInput	
Math115.LatticeCompletionProgram.floorPrefix	propext
Math115.LatticeCompletionProgram.floorPrefixRealizer	propext,Classical.choice,Quot.sound
Math115.LatticeCompletionProgram.polynomial_floorPrefix	propext,Classical.choice,Quot.sound
Math115.LatticeCompletionProgram.cellTotals	propext
Math115.LatticeCompletionProgram.cellTotalsRealizer	propext,Classical.choice,Quot.sound
Math115.LatticeCompletionProgram.polynomial_cellTotals	propext,Classical.choice,Quot.sound
Math115.LatticeCompletionProgram.cell	propext
Math115.LatticeCompletionProgram.cellRealizer	propext,Classical.choice,Quot.sound
Math115.LatticeCompletionProgram.polynomial_cell	propext,Classical.choice,Quot.sound
Math115.LatticeCompletionProgram.indices	
Math115.LatticeCompletionProgram.indicesRealizer	propext,Classical.choice,Quot.sound
Math115.LatticeCompletionProgram.polynomial_indices	propext,Classical.choice,Quot.sound
Math115.LatticeCompletionProgram.rowCells	propext
Math115.LatticeCompletionProgram.rowCellsRealizer	propext,Classical.choice,Quot.sound
Math115.LatticeCompletionProgram.polynomial_rowCells	propext,Classical.choice,Quot.sound
Math115.LatticeCompletionProgram.cells	propext
Math115.LatticeCompletionProgram.cellsRealizer	propext,Classical.choice,Quot.sound
Math115.LatticeCompletionProgram.polynomial_cells	propext,Classical.choice,Quot.sound
Math115.LatticeCompletionProgram.accepted	
Math115.LatticeCompletionProgram.acceptedRealizer	propext,Classical.choice,Quot.sound
Math115.LatticeCompletionProgram.polynomial_accepted	propext,Classical.choice,Quot.sound
Math115.LatticeCompletionProgram.values	
Math115.LatticeCompletionProgram.valuesRealizer	propext,Classical.choice,Quot.sound
Math115.LatticeCompletionProgram.polynomial_values	propext,Classical.choice,Quot.sound
Math115.LatticeCompletionProgram.finish	
Math115.LatticeCompletionProgram.finishRealizer	propext,Classical.choice,Quot.sound
Math115.LatticeCompletionProgram.polynomial_finish	propext,Classical.choice,Quot.sound
Math115.LatticeCompletionProgram.decode	propext
Math115.LatticeCompletionProgram.decodeRealizer	propext,Classical.choice,Quot.sound
Math115.LatticeCompletionProgram.polynomial_decode	propext,Classical.choice,Quot.sound
Math115.LatticeCompletionProgram.sum_take_getD	propext,Classical.choice,Quot.sound
Math115.LatticeCompletionProgram.prefix_range	propext,Classical.choice,Quot.sound
Math115.LatticeCompletionProgram.matrixEntry_code_zero	propext
Math115.LatticeCompletionProgram.prefix_code	propext,Classical.choice,Quot.sound
Math115.LatticeCompletionProgram.floorPrefix_code	propext,Classical.choice,Quot.sound
Math115.LatticeCompletionProgram.cellTotals_code	propext,Classical.choice,Quot.sound
Math115.LatticeCompletionProgram.cell_code	propext,Classical.choice,Quot.sound
Math115.LatticeCompletionProgram.map_range_ofFn	propext,Quot.sound
Math115.LatticeCompletionProgram.rowCells_code	propext,Classical.choice,Quot.sound
Math115.LatticeCompletionProgram.cells_code	propext,Classical.choice,Quot.sound
Math115.LatticeCompletionProgram.all_ofFn	propext,Quot.sound
Math115.LatticeCompletionProgram.accepted_code	propext,Classical.choice,Quot.sound
Math115.LatticeCompletionProgram.values_code	propext,Classical.choice,Quot.sound
Math115.LatticeCompletionProgram.decode_code	propext,Classical.choice,Quot.sound
Math115.LatticeCompletionProgram.decode_fineTable	propext,Classical.choice,Quot.sound
Math115.CompletionOuterSchedule.successFactor	propext
Math115.CompletionOuterSchedule.gapFactor	propext
Math115.CompletionOuterSchedule.restartCount	propext
Math115.CompletionOuterSchedule.mixExponent	propext
Math115.CompletionOuterSchedule.walkCount	propext
Math115.CompletionOuterSchedule.terminalPrecision	propext
Math115.CompletionOuterSchedule.stepPrecision	propext
Math115.CompletionOuterSchedule.successFactor_positive	propext,Classical.choice,Quot.sound
Math115.CompletionOuterSchedule.restartCount_positive	propext,Classical.choice,Quot.sound
Math115.CompletionOuterSchedule.gapFactor_positive	propext,Quot.sound
Math115.CompletionOuterSchedule.walkCount_positive	propext,Quot.sound
Math115.CompletionOuterSchedule.dyadic_real	propext,Classical.choice,Quot.sound
Math115.CompletionOuterSchedule.exp_neg_nat_le_dyadic	propext,Classical.choice,Quot.sound
Math115.CompletionOuterSchedule.dyadic_charge	propext,Classical.choice,Quot.sound
Math115.CompletionOuterSchedule.natural_charge_bound	propext,Classical.choice,Quot.sound
Math115.CompletionOuterSchedule.mass_charge_bound	propext,Classical.choice,Quot.sound
Math115.CompletionOuterSchedule.restart_error_bound	propext,Classical.choice,Quot.sound
Math115.CompletionOuterSchedule.walk_error_bound	propext,Classical.choice,Quot.sound
Math115.CompletionOuterSchedule.terminal_error_bound	propext,Classical.choice,Quot.sound
Math115.CompletionOuterSchedule.step_error_bound	propext,Classical.choice,Quot.sound
Math115.CompletionOuterSchedule.arithmetic_schedule_half	propext,Classical.choice,Quot.sound
Math115.CompletionOuterSchedule.arithmetic_schedule	propext,Classical.choice,Quot.sound
Math115.CompletionOuterSchedule.physicalSmallCount	propext,Classical.choice,Quot.sound
Math115.CompletionOuterSchedule.physicalMassBase	propext,Classical.choice,Quot.sound
Math115.CompletionRandomBudget.binarySize	
Math115.CompletionRandomBudget.combinedSize	
Math115.CompletionRandomBudget.fineMarginBound	propext
Math115.CompletionRandomBudget.fineBinaryBound	propext
Math115.CompletionRandomBudget.proposalReservation	propext
Math115.CompletionRandomBudget.completionReservation	propext
Math115.CompletionRandomBudget.totalReservedBits	propext
Math115.CompletionRandomBudget.budgetCoefficient	propext
Math115.CompletionRandomBudget.clog_two_le_self	propext,Classical.choice,Quot.sound
Math115.CompletionRandomBudget.clog_product_bound	propext,Classical.choice,Quot.sound
Math115.CompletionRandomBudget.clog_power_bound	propext,Classical.choice,Quot.sound
Math115.CompletionRandomBudget.binarySize_positive	propext,Quot.sound
Math115.CompletionRandomBudget.combinedSize_at_least_fifteen	propext,Quot.sound
Math115.CompletionRandomBudget.restart_polynomial	propext,Classical.choice,Quot.sound
Math115.CompletionRandomBudget.restart_log_bound	propext,Classical.choice,Quot.sound
Math115.CompletionRandomBudget.mass_base_log_bound	propext,Classical.choice,Quot.sound
Math115.CompletionRandomBudget.fineBinary_log_bound	propext,Classical.choice,Quot.sound
Math115.CompletionRandomBudget.mix_polynomial	propext,Classical.choice,Quot.sound
Math115.CompletionRandomBudget.walk_polynomial	propext,Classical.choice,Quot.sound
Math115.CompletionRandomBudget.walk_log_bound	propext,Classical.choice,Quot.sound
Math115.CompletionRandomBudget.step_precision_polynomial	propext,Classical.choice,Quot.sound
Math115.CompletionRandomBudget.terminal_precision_polynomial	propext,Classical.choice,Quot.sound
Math115.CompletionRandomBudget.finePrecision_upper	propext,Classical.choice,Quot.sound
Math115.CompletionRandomBudget.finePrecision_polynomial	propext,Classical.choice,Quot.sound
Math115.CompletionRandomBudget.completion_product_factor	propext
Math115.CompletionRandomBudget.completion_reservation_polynomial	propext,Classical.choice,Quot.sound
Math115.CompletionRandomBudget.proposal_log_bound	propext,Classical.choice,Quot.sound
Math115.CompletionRandomBudget.reservation_le_three	propext,Classical.choice,Quot.sound
Math115.CompletionRandomBudget.reservation_product_factor	propext
Math115.CompletionRandomBudget.combined_product_factor	propext
Math115.CompletionRandomBudget.totalReservedBits_separated	propext,Classical.choice,Quot.sound
Math115.CompletionRandomBudget.totalReservedBits_combined	propext,Classical.choice,Quot.sound
Math115.CompletionEncodingSize.Margins	
Math115.CompletionEncodingSize.WordInput	
Math115.CompletionEncodingSize.dimension	
Math115.CompletionEncodingSize.massTotal	propext
Math115.CompletionEncodingSize.measure	propext,Quot.sound
Math115.CompletionEncodingSize.bankCoefficient	propext
Math115.CompletionEncodingSize.inputEnvelope	propext,Classical.choice,Quot.sound
Math115.CompletionEncodingSize.pow_two_add_le	propext,Classical.choice,Quot.sound
Math115.CompletionEncodingSize.nat_succ_le_pow_weight	propext,Classical.choice,Quot.sound
Math115.CompletionEncodingSize.sum_add_two_le_pow_weight	propext,Classical.choice,Quot.sound
Math115.CompletionEncodingSize.clog_sum_add_two_le_weight	propext,Classical.choice,Quot.sound
Math115.CompletionEncodingSize.margin_weight_at_least_three	propext,Quot.sound
Math115.CompletionEncodingSize.measure_at_least_six	propext,Quot.sound
Math115.CompletionEncodingSize.dimension_at_least_eleven	propext,Quot.sound
Math115.CompletionEncodingSize.dimension_le_weight_square	propext,Quot.sound
Math115.CompletionEncodingSize.binary_mass_le_weight	propext,Classical.choice,Quot.sound
Math115.CompletionEncodingSize.combinedSize_le_twice_measure_square	propext,Classical.choice,Quot.sound
Math115.CompletionEncodingSize.bank_bound	propext,Classical.choice,Quot.sound
Math115.CompletionEncodingSize.input_weight_bound	propext,Classical.choice,Quot.sound
Math115.CompletionEncodingSize.reserved_program_work	propext,Classical.choice,Quot.sound
Math115.CompletionEncodingSize.weight_nat_list_le_word_length	propext,Quot.sound
Math115.CompletionEncodingSize.margin_weight_le_literal_length	propext,Quot.sound
Math115.CompletionEncodingSize.measure_le_literal_length_numeric	propext,Quot.sound
Math115.CompletionEncodingSize.dimension_ofFn	propext,Classical.choice,Quot.sound
Math115.CompletionEncodingSize.massTotal_ofFn	propext,Classical.choice,Quot.sound
Math115.CompletionPublicSize.bankCoefficient	propext
Math115.CompletionPublicSize.wordMeasureCoefficient	propext
Math115.CompletionPublicSize.clog_mass_add_two_le	propext,Classical.choice,Quot.sound
Math115.CompletionPublicSize.samplingSize_at_least_two	propext,Classical.choice,Quot.sound
Math115.CompletionPublicSize.combinedSize_public_bound	propext,Classical.choice,Quot.sound
Math115.CompletionPublicSize.reservation_public_bound	propext,Classical.choice,Quot.sound
Math115.CompletionPublicSize.literal_input_and_bank_public_bound	propext,Classical.choice,Quot.sound
Math115.DenseLatticeCompletion.dilation_positive	propext,Quot.sound
Math115.DenseLatticeCompletion.denseRows	propext,Classical.choice,Quot.sound
Math115.DenseLatticeCompletion.denseColumns	propext,Classical.choice,Quot.sound
Math115.DenseLatticeCompletion.fineOptionEquiv	propext,Classical.choice,Quot.sound
Math115.DenseLatticeCompletion.optionMargin_code	propext,Classical.choice,Quot.sound
Math115.DenseLatticeCompletion.fineOption_tableOutput	propext,Classical.choice,Quot.sound
Math115.DenseLatticeCompletion.denseRows_minimum	propext,Classical.choice,Quot.sound
Math115.DenseLatticeCompletion.denseColumns_minimum	propext,Classical.choice,Quot.sound
Math115.DenseLatticeCompletion.dense_totals	propext,Classical.choice,Quot.sound
Math115.DenseLatticeCompletion.fineBits	propext,Classical.choice,Quot.sound
Math115.DenseLatticeCompletion.fineBits_pos	propext,Classical.choice,Quot.sound
Math115.DenseLatticeCompletion.fineDraw	propext,Classical.choice,Quot.sound
Math115.DenseLatticeCompletion.fineDraw_canonicalCode	propext,Classical.choice,Quot.sound
Math115.DenseLatticeCompletion.fineDraw_matrixCode	propext,Classical.choice,Quot.sound
Math115.DenseLatticeCompletion.fineLaw	propext,Classical.choice,Quot.sound
Math115.DenseLatticeCompletion.dyadic_cast	propext,Classical.choice,Quot.sound
Math115.DenseLatticeCompletion.fineLaw_variation	propext,Classical.choice,Quot.sound
Math115.DenseLatticeCompletion.fineBits_polynomial	propext,Classical.choice,Quot.sound
Math115.DenseLatticeCompletion.completionLaw	propext,Classical.choice,Quot.sound
Math115.DenseLatticeCompletion.completionLaw_variation	propext,Classical.choice,Quot.sound
Math115.DenseLatticeCompletion.completionBits	propext,Classical.choice,Quot.sound
Math115.DenseLatticeCompletion.completionBits_bound	propext,Classical.choice,Quot.sound
Math115.DenseLatticeCompletion.completionDraw	propext,Classical.choice,Quot.sound
Math115.DenseLatticeCompletion.completionDraw_law	propext,Classical.choice,Quot.sound
Math115.DenseLatticeCompletion.completionDraw_variation	propext,Classical.choice,Quot.sound
Math115.DenseLatticeCompletionProvedInputs.fineLaw_variation	propext,Classical.choice,Quot.sound
Math115.DenseLatticeCompletionProvedInputs.completionLaw_variation	propext,Classical.choice,Quot.sound
Math115.DenseLatticeCompletionProvedInputs.completionDraw_variation	propext,Classical.choice,Quot.sound
Math115.PhysicalLatticeCompletion.RowTail	
Math115.PhysicalLatticeCompletion.ColumnTail	
Math115.PhysicalLatticeCompletion.rowFree	propext,Classical.choice,Quot.sound
Math115.PhysicalLatticeCompletion.columnFree	propext,Classical.choice,Quot.sound
Math115.PhysicalLatticeCompletion.rowIndex	propext,Classical.choice,Quot.sound
Math115.PhysicalLatticeCompletion.columnIndex	propext,Classical.choice,Quot.sound
Math115.PhysicalLatticeCompletion.finiteRows	propext,Classical.choice,Quot.sound
Math115.PhysicalLatticeCompletion.finiteColumns	propext,Classical.choice,Quot.sound
Math115.PhysicalLatticeCompletion.finiteReferenceEquiv	propext,Classical.choice,Quot.sound
Math115.PhysicalLatticeCompletion.finite_totals	propext,Classical.choice,Quot.sound
Math115.PhysicalLatticeCompletion.row_count_eq	propext,Classical.choice,Quot.sound
Math115.PhysicalLatticeCompletion.column_count_eq	propext,Classical.choice,Quot.sound
Math115.PhysicalLatticeCompletion.finite_row_lower	propext,Classical.choice,Quot.sound
Math115.PhysicalLatticeCompletion.finite_column_lower	propext,Classical.choice,Quot.sound
Math115.PhysicalLatticeCompletion.finite_dimensions	propext,Classical.choice,Quot.sound
Math115.PhysicalLatticeCompletion.finite_free_dimension	propext,Classical.choice,Quot.sound
Math115.PhysicalLatticeCompletion.dimension_fourteen	propext,Classical.choice,Quot.sound
Math115.PhysicalLatticeCompletion.finite_row_upper	propext,Classical.choice,Quot.sound
Math115.PhysicalLatticeCompletion.finiteFallback	propext,Classical.choice,Quot.sound
Math115.PhysicalLatticeCompletion.FineOracleFamily	propext,Classical.choice,Quot.sound
Math115.PhysicalLatticeCompletion.latticeOracle	propext,Classical.choice,Quot.sound
Math115.PhysicalLatticeCompletion.latticeOracle_accuracy	propext,Classical.choice,Quot.sound
Math115.PhysicalLatticeCompletion.lattice_selected_step_accuracy	propext,Classical.choice,Quot.sound
Math115.PhysicalLatticeCompletion.lattice_selected_terminal_accuracy	propext,Classical.choice,Quot.sound
Math115.PhysicalLatticeCompletion.denseFineOracle	propext,Classical.choice,Quot.sound
Math115.PhysicalLatticeCompletion.denseOracle	propext,Classical.choice,Quot.sound
Math115.PhysicalLatticeCompletion.denseOracle_accuracy	propext,Classical.choice,Quot.sound
Math115.PhysicalLatticeCompletion.dense_selected_step_accuracy	propext,Classical.choice,Quot.sound
Math115.PhysicalLatticeCompletion.dense_selected_terminal_accuracy	propext,Classical.choice,Quot.sound
Math115.PhysicalLatticeCompletion.denseOuterLaw	propext,Classical.choice,Quot.sound
Math115.PhysicalLatticeCompletion.denseOuterLaw_variation	propext,Classical.choice,Quot.sound
Math115.PhysicalLatticeCompletion.fineRowBound	propext,Classical.choice,Quot.sound
Math115.PhysicalLatticeCompletion.fineBinaryLength	propext,Classical.choice,Quot.sound
Math115.PhysicalLatticeCompletion.reservedFineBits	propext,Classical.choice,Quot.sound
Math115.PhysicalLatticeCompletion.reservedCompletionBits	propext,Classical.choice,Quot.sound
Math115.PhysicalLatticeCompletion.dense_fine_row_upper	propext,Classical.choice,Quot.sound
Math115.PhysicalLatticeCompletion.fineBits_le_reserved	propext,Classical.choice,Quot.sound
Math115.PhysicalLatticeCompletion.completionBits_le_reserved	propext,Classical.choice,Quot.sound
Math115.AdaptiveDenseCompletion.denseRows_lower	propext,Classical.choice,Quot.sound
Math115.AdaptiveDenseCompletion.denseColumns_lower	propext,Classical.choice,Quot.sound
Math115.AdaptiveDenseCompletion.fineBits	propext,Classical.choice,Quot.sound
Math115.AdaptiveDenseCompletion.fineBits_pos	propext,Classical.choice,Quot.sound
Math115.AdaptiveDenseCompletion.fineDraw	propext,Classical.choice,Quot.sound
Math115.AdaptiveDenseCompletion.fineDraw_canonicalCode	propext,Classical.choice,Quot.sound
Math115.AdaptiveDenseCompletion.fineDraw_matrixCode	propext,Classical.choice,Quot.sound
Math115.AdaptiveDenseCompletion.fineLaw	propext,Classical.choice,Quot.sound
Math115.AdaptiveDenseCompletion.fineLaw_variation	propext,Classical.choice,Quot.sound
Math115.AdaptiveDenseCompletion.fineBits_polynomial	propext,Classical.choice,Quot.sound
Math115.AdaptiveDenseCompletion.completionLaw	propext,Classical.choice,Quot.sound
Math115.AdaptiveDenseCompletion.completionLaw_variation_half	propext,Classical.choice,Quot.sound
Math115.AdaptiveDenseCompletion.completionLaw_variation	propext,Classical.choice,Quot.sound
Math115.AdaptiveDenseCompletion.completionBits	propext,Classical.choice,Quot.sound
Math115.AdaptiveDenseCompletion.completionBits_bound	propext,Classical.choice,Quot.sound
Math115.AdaptiveDenseCompletion.completionDraw	propext,Classical.choice,Quot.sound
Math115.AdaptiveDenseCompletion.completionDraw_law	propext,Classical.choice,Quot.sound
Math115.AdaptiveDenseCompletion.completionDraw_variation	propext,Classical.choice,Quot.sound
Math115.AdaptiveDenseCompletion.table_subsingleton_of_row_card_le_one	propext,Classical.choice,Quot.sound
Math115.AdaptiveDenseCompletion.table_subsingleton_of_column_card_le_one	propext,Classical.choice,Quot.sound
Math115.AdaptiveDenseCompletion.table_subsingleton_of_zero_tail	propext,Classical.choice,Quot.sound
Math115.AdaptiveDenseCompletion.singletonDraw	propext,Classical.choice,Quot.sound
Math115.AdaptiveDenseCompletion.singletonDraw_pointLaw	propext,Classical.choice,Quot.sound
Math115.AdaptiveDenseCompletion.singletonDraw_law	propext,Classical.choice,Quot.sound
Math115.CompletionOuterSchedule.denseOuterLaw_explicit_accuracy_half	propext,Classical.choice,Quot.sound
Math115.CompletionOuterSchedule.denseOuterLaw_explicit_accuracy	propext,Classical.choice,Quot.sound
Math115.CompletionRandomBudget.physicalSmallCount_le_dimension	propext,Classical.choice,Quot.sound
Math115.CompletionRandomBudget.completionReservation_eq_reserved	propext,Classical.choice,Quot.sound
Math115.CompletionRandomBudget.physicalTotalReservedBits	propext,Classical.choice,Quot.sound
Math115.CompletionRandomBudget.physicalTotalReservedBits_eq_reservation	propext,Classical.choice,Quot.sound
Math115.CompletionRandomBudget.physicalTotalReservedBits_separated	propext,Classical.choice,Quot.sound
Math115.CompletionRandomBudget.physicalTotalReservedBits_combined	propext,Classical.choice,Quot.sound
Math115.CompletionSamplerProgram.Parameters	
Math115.CompletionSamplerProgram.InnerParameters	
Math115.CompletionSamplerProgram.retriesRealizer	propext,Classical.choice,Quot.sound
Math115.CompletionSamplerProgram.polynomial_retries	propext,Classical.choice,Quot.sound
Math115.CompletionSamplerProgram.precisionRealizer	propext,Classical.choice,Quot.sound
Math115.CompletionSamplerProgram.polynomial_precision	propext,Classical.choice,Quot.sound
Math115.CompletionSamplerProgram.powerTwelveRealizer	propext,Classical.choice,Quot.sound
Math115.CompletionSamplerProgram.polynomial_powerTwelve	propext,Classical.choice,Quot.sound
Math115.CompletionSamplerProgram.dilateEntry	
Math115.CompletionSamplerProgram.dilateEntryRealizer	propext,Classical.choice,Quot.sound
Math115.CompletionSamplerProgram.polynomial_dilateEntry	propext,Classical.choice,Quot.sound
Math115.CompletionSamplerProgram.dilateList	
Math115.CompletionSamplerProgram.dilateListRealizer	propext,Classical.choice,Quot.sound
Math115.CompletionSamplerProgram.polynomial_dilateList	propext,Classical.choice,Quot.sound
Math115.CompletionSamplerProgram.prepare	propext
Math115.CompletionSamplerProgram.prepareRealizer	propext,Classical.choice,Quot.sound
Math115.CompletionSamplerProgram.polynomial_prepare	propext,Classical.choice,Quot.sound
Math115.CompletionSamplerProgram.trial	propext
Math115.CompletionSamplerProgram.trialRealizer	propext,Classical.choice,Quot.sound
Math115.CompletionSamplerProgram.polynomial_trial	propext,Classical.choice,Quot.sound
Math115.CompletionSamplerProgram.wordWidth	propext
Math115.CompletionSamplerProgram.wordWidthRealizer	propext,Classical.choice,Quot.sound
Math115.CompletionSamplerProgram.polynomial_wordWidth	propext,Classical.choice,Quot.sound
Math115.CompletionSamplerProgram.bitCount	propext
Math115.CompletionSamplerProgram.bitCountRealizer	propext,Classical.choice,Quot.sound
Math115.CompletionSamplerProgram.polynomial_bitCount	propext,Classical.choice,Quot.sound
Math115.CompletionSamplerProgram.reservedWords	propext
Math115.CompletionSamplerProgram.reservedWordsRealizer	propext,Classical.choice,Quot.sound
Math115.CompletionSamplerProgram.polynomial_reservedWords	propext,Classical.choice,Quot.sound
Math115.CompletionSamplerProgram.draw	propext
Math115.CompletionSamplerProgram.drawRealizer	propext,Classical.choice,Quot.sound
Math115.CompletionSamplerProgram.polynomial_draw	propext,Classical.choice,Quot.sound
Math115.CompletionSamplerSemantics.parameters	
Math115.CompletionSamplerSemantics.prepare_code	propext,Classical.choice,Quot.sound
Math115.CompletionSamplerSemantics.wordWidth_code	propext,Classical.choice,Quot.sound
Math115.CompletionSamplerSemantics.bitCount_code	propext,Classical.choice,Quot.sound
Math115.CompletionSamplerSemantics.trial_code	propext,Classical.choice,Quot.sound
Math115.CompletionSamplerSemantics.reservedWords_code	propext,Classical.choice,Quot.sound
Math115.CompletionSamplerSemantics.greedyFallback_code	propext,Classical.choice,Quot.sound
Math115.CompletionSamplerSemantics.programTable	propext,Classical.choice,Quot.sound
Math115.CompletionSamplerSemantics.draw_code	propext,Classical.choice,Quot.sound
Math115.CompletionSamplerSemantics.draw_prefix_code	propext,Classical.choice,Quot.sound
Math115.CompletionSamplerSemantics.padded_programTable_law	propext,Classical.choice,Quot.sound
Math115.CompletionSamplerSemantics.programTable_variation	propext,Classical.choice,Quot.sound
Math115.CompletionSamplerSemantics.padded_programTable_variation	propext,Classical.choice,Quot.sound
Math115.CompletionSamplerSemantics.draw_semantics	propext,Classical.choice,Quot.sound
Math115.PhysicalComputedProposal.profileRows	propext,Classical.choice,Quot.sound
Math115.PhysicalComputedProposal.profileColumns	propext,Classical.choice,Quot.sound
Math115.PhysicalComputedProposal.ProfileFeasible	propext,Classical.choice,Quot.sound
Math115.PhysicalComputedProposal.profile_capacity	propext,Classical.choice,Quot.sound
Math115.PhysicalComputedProposal.physicalProfile_feasible	propext,Classical.choice,Quot.sound
Math115.PhysicalComputedProposal.profileFeasible_positive	propext,Classical.choice,Quot.sound
Math115.PhysicalComputedProposal.stateOfFeasible	propext,Classical.choice,Quot.sound
Math115.PhysicalComputedProposal.stateOfFeasible_profile	propext,Classical.choice,Quot.sound
Math115.PhysicalComputedProposal.profileFeasible_iff	propext,Classical.choice,Quot.sound
Math115.PhysicalComputedProposal.decodeProfile	propext,Classical.choice,Quot.sound
Math115.PhysicalComputedProposal.decodeProfile_eq_some_iff	propext,Classical.choice,Quot.sound
Math115.PhysicalComputedProposal.profileFeasible_of_lineTests	propext,Classical.choice,Quot.sound
Math115.PhysicalComputedProposal.profileFeasible_lineTests	propext,Classical.choice,Quot.sound
Math115.PhysicalComputedProposal.profileTest_iff	propext,Classical.choice,Quot.sound
Math115.PhysicalComputedProposal.profileTest_code_iff	propext,Classical.choice,Quot.sound
Math115.PhysicalComputedProposal.ArithmeticRepair	propext,Classical.choice,Quot.sound
Math115.PhysicalComputedProposal.ArithmeticEdge	propext,Classical.choice,Quot.sound
Math115.PhysicalComputedProposal.arithmeticRepair_iff	propext,Classical.choice,Quot.sound
Math115.PhysicalComputedProposal.arithmeticEdge_iff	propext,Classical.choice,Quot.sound
Math115.PhysicalComputedProposal.mem_rawCodeNeighbors	propext,Classical.choice,Quot.sound
Math115.PhysicalComputedProposal.mem_codeNeighbors	propext,Classical.choice,Quot.sound
Math115.PhysicalComputedProposal.physicalProposalLaw_mass_some	propext,Classical.choice,Quot.sound
Math115.PhysicalComputedProposal.stateCode	propext,Classical.choice,Quot.sound
Math115.PhysicalComputedProposal.stateCodeData	propext,Classical.choice,Quot.sound
Math115.PhysicalComputedProposal.decodeStateCode	propext,Classical.choice,Quot.sound
Math115.PhysicalComputedProposal.decode_stateCode	propext,Classical.choice,Quot.sound
Math115.PhysicalComputedProposal.stateCode_injective	propext,Classical.choice,Quot.sound
Math115.PhysicalComputedProposal.decodeStateCode_eq_some_iff	propext,Classical.choice,Quot.sound
Math115.PhysicalComputedProposal.codeNeighborStates	propext,Classical.choice,Quot.sound
Math115.PhysicalComputedProposal.codeNeighborStates_nodup	propext,Classical.choice,Quot.sound
Math115.PhysicalComputedProposal.mem_codeNeighborStates	propext,Classical.choice,Quot.sound
Math115.PhysicalComputedProposal.codeNeighborStates_length	propext,Classical.choice,Quot.sound
Math115.PhysicalComputedProposal.codeNeighborStates_codes	propext,Classical.choice,Quot.sound
Math115.PhysicalComputedProposal.codeNeighbors_decode_total	propext,Classical.choice,Quot.sound
Math115.PhysicalComputedProposal.decodedCodeProposal	propext,Classical.choice,Quot.sound
Math115.PhysicalComputedProposal.decodedCodeProposal_apply	propext,Classical.choice,Quot.sound
Math115.PhysicalComputedProposal.decodedCodeProposal_eq	propext,Classical.choice,Quot.sound
Math115.PhysicalComputedProposal.decodedCodeProposal_law	propext,Classical.choice,Quot.sound
Math115.PhysicalComputedProposal.computedCatalog	propext
Math115.PhysicalComputedProposal.computedCatalog_nodup	propext,Classical.choice,Quot.sound
Math115.PhysicalComputedProposal.mem_computedCatalog	propext,Classical.choice,Quot.sound
Math115.PhysicalComputedProposal.catalogCell	propext,Classical.choice,Quot.sound
Math115.PhysicalComputedProposal.catalogCell_coordinates	propext,Classical.choice,Quot.sound
Math115.PhysicalComputedProposal.catalogCell_bijective	propext,Classical.choice,Quot.sound
Math115.PhysicalComputedProposal.computedCellEquiv	propext,Classical.choice,Quot.sound
Math115.PhysicalComputedProposal.computedCellEquiv_catalog	propext,Classical.choice,Quot.sound
Math115.PhysicalComputedProposal.computedStateCode	propext,Classical.choice,Quot.sound
Math115.PhysicalComputedProposal.computedProposal	propext,Classical.choice,Quot.sound
Math115.PhysicalComputedProposal.computedProposal_apply	propext,Classical.choice,Quot.sound
Math115.PhysicalComputedProposal.computedProposal_law	propext,Classical.choice,Quot.sound
Math115.PhysicalComputedProposal.cubeNat	propext,Classical.choice,Quot.sound
Math115.PhysicalComputedProposal.polynomial_cubeNat	propext,Classical.choice,Quot.sound
Math115.PhysicalComputedProposal.idealMarginThreshold	propext
Math115.PhysicalComputedProposal.idealMarginThresholdRealizer	propext,Classical.choice,Quot.sound
Math115.PhysicalComputedProposal.polynomial_idealMarginThreshold	propext,Classical.choice,Quot.sound
Math115.PhysicalComputedProposal.idealMarginCatalog	propext
Math115.PhysicalComputedProposal.idealMarginCatalogRealizer	propext,Classical.choice,Quot.sound
Math115.PhysicalComputedProposal.polynomial_idealMarginCatalog	propext,Classical.choice,Quot.sound
Math115.PhysicalComputedProposal.idealPrepareProfileInput	propext
Math115.PhysicalComputedProposal.idealPrepareProfileInputRealizer	propext,Classical.choice,Quot.sound
Math115.PhysicalComputedProposal.polynomial_idealPrepareProfileInput	propext,Classical.choice,Quot.sound
Math115.PhysicalComputedProposal.idealPreparedProposal	propext
Math115.PhysicalComputedProposal.idealPreparedProposalRealizer	propext,Classical.choice,Quot.sound
Math115.PhysicalComputedProposal.polynomial_idealPreparedProposal	propext,Classical.choice,Quot.sound
Math115.PhysicalComputedProposal.idealMarginThreshold_ofFn	propext,Classical.choice,Quot.sound
Math115.PhysicalComputedProposal.idealPrepareProfileInput_eq	propext,Classical.choice,Quot.sound
Math115.PhysicalComputedProposal.idealPreparedProposal_eq	propext,Classical.choice,Quot.sound
Math115.PhysicalComputedProposal.idealComputedProposal_law	propext,Classical.choice,Quot.sound
Math115.PhysicalComputedProposal.idealPreparedProposal_law	propext,Classical.choice,Quot.sound
Math115.PhysicalReferenceWalk.referenceTransitionLaw_cast	propext,Classical.choice,Quot.sound
Math115.PhysicalReferenceWalk.referenceStationaryLaw_cast	propext,Classical.choice,Quot.sound
Math115.PhysicalReferenceWalk.referenceChain_pi_lower	propext,Classical.choice,Quot.sound
Math115.PhysicalReferenceWalk.referenceWalkLaw	propext,Classical.choice,Quot.sound
Math115.PhysicalReferenceWalk.referenceWalkLaw_cast	propext,Classical.choice,Quot.sound
Math115.PhysicalReferenceWalk.referenceWalkLaw_variation	propext,Classical.choice,Quot.sound
Math115.PhysicalReferenceWalk.referenceJointLaw	propext,Classical.choice,Quot.sound
Math115.PhysicalReferenceWalk.referenceJointLaw_variation_le	propext,Classical.choice,Quot.sound
Math115.PhysicalReferenceWalk.referenceJointLaw_variation	propext,Classical.choice,Quot.sound
Math115.PhysicalReferenceWalk.referenceOuterLaw	propext,Classical.choice,Quot.sound
Math115.PhysicalReferenceWalk.referenceOuterLaw_variation	propext,Classical.choice,Quot.sound
Math115.PhysicalReferenceWalk.referenceApproximateJoint_variation	propext,Classical.choice,Quot.sound
Math115.PhysicalReferenceWalk.referenceApproximateOuter_variation_le	propext,Classical.choice,Quot.sound
Math115.PhysicalReferenceWalk.referenceApproximateOuter_variation	propext,Classical.choice,Quot.sound
Math115.PhysicalReferenceWalk.idealReference_poincare	propext,Classical.choice,Quot.sound
Math115.PhysicalReferenceWalk.idealReferenceOuterLaw	propext,Classical.choice,Quot.sound
Math115.PhysicalReferenceWalk.idealReferenceOuterLaw_variation	propext,Classical.choice,Quot.sound
Math115.PhysicalReferenceWalk.idealReferenceOracleOuterLaw	propext,Classical.choice,Quot.sound
Math115.PhysicalReferenceWalk.idealReferenceOracleOuterLaw_variation	propext,Classical.choice,Quot.sound
Math115.PhysicalReferenceWalk.denseReferenceOuterLaw	propext,Classical.choice,Quot.sound
Math115.PhysicalReferenceWalk.denseReferenceOuterLaw_variation	propext,Classical.choice,Quot.sound
Math115.ListedLatticeCompletion.tailCount	propext
Math115.ListedLatticeCompletion.tailCount_eq_referenceFree	propext,Classical.choice,Quot.sound
Math115.ListedLatticeCompletion.fullCount_card	propext,Classical.choice,Quot.sound
Math115.ListedLatticeCompletion.coarseRows	propext,Classical.choice,Quot.sound
Math115.ListedLatticeCompletion.coarseColumns	propext,Classical.choice,Quot.sound
Math115.ListedLatticeCompletion.coarse_totals	propext,Classical.choice,Quot.sound
Math115.ListedLatticeCompletion.parameters_listed	propext,Classical.choice,Quot.sound
Math115.ListedLatticeCompletion.coarseRows_code	propext,Classical.choice,Quot.sound
Math115.ListedLatticeCompletion.coarseColumns_code	propext,Classical.choice,Quot.sound
Math115.ListedLatticeCompletion.dimensions	propext,Classical.choice,Quot.sound
Math115.ListedLatticeCompletion.free_dimension	propext,Classical.choice,Quot.sound
Math115.ListedLatticeCompletion.dimension_fourteen	propext,Classical.choice,Quot.sound
Math115.ListedLatticeCompletion.coarse_row_lower	propext,Classical.choice,Quot.sound
Math115.ListedLatticeCompletion.coarse_column_lower	propext,Classical.choice,Quot.sound
Math115.ListedLatticeCompletion.coarse_row_upper	propext,Classical.choice,Quot.sound
Math115.ListedLatticeCompletion.dense_row_upper	propext,Classical.choice,Quot.sound
Math115.ListedLatticeCompletion.fineBits_le_reserved	propext,Classical.choice,Quot.sound
Math115.ListedLatticeCompletion.completionBits_le_reserved	propext,Classical.choice,Quot.sound
Math115.ListedLatticeCompletion.finiteFibreEquiv	propext,Classical.choice,Quot.sound
Math115.ListedLatticeCompletion.finiteFibreEquiv_entry	propext,Classical.choice,Quot.sound
Math115.ListedLatticeCompletion.programTable	propext,Classical.choice,Quot.sound
Math115.ListedLatticeCompletion.programTable_code	propext,Classical.choice,Quot.sound
Math115.ListedLatticeCompletion.programTable_accuracy	propext,Classical.choice,Quot.sound
Math115.ListedLatticeCompletion.completionDraw	propext,Classical.choice,Quot.sound
Math115.ListedLatticeCompletion.completionLaw	propext,Classical.choice,Quot.sound
Math115.ListedLatticeCompletion.completionLaw_accuracy	propext,Classical.choice,Quot.sound
Math115.ListedLatticeCompletion.oracleFamily	propext,Classical.choice,Quot.sound
Math115.ListedLatticeCompletion.oracleFamily_accuracy	propext,Classical.choice,Quot.sound
Math115.ListedLatticeCompletion.referenceDraw	propext,Classical.choice,Quot.sound
Math115.ListedLatticeCompletion.referenceDraw_law	propext,Classical.choice,Quot.sound
Math115.ListedLatticeCompletion.outerLaw	propext,Classical.choice,Quot.sound
Math115.ListedLatticeCompletion.outerLaw_variation	propext,Classical.choice,Quot.sound
Math115.PhysicalReferenceBoolean.stepBits	propext,Classical.choice,Quot.sound
Math115.PhysicalReferenceBoolean.attemptBits	propext,Classical.choice,Quot.sound
Math115.PhysicalReferenceBoolean.outerBits	propext,Classical.choice,Quot.sound
Math115.PhysicalReferenceBoolean.bitStep	propext,Classical.choice,Quot.sound
Math115.PhysicalReferenceBoolean.bitStep_law	propext,Classical.choice,Quot.sound
Math115.PhysicalReferenceBoolean.flatWalk	propext,Classical.choice,Quot.sound
Math115.PhysicalReferenceBoolean.flatWalk_law	propext,Classical.choice,Quot.sound
Math115.PhysicalReferenceBoolean.terminalLaw_eq	propext,Classical.choice,Quot.sound
Math115.PhysicalReferenceBoolean.jointDraw	propext,Classical.choice,Quot.sound
Math115.PhysicalReferenceBoolean.jointDraw_law	propext,Classical.choice,Quot.sound
Math115.PhysicalReferenceBoolean.outerDraw	propext,Classical.choice,Quot.sound
Math115.PhysicalReferenceBoolean.outerDraw_law	propext,Classical.choice,Quot.sound
Math115.PhysicalReferenceBoolean.initializedDraw	propext,Classical.choice,Quot.sound
Math115.PhysicalReferenceBoolean.initializedDraw_law	propext,Classical.choice,Quot.sound
Math115.PhysicalReferenceBoolean.initializedDraw_variation	propext,Classical.choice,Quot.sound
Math115.PhysicalReferenceBoolean.initializedDraw_explicit_accuracy	propext,Classical.choice,Quot.sound
Math115.PhysicalEmptyCompletion.ReconstructionInput	
Math115.PhysicalEmptyCompletion.retainedData	
Math115.PhysicalEmptyCompletion.retainedDataRealizer	propext,Classical.choice,Quot.sound
Math115.PhysicalEmptyCompletion.polynomial_retainedData	propext,Classical.choice,Quot.sound
Math115.PhysicalEmptyCompletion.rowInput	
Math115.PhysicalEmptyCompletion.rowInputRealizer	propext,Classical.choice,Quot.sound
Math115.PhysicalEmptyCompletion.polynomial_rowInput	propext,Classical.choice,Quot.sound
Math115.PhysicalEmptyCompletion.columnInput	
Math115.PhysicalEmptyCompletion.columnInputRealizer	propext,Classical.choice,Quot.sound
Math115.PhysicalEmptyCompletion.polynomial_columnInput	propext,Classical.choice,Quot.sound
Math115.PhysicalEmptyCompletion.reconstructViews	propext
Math115.PhysicalEmptyCompletion.reconstructViewsRealizer	propext,Classical.choice,Quot.sound
Math115.PhysicalEmptyCompletion.polynomial_reconstructViews	propext,Classical.choice,Quot.sound
Math115.PhysicalEmptyCompletion.retainedData_entry	propext,Classical.choice,Quot.sound
Math115.PhysicalEmptyCompletion.storedRows	propext,Classical.choice,Quot.sound
Math115.PhysicalEmptyCompletion.storedColumns	propext,Classical.choice,Quot.sound
Math115.PhysicalEmptyCompletion.allSmallCompletion	propext,Classical.choice,Quot.sound
Math115.PhysicalEmptyCompletion.allSmallCompletion_views	propext,Classical.choice,Quot.sound
Math115.PhysicalEmptyCompletion.allSmallCompletion_row	propext,Classical.choice,Quot.sound
Math115.PhysicalEmptyCompletion.allSmallCompletion_column	propext,Classical.choice,Quot.sound
Math115.PhysicalEmptyCompletion.allSmallCompletion_unique	propext,Classical.choice,Quot.sound
Math115.PhysicalEmptyCompletion.allSmallCompletion_pointLaw_uniform	propext,Classical.choice,Quot.sound
Math115.PhysicalEmptyCompletion.allSmall_of_empty	propext,Classical.choice,Quot.sound
Math115.PhysicalEmptyCompletion.emptyCompletion	propext,Classical.choice,Quot.sound
Math115.PhysicalEmptyCompletion.emptyCompletion_views	propext,Classical.choice,Quot.sound
Math115.PhysicalEmptyCompletion.emptyCompletion_pointLaw_uniform	propext,Classical.choice,Quot.sound
Math115.PhysicalEmptyCompletion.empty_of_not_both	propext,Classical.choice,Quot.sound
Math115.PhysicalEmptyCompletion.emptyCompletionOfNotBoth	propext,Classical.choice,Quot.sound
Math115.PhysicalEmptyCompletion.emptyCompletionOfNotBoth_views	propext,Classical.choice,Quot.sound
Math115.PhysicalEmptyCompletion.emptyCompletionOfNotBoth_pointLaw_uniform	propext,Classical.choice,Quot.sound
Math115.PhysicalEmptyCompletion.idealEmptyCompletion	propext,Classical.choice,Quot.sound
Math115.PhysicalEmptyCompletion.idealEmptyCompletion_pointLaw_uniform	propext,Classical.choice,Quot.sound
Math115.PhysicalEmptyCompletion.profileInput	propext,Classical.choice,Quot.sound
Math115.PhysicalEmptyCompletion.reconstructViews_profile_code	propext,Classical.choice,Quot.sound
Math115.PhysicalEmptyCompletion.computedInput	propext,Classical.choice,Quot.sound
Math115.PhysicalEmptyCompletion.computedInput_eq_profileInput	propext,Classical.choice,Quot.sound
Math115.PhysicalEmptyCompletion.reconstructViews_computed_code	propext,Classical.choice,Quot.sound
Math115.PhysicalEmptyCompletion.reconstructViews_computed_not_both_code	propext,Classical.choice,Quot.sound
Math115.PhysicalEmptyCompletion.empty_of_no_large_lists	propext,Quot.sound
Math115.PhysicalBooleanSampler.bothLarge	propext,Classical.choice,Quot.sound
Math115.PhysicalBooleanSampler.not_bothLarge_reference	propext,Classical.choice,Quot.sound
Math115.PhysicalBooleanSampler.unitBitStep	propext,Classical.choice,Quot.sound
Math115.PhysicalBooleanSampler.unitBitStep_law	propext,Classical.choice,Quot.sound
Math115.PhysicalBooleanSampler.flatUnitWalk	propext,Classical.choice,Quot.sound
Math115.PhysicalBooleanSampler.flatUnitWalk_law	propext,Classical.choice,Quot.sound
Math115.PhysicalBooleanSampler.unitJointDraw	propext,Classical.choice,Quot.sound
Math115.PhysicalBooleanSampler.unitJointDraw_law	propext,Classical.choice,Quot.sound
Math115.PhysicalBooleanSampler.unitOuterDraw	propext,Classical.choice,Quot.sound
Math115.PhysicalBooleanSampler.unitOuterDraw_law	propext,Classical.choice,Quot.sound
Math115.PhysicalBooleanSampler.draw	propext,Classical.choice,Quot.sound
Math115.PhysicalBooleanSampler.draw_variation	propext,Classical.choice,Quot.sound
Math115.PhysicalBooleanSampler.draw_explicit_accuracy	propext,Classical.choice,Quot.sound
Math115.LatticeScheduleProgram.Margins	
Math115.LatticeScheduleProgram.ScheduleInput	
Math115.LatticeScheduleProgram.ScheduleOutput	
Math115.LatticeScheduleProgram.fixedPowerRealizer	propext,Classical.choice,Quot.sound
Math115.LatticeScheduleProgram.polynomial_fixedPower	propext,Classical.choice,Quot.sound
Math115.LatticeScheduleProgram.addGet	propext,Classical.choice,Quot.sound
Math115.LatticeScheduleProgram.polynomial_addGet	propext,Classical.choice,Quot.sound
Math115.LatticeScheduleProgram.mulGet	propext,Classical.choice,Quot.sound
Math115.LatticeScheduleProgram.polynomial_mulGet	propext,Classical.choice,Quot.sound
Math115.LatticeScheduleProgram.powerGet	propext,Classical.choice,Quot.sound
Math115.LatticeScheduleProgram.polynomial_powerGet	propext,Classical.choice,Quot.sound
Math115.LatticeScheduleProgram.logGet	propext,Classical.choice,Quot.sound
Math115.LatticeScheduleProgram.polynomial_logGet	propext,Classical.choice,Quot.sound
Math115.LatticeScheduleProgram.target	
Math115.LatticeScheduleProgram.targetRealizer	propext,Classical.choice,Quot.sound
Math115.LatticeScheduleProgram.polynomial_target	propext,Classical.choice,Quot.sound
Math115.LatticeScheduleProgram.dimension	
Math115.LatticeScheduleProgram.dimensionRealizer	propext,Classical.choice,Quot.sound
Math115.LatticeScheduleProgram.polynomial_dimension	propext,Classical.choice,Quot.sound
Math115.LatticeScheduleProgram.cutoff	propext
Math115.LatticeScheduleProgram.cutoffRealizer	propext,Classical.choice,Quot.sound
Math115.LatticeScheduleProgram.polynomial_cutoff	propext,Classical.choice,Quot.sound
Math115.LatticeScheduleProgram.smallCount	propext
Math115.LatticeScheduleProgram.smallCountRealizer	propext,Classical.choice,Quot.sound
Math115.LatticeScheduleProgram.polynomial_smallCount	propext,Classical.choice,Quot.sound
Math115.LatticeScheduleProgram.massTotal	propext
Math115.LatticeScheduleProgram.massTotalRealizer	propext,Classical.choice,Quot.sound
Math115.LatticeScheduleProgram.polynomial_massTotal	propext,Classical.choice,Quot.sound
Math115.LatticeScheduleProgram.padding	
Math115.LatticeScheduleProgram.paddingRealizer	propext,Classical.choice,Quot.sound
Math115.LatticeScheduleProgram.polynomial_padding	propext,Classical.choice,Quot.sound
Math115.LatticeScheduleProgram.massBase	propext
Math115.LatticeScheduleProgram.massBaseRealizer	propext,Classical.choice,Quot.sound
Math115.LatticeScheduleProgram.polynomial_massBase	propext,Classical.choice,Quot.sound
Math115.LatticeScheduleProgram.restarts	propext
Math115.LatticeScheduleProgram.restartsRealizer	propext,Classical.choice,Quot.sound
Math115.LatticeScheduleProgram.polynomial_restarts	propext,Classical.choice,Quot.sound
Math115.LatticeScheduleProgram.mixBudget	propext
Math115.LatticeScheduleProgram.mixBudgetRealizer	propext,Classical.choice,Quot.sound
Math115.LatticeScheduleProgram.polynomial_mixBudget	propext,Classical.choice,Quot.sound
Math115.LatticeScheduleProgram.walkSteps	propext
Math115.LatticeScheduleProgram.walkStepsRealizer	propext,Classical.choice,Quot.sound
Math115.LatticeScheduleProgram.polynomial_walkSteps	propext,Classical.choice,Quot.sound
Math115.LatticeScheduleProgram.terminalPrecision	propext
Math115.LatticeScheduleProgram.terminalPrecisionRealizer	propext,Classical.choice,Quot.sound
Math115.LatticeScheduleProgram.polynomial_terminalPrecision	propext,Classical.choice,Quot.sound
Math115.LatticeScheduleProgram.stepPrecision	propext
Math115.LatticeScheduleProgram.stepPrecisionRealizer	propext,Classical.choice,Quot.sound
Math115.LatticeScheduleProgram.polynomial_stepPrecision	propext,Classical.choice,Quot.sound
Math115.LatticeScheduleProgram.proposalBits	propext
Math115.LatticeScheduleProgram.proposalBitsRealizer	propext,Classical.choice,Quot.sound
Math115.LatticeScheduleProgram.polynomial_proposalBits	propext,Classical.choice,Quot.sound
Math115.LatticeScheduleProgram.fineMarginMax	propext
Math115.LatticeScheduleProgram.fineMarginMaxRealizer	propext,Classical.choice,Quot.sound
Math115.LatticeScheduleProgram.polynomial_fineMarginMax	propext,Classical.choice,Quot.sound
Math115.LatticeScheduleProgram.fineBinaryBits	propext
Math115.LatticeScheduleProgram.fineBinaryBitsRealizer	propext,Classical.choice,Quot.sound
Math115.LatticeScheduleProgram.polynomial_fineBinaryBits	propext,Classical.choice,Quot.sound
Math115.LatticeScheduleProgram.finePrecisionGet	propext,Classical.choice,Quot.sound
Math115.LatticeScheduleProgram.polynomial_finePrecisionGet	propext,Classical.choice,Quot.sound
Math115.LatticeScheduleProgram.completionBitsFor	propext
Math115.LatticeScheduleProgram.completionBitsForRealizer	propext,Classical.choice,Quot.sound
Math115.LatticeScheduleProgram.polynomial_completionBitsFor	propext,Classical.choice,Quot.sound
Math115.LatticeScheduleProgram.stepCompletionBits	propext
Math115.LatticeScheduleProgram.stepCompletionBitsRealizer	propext,Classical.choice,Quot.sound
Math115.LatticeScheduleProgram.polynomial_stepCompletionBits	propext,Classical.choice,Quot.sound
Math115.LatticeScheduleProgram.terminalCompletionBits	propext
Math115.LatticeScheduleProgram.terminalCompletionBitsRealizer	propext,Classical.choice,Quot.sound
Math115.LatticeScheduleProgram.polynomial_terminalCompletionBits	propext,Classical.choice,Quot.sound
Math115.LatticeScheduleProgram.stepSchedule	propext
Math115.LatticeScheduleProgram.stepScheduleRealizer	propext,Classical.choice,Quot.sound
Math115.LatticeScheduleProgram.polynomial_stepSchedule	propext,Classical.choice,Quot.sound
Math115.LatticeScheduleProgram.terminalSchedule	propext
Math115.LatticeScheduleProgram.terminalScheduleRealizer	propext,Classical.choice,Quot.sound
Math115.LatticeScheduleProgram.polynomial_terminalSchedule	propext,Classical.choice,Quot.sound
Math115.LatticeScheduleProgram.schedule	propext
Math115.LatticeScheduleProgram.scheduleRealizer	propext,Classical.choice,Quot.sound
Math115.LatticeScheduleProgram.polynomial_schedule	propext,Classical.choice,Quot.sound
Math115.LatticeScheduleProgram.attemptBits	propext
Math115.LatticeScheduleProgram.attemptBitsRealizer	propext,Classical.choice,Quot.sound
Math115.LatticeScheduleProgram.polynomial_attemptBits	propext,Classical.choice,Quot.sound
Math115.LatticeScheduleProgram.totalBits	propext
Math115.LatticeScheduleProgram.totalBitsRealizer	propext,Classical.choice,Quot.sound
Math115.LatticeScheduleProgram.polynomial_totalBits	propext,Classical.choice,Quot.sound
Math115.LatticeScheduleProgram.totalBits_eq_totalReservedBits	propext
Math115.LatticeScheduleProgram.dimension_ofFn	propext,Classical.choice,Quot.sound
Math115.LatticeScheduleProgram.cutoff_ofFn	propext,Classical.choice,Quot.sound
Math115.LatticeScheduleProgram.padding_ofFn	propext,Classical.choice,Quot.sound
Math115.LatticeScheduleProgram.massTotal_ofFn	propext,Classical.choice,Quot.sound
Math115.LatticeScheduleProgram.smallCount_ofFn	propext,Classical.choice,Quot.sound
Math115.LatticeScheduleProgram.massBase_ofFn	propext,Classical.choice,Quot.sound
Math115.LatticeScheduleProgram.restarts_ofFn	propext,Classical.choice,Quot.sound
Math115.LatticeScheduleProgram.mixBudget_ofFn	propext,Classical.choice,Quot.sound
Math115.LatticeScheduleProgram.walkSteps_ofFn	propext,Classical.choice,Quot.sound
Math115.LatticeScheduleProgram.terminalPrecision_ofFn	propext,Classical.choice,Quot.sound
Math115.LatticeScheduleProgram.stepPrecision_ofFn	propext,Classical.choice,Quot.sound
Math115.LatticeScheduleProgram.proposalBits_ofFn	propext,Classical.choice,Quot.sound
Math115.LatticeScheduleProgram.stepCompletionBits_ofFn	propext,Classical.choice,Quot.sound
Math115.LatticeScheduleProgram.terminalCompletionBits_ofFn	propext,Classical.choice,Quot.sound
Math115.LatticeScheduleProgram.stepSchedule_ofFn	propext,Classical.choice,Quot.sound
Math115.LatticeScheduleProgram.terminalSchedule_ofFn	propext,Classical.choice,Quot.sound
Math115.LatticeScheduleProgram.schedule_ofFn	propext,Classical.choice,Quot.sound
Math115.LatticeScheduleProgram.attemptBits_ofFn	propext,Classical.choice,Quot.sound
Math115.LatticeScheduleProgram.totalBits_ofFn	propext,Classical.choice,Quot.sound
Math115.LatticeScheduleProgram.totalBits_ofFn_budget	propext,Classical.choice,Quot.sound
Math115.pair_product_le_quarter_square	propext,Classical.choice,Quot.sound
Math115.pair_product_eq_quarter_square_iff	propext,Classical.choice,Quot.sound
Math115.GlobalDisplayOwnership.edge_owner_unique	propext,Quot.sound
Math115.GlobalDisplayOwnership.edge_prefix_unique	propext,Quot.sound
Math115.min_mass_repair_bound	propext,Classical.choice,Quot.sound
Math115.min_mass_quarter_repair_bound	propext,Classical.choice,Quot.sound
