Verification started: 2026-10-08T21:38:28Z
Lean (version 4.34.1, x86_64-unknown-linux-gnu, commit 5045d0056413266e57c625dcd7c365b10e377c52, Release)
✔ [6591/6754] Built OAI.Combinatorics.ContingencyTables.Transport.QuadraticTransport (3.2s)
✔ [8924/8968] Built OAI.Combinatorics.ContingencyTables.Transport.BalancedSummation (4.2s)
✔ [8925/8979] Built OAI.Combinatorics.ContingencyTables.Model (2.9s)
✔ [8926/8984] Built OAI.Combinatorics.ContingencyTables.Transport.LaminarSignature (4.5s)
✔ [8927/8989] Built OAI.Combinatorics.ContingencyTables.Transport.SignedTransport (3.5s)
✔ [8928/9041] Built OAI.Combinatorics.ContingencyTables.Transport.LineUnarySignature (4.0s)
✔ [8929/9075] Built OAI.Combinatorics.ContingencyTables.Transport.PositiveSequenceMinimum (2.5s)
✔ [8930/9083] Built OAI.Combinatorics.ContingencyTables.Sampling.SmallEntries (6.4s)
✔ [8931/9083] Built OAI.Combinatorics.ContingencyTables.Transport.TableReindex (2.9s)
✔ [8932/9083] Built OAI.Combinatorics.ContingencyTables.Sampling.Padding (4.5s)
✔ [8933/9084] Built OAI.Combinatorics.ContingencyTables.Sampling.ResidualMixture (5.0s)
✔ [8934/9084] Built OAI.Combinatorics.ContingencyTables.Transport.SignedMarginTranslation (3.8s)
✔ [8935/9089] Built OAI.Combinatorics.ContingencyTables.Transport.TableMarginTransport (2.5s)
✔ [8936/9089] Built OAI.Combinatorics.ContingencyTables.Sampling.Repair (3.4s)
✔ [8937/9092] Built OAI.Combinatorics.ContingencyTables.Transport.FirstSuccess (4.1s)
✔ [8938/9092] Built OAI.Combinatorics.ContingencyTables.Transport.TranslatedCompletions (3.9s)
✔ [8939/9092] Built OAI.Combinatorics.ContingencyTables.Sampling.RepairPrefixes (3.0s)
✔ [8940/9093] Built OAI.Combinatorics.ContingencyTables.Transport.RationalProducts (3.6s)
✔ [8941/9093] Built OAI.Combinatorics.ContingencyTables.Transport.RationalReindex (3.4s)
✔ [8942/9098] Built OAI.Combinatorics.ContingencyTables.Transport.RejectionLaw (4.8s)
✔ [8943/9098] Built OAI.Combinatorics.ContingencyTables.Transport.TranslatedCompletionCounts (3.2s)
✔ [8944/9098] Built OAI.Combinatorics.ContingencyTables.Transport.TranslatedCompletionAcceptance (3.7s)
✔ [8945/9098] Built OAI.Combinatorics.ContingencyTables.Machines.FiniteFairBits (3.3s)
✔ [8946/9109] Built OAI.Combinatorics.ContingencyTables.Transport.RationalWalks (2.6s)
✔ [8947/9114] Built OAI.Combinatorics.ContingencyTables.Transport.RationalMapProducts (3.6s)
✔ [8948/9118] Built OAI.Combinatorics.ContingencyTables.Parameters (4.8s)
✔ [8949/9122] Built OAI.Combinatorics.ContingencyTables.Transport.FiniteDependentLaw (3.4s)
✔ [8950/9122] Built OAI.Combinatorics.MatchingCount.Graphs.ColoredEdge (18s)
✔ [8951/9124] Built OAI.Combinatorics.MatchingCount.Model (11s)
✔ [8952/9151] Built OAI.Combinatorics.MatchingCount.Graphs.ArcData (18s)
✔ [8953/9151] Built OAI.Combinatorics.MatchingCount.Sampling.Span (11s)
✔ [8954/9151] Built OAI.Combinatorics.MatchingCount.Complexity.GuardMachineBase (11s)
✔ [8955/9151] Built OAI.Combinatorics.MatchingCount.Graphs.Density (14s)
✔ [8956/9151] Built OAI.Combinatorics.MatchingCount.Machines.BoolPostCompiler (11s)
✔ [8957/9151] Built OAI.Combinatorics.MatchingCount.Sampling.Corner (15s)
✔ [8958/9151] Built OAI.Combinatorics.MatchingCount.Complexity.AlphabetCompilerCost (10s)
✔ [8959/9151] Built OAI.Combinatorics.MatchingCount.Complexity.StackCompilerCost (13s)
✔ [8960/9151] Built OAI.Combinatorics.MatchingCount.Probability.Mean (14s)
✔ [8961/9151] Built OAI.Combinatorics.MatchingCount.Graphs.IndexedCycle (17s)
✔ [8962/9151] Built OAI.Combinatorics.MatchingCount.Machines.SupportedCompiler (10s)
✔ [8963/9151] Built OAI.Combinatorics.MatchingCount.Machines.TreeTransfer (9.5s)
✔ [8964/9151] Built OAI.Combinatorics.MatchingCount.Tapes.StackEmbedding (7.2s)
✔ [8965/9151] Built OAI.Combinatorics.MatchingCount.Arithmetic.BinaryAddition (11s)
✔ [8966/9151] Built OAI.Combinatorics.MatchingCount.Tapes.FixedAlphabetCompiler (8.2s)
✔ [8967/9151] Built OAI.Combinatorics.MatchingCount.Graphs.Sets (10s)
✔ [8968/9151] Built OAI.Combinatorics.MatchingCount.Tapes.WordOps (6.6s)
✔ [8969/9151] Built OAI.Combinatorics.MatchingCount.Tapes.StackLens (7.0s)
✔ [8970/9151] Built OAI.Combinatorics.MatchingCount.Arithmetic.BinaryCompare (11s)
✔ [8971/9165] Built OAI.Combinatorics.MatchingCount.Tapes.StackWords (9.9s)
✔ [8972/9165] Built OAI.Combinatorics.MatchingCount.Tapes.FixedEncoding (8.3s)
✔ [8973/9173] Built OAI.Combinatorics.MatchingCount.Graphs.Mate (12s)
✔ [8974/9173] Built OAI.Combinatorics.MatchingCount.Graphs.Vertex (12s)
✔ [8975/9173] Built OAI.Combinatorics.MatchingCount.Graphs.LabelCycle (16s)
✔ [8976/9173] Built OAI.Combinatorics.MatchingCount.Arithmetic.PostComparison (7.2s)
✔ [8977/9202] Built OAI.Combinatorics.MatchingCount.Arithmetic.PostAddition (7.3s)
✔ [8978/9202] Built OAI.Combinatorics.MatchingCount.Sampling.PM (12s)
✔ [8979/9207] Built OAI.Combinatorics.MatchingCount.Graphs.Edge (22s)
✔ [8980/9207] Built OAI.Combinatorics.MatchingCount.Arithmetic.BinarySubtract (16s)
✔ [8981/9207] Built OAI.Combinatorics.MatchingCount.Graphs.Cumulative (12s)
✔ [8982/9207] Built OAI.Combinatorics.MatchingCount.Sampling.IntervalPattern (19s)
✔ [8983/9207] Built OAI.Combinatorics.MatchingCount.Graphs.PathStrength (22s)
✔ [8984/9233] Built OAI.Combinatorics.MatchingCount.Tapes.RunBits (17s)
✔ [8985/9244] Built OAI.Combinatorics.ContingencyTables.Sampling.GreedyFeasibleTable (2.7s)
✔ [8986/9249] Built OAI.Combinatorics.ContingencyTables.Dense.GridBoundary (4.2s)
✔ [8987/9251] Built OAI.Combinatorics.MatchingCount.Sampling.Components (13s)
✔ [8988/9251] Built OAI.Combinatorics.MatchingCount.Algorithm.AffineWeights (12s)
✔ [8989/9251] Built OAI.Combinatorics.ContingencyTables.PublishedInputs (4.2s)
✔ [8990/9251] Built OAI.Combinatorics.ContingencyTables.Dense.GridMeasure (5.3s)
✔ [8991/9251] Built OAI.Combinatorics.MatchingCount.Sampling.Underlying (15s)
✔ [8992/9251] Built OAI.Combinatorics.MatchingCount.Graphs.FillHoles (14s)
✔ [8993/9251] Built OAI.Combinatorics.MatchingCount.Sampling.Sewn (17s)
✔ [8994/9251] Built OAI.Combinatorics.ContingencyTables.Transport.BoxGeometry (4.0s)
✔ [8995/9251] Built OAI.Combinatorics.ContingencyTables.Dense.GridCover (5.7s)
✔ [8996/9251] Built OAI.Combinatorics.MatchingCount.Sampling.ChosenChord (12s)
✔ [8997/9251] Built OAI.Combinatorics.ContingencyTables.Dense.GridAdjacency (5.3s)
✔ [8998/9251] Built OAI.Combinatorics.MatchingCount.Graphs.ThresholdGraph (17s)
✔ [8999/9255] Built OAI.Combinatorics.ContingencyTables.Dense.DenseAxisProposal (4.1s)
✔ [9000/9255] Built OAI.Combinatorics.ContingencyTables.Dense.DenseWeights (3.8s)
✔ [9001/9255] Built OAI.Combinatorics.ContingencyTables.Transport.AffinePenalty (4.4s)
✔ [9002/9259] Built OAI.Combinatorics.MatchingCount.Graphs.SumLiftMate (10s)
✔ [9003/9259] Built OAI.Combinatorics.MatchingCount.Graphs.Cycle (13s)
✔ [9004/9262] Built OAI.Combinatorics.ContingencyTables.Dense.AffineRegion (3.8s)
✔ [9005/9262] Built OAI.Combinatorics.ContingencyTables.Dense.DenseAffine (4.3s)
✔ [9006/9262] Built OAI.Combinatorics.ContingencyTables.Dense.DenseScales (4.3s)
✔ [9007/9262] Built OAI.Combinatorics.MatchingCount.Graphs.Profile (10s)
✔ [9008/9262] Built OAI.Combinatorics.ContingencyTables.Dense.AffineRegionVolume (6.5s)
✔ [9009/9262] Built OAI.Combinatorics.ContingencyTables.Transport.RealCompletion (6.6s)
✔ [9010/9264] Built OAI.Combinatorics.MatchingCount.Sampling.Through (12s)
✔ [9011/9265] Built OAI.Combinatorics.ContingencyTables.Dense.DenseCoefficients (6.6s)
✔ [9012/9266] Built OAI.Combinatorics.ContingencyTables.Dense.GridMass (6.8s)
✔ [9013/9268] Built OAI.Combinatorics.MatchingCount.Graphs.HoleBlocks (17s)
✔ [9014/9268] Built OAI.Combinatorics.ContingencyTables.Dense.DenseRegularity (7.0s)
✔ [9015/9272] Built OAI.Combinatorics.ContingencyTables.Dense.GridPartition (4.4s)
✔ [9016/9272] Built OAI.Combinatorics.ContingencyTables.Dense.GridConductance (5.5s)
✔ [9017/9274] Built OAI.Combinatorics.MatchingCount.Graphs.SafeSwitch (26s)
✔ [9018/9274] Built OAI.Combinatorics.ContingencyTables.Dense.DenseCutParameters (4.8s)
✔ [9019/9274] Built OAI.Combinatorics.ContingencyTables.Dense.DenseGeometry (3.6s)
✔ [9020/9274] Built OAI.Combinatorics.MatchingCount.Graphs.FirstHoleSortedCons (8.7s)
✔ [9021/9274] Built OAI.Combinatorics.ContingencyTables.Dense.GridCutFlow (5.4s)
✔ [9022/9287] Built OAI.Combinatorics.ContingencyTables.Dense.DenseGrid (5.3s)
✔ [9023/9287] Built OAI.Combinatorics.ContingencyTables.Dense.DensityLayers (3.0s)
✔ [9024/9287] Built OAI.Combinatorics.ContingencyTables.Dense.DenseInteriorVolume (6.6s)
✔ [9025/9292] Built OAI.Combinatorics.MatchingCount.Sampling.ComponentOrder (13s)
✔ [9026/9293] Built OAI.Combinatorics.ContingencyTables.Dense.GridMinCut (7.5s)
✔ [9027/9295] Built OAI.Combinatorics.MatchingCount.Graphs.PathActivity (14s)
✔ [9028/9295] Built OAI.Combinatorics.ContingencyTables.Transport.FiniteMetropolis (3.1s)
✔ [9029/9295] Built OAI.Combinatorics.MatchingCount.Sampling.EndpointPair (15s)
✔ [9030/9295] Built OAI.Combinatorics.ContingencyTables.Machines.FiniteWordWalk (4.2s)
✔ [9031/9295] Built OAI.Combinatorics.MatchingCount.Graphs.HoleStrength (15s)
✔ [9032/9298] Built OAI.Combinatorics.MatchingCount.Graphs.Related (16s)
✔ [9033/9301] Built OAI.Combinatorics.MatchingCount.Graphs.Height (13s)
✔ [9034/9301] Built OAI.Combinatorics.MatchingCount.Graphs.Incident (16s)
✔ [9035/9304] Built OAI.Combinatorics.MatchingCount.Probability.Variance (24s)
✔ [9036/9304] Built OAI.Combinatorics.ContingencyTables.Machines.FairBits (6.4s)
✔ [9037/9305] Built OAI.Combinatorics.MatchingCount.Graphs.EdgeLow (15s)
✔ [9038/9308] Built OAI.Combinatorics.MatchingCount.Sampling.TierClamp (17s)
✔ [9039/9308] Built OAI.Combinatorics.ContingencyTables.Transport.BoundedOffsetLaw (5.6s)
✔ [9040/9314] Built OAI.Combinatorics.MatchingCount.Arithmetic.ArithmeticSize (20s)
✔ [9041/9321] Built OAI.Combinatorics.ContingencyTables.Machines.FiniteWordRejection (3.8s)
✔ [9042/9321] Built OAI.Combinatorics.ContingencyTables.Transport.FiniteScaledDraw (3.1s)
✔ [9043/9321] Built OAI.Combinatorics.MatchingCount.Graphs.MatchingMap (16s)
✔ [9044/9321] Built OAI.Combinatorics.MatchingCount.Sampling.RelationDestinations (14s)
✔ [9045/9321] Built OAI.Combinatorics.ContingencyTables.Machines.FiniteWordPadding (2.8s)
✔ [9046/9321] Built OAI.Combinatorics.MatchingCount.Machines.RegisterProc (14s)
✔ [9047/9321] Built OAI.Combinatorics.MatchingCount.Machines.FiniteStore (13s)
✔ [9048/9321] Built OAI.Combinatorics.MatchingCount.Probability.LocalVariance (22s)
✔ [9049/9321] Built OAI.Combinatorics.MatchingCount.Sampling.Certify (22s)
✔ [9050/9321] Built OAI.Combinatorics.MatchingCount.Machines.RegisterTree (12s)
✔ [9051/9321] Built OAI.Combinatorics.MatchingCount.Arithmetic.SubtractProc (11s)
✔ [9052/9321] Built OAI.Combinatorics.MatchingCount.Graphs.PushedFlow (16s)
✔ [9053/9321] Built OAI.Combinatorics.MatchingCount.Machines.TreePairProposal (14s)
✔ [9054/9328] Built OAI.Combinatorics.MatchingCount.Sampling.Component (13s)
✔ [9055/9328] Built OAI.Combinatorics.MatchingCount.Machines.TreeMachine (8.8s)
✔ [9056/9328] Built OAI.Combinatorics.ContingencyTables.Transport.RationalWalkApproximation (2.5s)
✔ [9057/9328] Built OAI.Combinatorics.MatchingCount.Machines.TreeFrame (6.9s)
✔ [9058/9328] Built OAI.Combinatorics.MatchingCount.Graphs.Evolve (11s)
✔ [9059/9330] Built OAI.Combinatorics.MatchingCount.Machines.TreeFunction (8.0s)
✔ [9060/9330] Built OAI.Combinatorics.ContingencyTables.Transport.CompletionStepApproximation (1.9s)
✔ [9061/9339] Built OAI.Combinatorics.MatchingCount.Arithmetic.BinaryNormalize (6.0s)
✔ [9062/9340] Built OAI.Combinatorics.MatchingCount.Machines.TreeCompiler (7.1s)
✔ [9063/9340] Built OAI.Combinatorics.ContingencyTables.Transport.CompletionProposalLaw (2.7s)
✔ [9064/9341] Built OAI.Combinatorics.MatchingCount.Sampling.LadderL (8.9s)
✔ [9065/9341] Built OAI.Combinatorics.MatchingCount.Machines.TreeLookup (7.0s)
✔ [9066/9344] Built OAI.Combinatorics.ContingencyTables.Transport.CompletionKernelIdentification (2.3s)
✔ [9067/9349] Built OAI.Combinatorics.MatchingCount.Machines.RegisterControl (7.2s)
✔ [9068/9349] Built OAI.Combinatorics.ContingencyTables.Transport.FinitePartialDraw (2.2s)
✔ [9069/9349] Built OAI.Combinatorics.ContingencyTables.Transport.FiniteLawDecidableEq (1.8s)
✔ [9070/9355] Built OAI.Combinatorics.ContingencyTables.Transport.ListBitProposal (2.3s)
✔ [9071/9437] Built OAI.Combinatorics.MatchingCount.Machines.RegisterStructured (7.3s)
✔ [9072/9437] Built OAI.Combinatorics.MatchingCount.Graphs.PM (8.6s)
✔ [9073/9442] Built OAI.Combinatorics.ContingencyTables.AlgorithmStatements (7.1s)
✔ [9074/9445] Built OAI.Combinatorics.ContingencyTables.Sampling.FirstPaperOuterBudget (6.6s)
✔ [9075/9447] Built OAI.Combinatorics.ContingencyTables.Machines.FiniteWordDependent (3.1s)
✔ [9076/9453] Built OAI.Combinatorics.ContingencyTables.Transport.UniformPartialRejection (4.7s)
✔ [9077/9461] Built OAI.Combinatorics.ContingencyTables.Transport.WordCompletionStep (2.5s)
✔ [9078/9466] Built OAI.Combinatorics.ContingencyTables.Transport.FiniteDependentApproximation (2.3s)
✔ [9079/9469] Built OAI.Combinatorics.ContingencyTables.Transport.StarReindex (2.2s)
✔ [9080/9472] Built OAI.Combinatorics.MatchingCount.Graphs.Marked (14s)
✔ [9081/9472] Built OAI.Combinatorics.ContingencyTables.Transport.FiniteProposalStay (1.9s)
✔ [9082/9515] Built OAI.Combinatorics.ContingencyTables.Transport.CompletionDecisionReindex (2.2s)
✔ [9083/9515] Built OAI.Combinatorics.ContingencyTables.Transport.FiniteDeterministicJoint (1.0s)
✔ [9084/9530] Built OAI.Combinatorics.MatchingCount.Tapes.TapeTools (7.7s)
✔ [9085/9530] Built OAI.Combinatorics.MatchingCount.Probability.Tv (10s)
✔ [9086/9530] Built OAI.Combinatorics.MatchingCount.Graphs.AdaptiveStream (9.3s)
✔ [9087/9533] Built OAI.Combinatorics.ContingencyTables.Sampling.FirstPaperWordBudget (3.1s)
✔ [9088/9533] Built OAI.Combinatorics.MatroidCounting.CommonBases (493s)
✔ [9089/9533] Built OAI.Combinatorics.ContingencyTables.Machines.PublicInputLength (8.0s)
✔ [9090/9533] Built OAI.Combinatorics.MatchingCount.Sampling.MetropolisChoice (9.4s)
✔ [9091/9533] Built OAI.Combinatorics.MatchingCount.Graphs.EnlargementRun (10s)
✔ [9092/9533] Built OAI.Combinatorics.MatchingCount.Graphs.ExperimentSupport (6.9s)
✔ [9093/9533] Built OAI.Combinatorics.MatchingCount.Machines.PhysicalPost (8.0s)
✔ [9094/9533] Built OAI.Combinatorics.ContingencyTables.Dense.PublishedCheeger (6.3s)
✔ [9095/9533] Built OAI.Combinatorics.MatchingCount.Machines.PhysicalProcess (7.3s)
✔ [9096/9533] Built OAI.Combinatorics.MatchingCount.Sampling.PairStep (9.9s)
✔ [9097/9533] Built OAI.Combinatorics.MatchingCount.Machines.PhysicalRestriction (8.5s)
✔ [9098/9533] Built OAI.Combinatorics.ContingencyTables.Machines.BinaryContraction (13s)
✔ [9099/9533] Built OAI.Combinatorics.MatchingCount.Machines.CoinTM1 (6.0s)
✔ [9100/9533] Built OAI.Combinatorics.ContingencyTables.Transport.MetropolisChain (7.3s)
✔ [9101/9533] Built OAI.Combinatorics.MatchingCount.Machines.PhysicalSequential (6.9s)
✔ [9102/9535] Built OAI.Combinatorics.MatchingCount.Graphs.Admissible (10s)
✔ [9103/9535] Built OAI.Combinatorics.MatchingCount.Tapes.PhysicalAlphabet (7.3s)
✔ [9104/9535] Built OAI.Combinatorics.MatchingCount.Graphs.SafeTrace (8.2s)
✔ [9105/9535] Built OAI.Combinatorics.MatchingCount.Machines.CoinTM1Finite (9.0s)
✔ [9106/9535] Built OAI.Combinatorics.ContingencyTables.Transport.RecursiveSignedTransport (15s)
✔ [9107/9535] Built OAI.Combinatorics.ContingencyTables.Transport.FactorialSignatures (15s)
✔ [9108/9535] Built OAI.Combinatorics.ContingencyTables.Sampling.UnitGraphEnergy (7.0s)
✔ [9109/9535] Built OAI.Combinatorics.ContingencyTables.Dense.GridMetropolis (6.7s)
✔ [9110/9535] Built OAI.Combinatorics.ContingencyTables.Transport.RationalChainCast (6.1s)
✔ [9111/9535] Built OAI.Combinatorics.ContingencyTables.Transport.TranslatedCompletionChain (6.5s)
✔ [9112/9535] Built OAI.Combinatorics.MatchingCount.Graphs.Edge2 (8.0s)
✔ [9113/9535] Built OAI.Combinatorics.MatchingCount.Tapes.CoinAlphabet (6.9s)
✔ [9114/9535] Built OAI.Combinatorics.MatchingCount.Tapes.CoinStack (8.2s)
✔ [9115/9535] Built OAI.Combinatorics.MatchingCount.Tapes.Physical (6.2s)
✔ [9116/9535] Built OAI.Combinatorics.ContingencyTables.Transport.HardZeroTransport (6.8s)
✔ [9117/9535] Built OAI.Combinatorics.ContingencyTables.Transport.ProductIntegerSignature (7.5s)
✔ [9118/9535] Built OAI.Combinatorics.ContingencyTables.Transport.LabelledFactorial (8.5s)
✔ [9119/9535] Built OAI.Combinatorics.ContingencyTables.Transport.IntegerMarginal (10s)
✔ [9120/9535] Built OAI.Combinatorics.ContingencyTables.Dense.DenseChain (8.4s)
✔ [9121/9535] Built OAI.Combinatorics.ContingencyTables.Dense.DenseAxisBits (7.4s)
✔ [9122/9535] Built OAI.Combinatorics.ContingencyTables.Transport.RationalChainMixing (6.2s)
✔ [9123/9535] Built OAI.Combinatorics.ContingencyTables.Transport.CompletionChainFlow (6.8s)
✔ [9124/9535] Built OAI.Combinatorics.MatchingCount.Sampling.AssignmentEquiv (8.2s)
✔ [9125/9535] Built OAI.Combinatorics.MatchingCount.Machines.PhysicalProgram (6.0s)
✔ [9126/9535] Built OAI.Combinatorics.MatchingCount.Tapes.CoinSupport (8.6s)
✔ [9127/9535] Built OAI.Combinatorics.ContingencyTables.Transport.ScalarPenalty (7.2s)
✔ [9128/9535] Built OAI.Combinatorics.ContingencyTables.Transport.IntegerReflection (7.0s)
✔ [9129/9535] Built OAI.Combinatorics.ContingencyTables.Transport.IntegerWeightedTransport (7.5s)
✔ [9130/9535] Built OAI.Combinatorics.ContingencyTables.Transport.NestedProductSignature (9.4s)
✔ [9131/9535] Built OAI.Combinatorics.ContingencyTables.Transport.BalancedBox (7.5s)
✔ [9132/9535] Built OAI.Combinatorics.ContingencyTables.Transport.CompletionEnergyComparison (6.0s)
✔ [9133/9535] Built OAI.Combinatorics.ContingencyTables.Dense.DenseLocalGeometry (8.2s)
✔ [9134/9535] Built OAI.Combinatorics.MatchingCount.Tapes.OnlineStackCompiler (7.8s)
✔ [9135/9535] Built OAI.Combinatorics.MatchingCount.Sampling.RankOrder (9.4s)
✔ [9136/9535] Built OAI.Combinatorics.ContingencyTables.Transport.SliceFactorial (6.7s)
✔ [9137/9535] Built OAI.Combinatorics.ContingencyTables.Transport.IntegerSliceReindex (7.1s)
✔ [9138/9535] Built OAI.Combinatorics.ContingencyTables.Transport.IntegerBoxTruncation (6.2s)
✔ [9139/9535] Built OAI.Combinatorics.ContingencyTables.Transport.IntegerFutureSquare (13s)
✔ [9140/9535] Built OAI.Combinatorics.ContingencyTables.Transport.BalancedFamily (6.9s)
✔ [9141/9535] Built OAI.Combinatorics.ContingencyTables.Dense.DenseMixing (9.7s)
✔ [9142/9535] Built OAI.Combinatorics.ContingencyTables.Dense.DenseRegionVolume (9.6s)
✔ [9143/9535] Built OAI.Combinatorics.MatchingCount.Tapes.Online (8.8s)
✔ [9144/9535] Built OAI.Combinatorics.MatchingCount.Sampling.Plan (10s)
✔ [9145/9535] Built OAI.Combinatorics.ContingencyTables.Transport.IntegerSliceRestriction (6.9s)
✔ [9146/9535] Built OAI.Combinatorics.MatchingCount.Machines.TableLookup (7.5s)
✔ [9147/9535] Built OAI.Combinatorics.ContingencyTables.Transport.IntegerPairRecursion (7.8s)
✔ [9148/9535] Built OAI.Combinatorics.ContingencyTables.Transport.IntegerFutureKernel (7.5s)
✔ [9149/9535] Built OAI.Combinatorics.ContingencyTables.Transport.NestedPenaltyApplication (7.7s)
✔ [9150/9535] Built OAI.Combinatorics.ContingencyTables.Transport.EqualitySoftening (7.4s)
✔ [9151/9535] Built OAI.Combinatorics.ContingencyTables.Transport.BalancedEnumeration (6.7s)
✔ [9152/9535] Built OAI.Combinatorics.ContingencyTables.Dense.DenseErrorArithmetic (7.9s)
✔ [9153/9535] Built OAI.Combinatorics.ContingencyTables.Dense.DenseReindexedVolume (6.9s)
✔ [9154/9535] Built OAI.Combinatorics.ContingencyTables.Dense.DenseLayerArithmetic (9.5s)
✔ [9155/9535] Built OAI.Combinatorics.MatchingCount.Tapes.OnlineComposition (7.1s)
✔ [9156/9535] Built OAI.Combinatorics.ContingencyTables.Transport.IntegerContextSlices (6.3s)
✔ [9157/9535] Built OAI.Combinatorics.ContingencyTables.Transport.IntegerTransportLevels (6.6s)
✔ [9158/9535] Built OAI.Combinatorics.MatchingCount.Tapes.TreeBits (7.1s)
✔ [9159/9535] Built OAI.Combinatorics.MatchingCount.Graphs.RemainingBags (10s)
✔ [9160/9535] Built OAI.Combinatorics.ContingencyTables.Transport.IntegerLeafTransport (6.7s)
✔ [9161/9535] Built OAI.Combinatorics.ContingencyTables.Transport.ReflectedSlices (7.7s)
✔ [9162/9535] Built OAI.Combinatorics.ContingencyTables.Transport.IntegerExposure (7.4s)
✔ [9163/9535] Built OAI.Combinatorics.ContingencyTables.Transport.RowColumnPenalties (9.3s)
✔ [9164/9535] Built OAI.Combinatorics.ContingencyTables.Rooted.LargePairEnumeration (7.7s)
✔ [9165/9535] Built OAI.Combinatorics.MatchingCount.Machines.OnlineControl (6.7s)
✔ [9166/9535] Built OAI.Combinatorics.ContingencyTables.Dense.DenseNormalizer (8.1s)
✔ [9167/9535] Built OAI.Combinatorics.MatchingCount.Arithmetic.TreeNumberOps (7.6s)
✔ [9168/9535] Built OAI.Combinatorics.MatchingCount.Sampling.Sym2Order (10s)
✔ [9169/9535] Built OAI.Combinatorics.ContingencyTables.Transport.IntegerRootEstimate (8.4s)
✔ [9170/9535] Built OAI.Combinatorics.ContingencyTables.Transport.ReflectedNested (7.3s)
✔ [9171/9535] Built OAI.Combinatorics.ContingencyTables.Transport.EqualityReindex (7.3s)
✔ [9172/9535] Built OAI.Combinatorics.ContingencyTables.Transport.IntegerRecursiveFlow (7.3s)
✔ [9173/9535] Built OAI.Combinatorics.ContingencyTables.Sampling.PhysicalLargeProfiles (6.5s)
✔ [9174/9535] Built OAI.Combinatorics.ContingencyTables.Sampling.PaddedCompletions (6.0s)
✔ [9175/9535] Built OAI.Combinatorics.ContingencyTables.Machines.OnlineRetryPrefix (6.7s)
✔ [9176/9535] Built OAI.Combinatorics.MatchingCount.Arithmetic.TreeSubtract (6.5s)
✔ [9177/9535] Built OAI.Combinatorics.MatchingCount.Arithmetic.TreeCompare (6.7s)
✔ [9178/9535] Built OAI.Combinatorics.ContingencyTables.Dense.DenseGoodBins (7.4s)
✔ [9179/9535] Built OAI.Combinatorics.MatchingCount.Machines.TreeTyped (6.0s)
✔ [9180/9535] Built OAI.Combinatorics.ContingencyTables.Transport.NestedReindex (7.4s)
✔ [9181/9535] Built OAI.Combinatorics.MatchingCount.Sampling.DiscreteLadderSteps (8.1s)
✔ [9182/9535] Built OAI.Combinatorics.ContingencyTables.Transport.IntegerCorrectionKernel (7.3s)
✔ [9183/9535] Built OAI.Combinatorics.ContingencyTables.Transport.IntegerLeafEnergy (8.0s)
✔ [9184/9535] Built OAI.Combinatorics.ContingencyTables.Machines.OnlinePartialCall (6.8s)
✔ [9185/9535] Built OAI.Combinatorics.ContingencyTables.Transport.CompletionCounts (7.4s)
✔ [9186/9536] Built OAI.Combinatorics.MatchingCount.Machines.TreeChoice (6.9s)
✔ [9187/9536] Built OAI.Combinatorics.ContingencyTables.Dense.DenseAcceptance (7.1s)
✔ [9188/9536] Built OAI.Combinatorics.ContingencyTables.Transport.FiniteSymmetricEnergy (6.7s)
✔ [9189/9536] Built OAI.Combinatorics.ContingencyTables.Transport.FiniteExchangeDegree (6.9s)
✔ [9190/9536] Built OAI.Combinatorics.MatchingCount.Machines.TreeFold (8.8s)
✔ [9191/9536] Built OAI.Combinatorics.ContingencyTables.Transport.IntegerRecursivePotential (8.6s)
✔ [9192/9536] Built OAI.Combinatorics.ContingencyTables.Sampling.FirstPaperProfiles (6.7s)
✔ [9193/9536] Built OAI.Combinatorics.ContingencyTables.Sampling.RepairResiduals (6.7s)
✔ [9194/9536] Built OAI.Combinatorics.MatchingCount.Machines.TreePartialChoice (6.8s)
✔ [9195/9536] Built OAI.Combinatorics.ContingencyTables.Transport.RectangleCompletions (7.2s)
✔ [9196/9536] Built OAI.Combinatorics.ContingencyTables.Dense.DenseIntegerTable (6.9s)
✔ [9197/9536] Built OAI.Combinatorics.ContingencyTables.Transport.FiniteSupportEnergy (6.0s)
✔ [9198/9536] Built OAI.Combinatorics.ContingencyTables.Transport.FiniteRepairDegree (6.2s)
✔ [9199/9536] Built OAI.Combinatorics.ContingencyTables.Transport.IntegerExchangeArithmetic (6.4s)
✔ [9200/9536] Built OAI.Combinatorics.ContingencyTables.Transport.FiniteExchangeObservables (6.8s)
✔ [9201/9541] Built OAI.Combinatorics.MatchingCount.Machines.TreeList (7.8s)
✔ [9202/9541] Built OAI.Combinatorics.ContingencyTables.Sampling.RepairFibres (7.0s)
✔ [9203/9541] Built OAI.Combinatorics.ContingencyTables.Transport.IntegerRootTransport (7.1s)
✔ [9204/9541] Built OAI.Combinatorics.ContingencyTables.Dense.DenseOffsets (8.5s)
✔ [9205/9541] Built OAI.Combinatorics.MatchingCount.Complexity.TreePolynomial (9.9s)
✔ [9206/9542] Built OAI.Combinatorics.MatchingCount.Machines.TreeRepeat (10s)
✔ [9207/9542] Built OAI.Combinatorics.ContingencyTables.Transport.IntegerTransportCoefficient (8.5s)
✔ [9208/9542] Built OAI.Combinatorics.MatchingCount.Arithmetic.TreeNatDivision (10s)
✔ [9209/9543] Built OAI.Combinatorics.ContingencyTables.Transport.IntegerTransportLimit (10s)
✔ [9210/9543] Built OAI.Combinatorics.ContingencyTables.Sampling.FirstPaperPhysicalMarginal (23s)
✔ [9211/9543] Built OAI.Combinatorics.ContingencyTables.Dense.DenseTrial (7.1s)
✔ [9212/9543] Built OAI.Combinatorics.MatchingCount.Complexity.TreePolynomialArithmetic (7.7s)
✔ [9213/9543] Built OAI.Combinatorics.MatchingCount.Machines.TreeListOps (6.0s)
✔ [9214/9543] Built OAI.Combinatorics.MatchingCount.Machines.TreeNaturalComb (6.7s)
✔ [9215/9543] Built OAI.Combinatorics.ContingencyTables.Transport.IntegerTruncatedTransport (7.3s)
✔ [9216/9543] Built OAI.Combinatorics.ContingencyTables.Transport.IntegerChildLogConcavity (7.7s)
✔ [9217/9543] Built OAI.Combinatorics.ContingencyTables.Sampling.FirstPaperContextTransport (6.7s)
✔ [9218/9543] Built OAI.Combinatorics.ContingencyTables.Sampling.PhysicalCompletionFibres (7.7s)
✔ [9219/9545] Built OAI.Combinatorics.ContingencyTables.Dense.DenseTrialWeights (8.1s)
✔ [9220/9545] Built OAI.Combinatorics.MatchingCount.Machines.TreeListMore (7.0s)
✔ [9221/9549] Built OAI.Combinatorics.MatchingCount.Complexity.TreePolynomialLists (8.3s)
✔ [9222/9549] Built OAI.Combinatorics.MatchingCount.Machines.TreePredicate (7.0s)
✔ [9223/9549] Built OAI.Combinatorics.ContingencyTables.Transport.IntegerGraphTruncation (6.5s)
✔ [9224/9549] Built OAI.Combinatorics.ContingencyTables.Transport.IntegerAuxiliaryEnumeration (7.2s)
✔ [9225/9549] Built OAI.Combinatorics.ContingencyTables.Sampling.FirstPaperContextChildren (6.6s)
✔ [9226/9549] Built OAI.Combinatorics.ContingencyTables.Transport.IntegerChildVariance (9.1s)
✔ [9227/9549] Built OAI.Combinatorics.ContingencyTables.Transport.CompletionFibreTransport (6.6s)
✔ [9228/9549] Built OAI.Combinatorics.ContingencyTables.Sampling.SmallContextFibres (7.0s)
✔ [9229/9549] Built OAI.Combinatorics.ContingencyTables.Sampling.GreedyCellMachine (6.2s)
✔ [9230/9549] Built OAI.Combinatorics.ContingencyTables.Dense.DenseTrialAcceptance (9.1s)
✔ [9231/9549] Built OAI.Combinatorics.MatchingCount.Complexity.TreePolynomialLoop (6.7s)
✔ [9232/9549] Built OAI.Combinatorics.MatchingCount.Complexity.TreePolynomialDivision (7.1s)
✔ [9233/9549] Built OAI.Combinatorics.MatchingCount.Sampling.TreeDPEntry (8.0s)
✔ [9234/9552] Built OAI.Combinatorics.MatchingCount.Arithmetic.TreeGCD (7.5s)
✔ [9235/9552] Built OAI.Combinatorics.ContingencyTables.Sampling.FirstPaperContextBox (6.6s)
✔ [9236/9552] Built OAI.Combinatorics.ContingencyTables.Transport.ExcessPairCoordinates (7.2s)
✔ [9237/9553] Built OAI.Combinatorics.ContingencyTables.Transport.FiniteExposureVariance (6.9s)
✔ [9238/9553] Built OAI.Combinatorics.ContingencyTables.Sampling.SmallContextCoordinates (7.1s)
✔ [9239/9553] Built OAI.Combinatorics.ContingencyTables.Sampling.SmallContextCount (7.8s)
✔ [9240/9553] Built OAI.Combinatorics.ContingencyTables.Sampling.GreedyRowMachine (7.1s)
✔ [9241/9553] Built OAI.Combinatorics.ContingencyTables.Dense.DenseRational (7.4s)
✔ [9242/9553] Built OAI.Combinatorics.MatchingCount.Arithmetic.TreeFraction (7.2s)
✔ [9243/9553] Built OAI.Combinatorics.MatchingCount.Sampling.TreeDPCounts (7.8s)
✔ [9244/9553] Built OAI.Combinatorics.ContingencyTables.Transport.FiniteChainWeightVariance (6.6s)
✔ [9245/9553] Built OAI.Combinatorics.ContingencyTables.Transport.FiniteSupportVariance (6.5s)
✔ [9246/9553] Built OAI.Combinatorics.ContingencyTables.Transport.FinitePartitionVariance (6.9s)
✔ [9247/9553] Built OAI.Combinatorics.ContingencyTables.Sampling.SmallCoordinateSums (7.3s)
✔ [9248/9553] Built OAI.Combinatorics.ContingencyTables.Transport.RowMajorEnumeration (7.4s)
✔ [9249/9553] Built OAI.Combinatorics.ContingencyTables.Sampling.SmallContextEnumeration (8.1s)
✔ [9250/9553] Built OAI.Combinatorics.ContingencyTables.Sampling.GreedyRowComplexity (6.6s)
✔ [9251/9553] Built OAI.Combinatorics.ContingencyTables.Sampling.GreedyTableMachine (6.7s)
✔ [9252/9553] Built OAI.Combinatorics.ContingencyTables.Dense.DenseExponentArithmetic (7.5s)
✔ [9253/9553] Built OAI.Combinatorics.ContingencyTables.Transport.DyadicAcceptance (6.5s)
✔ [9254/9553] Built OAI.Combinatorics.MatchingCount.Complexity.TreePolynomialGCD (6.9s)
✔ [9255/9553] Built OAI.Combinatorics.ContingencyTables.Dense.DenseRationalTrial (9.3s)
✔ [9256/9553] Built OAI.Combinatorics.MatchingCount.Sampling.TreeCategorical (7.9s)
✔ [9257/9553] Built OAI.Combinatorics.ContingencyTables.Transport.FiniteChainGraphComparison (6.7s)
✔ [9258/9553] Built OAI.Combinatorics.ContingencyTables.Transport.FinitePrefixVariance (6.8s)
✔ [9259/9553] Built OAI.Combinatorics.ContingencyTables.Transport.FiniteChoiceFibres (6.3s)
✔ [9260/9553] Built OAI.Combinatorics.ContingencyTables.Sampling.FirstPaperChildMass (6.6s)
✔ [9261/9553] Built OAI.Combinatorics.ContingencyTables.Transport.ExcessContextProfiles (7.0s)
✔ [9262/9553] Built OAI.Combinatorics.ContingencyTables.Dense.DenseExponentBound (7.2s)
✔ [9263/9559] Built OAI.Combinatorics.ContingencyTables.Sampling.GreedyTableComplexity (8.1s)
✔ [9264/9563] Built OAI.Combinatorics.MatchingCount.Complexity.TreePolynomialCollections (8.2s)
✔ [9265/9563] Built OAI.Combinatorics.ContingencyTables.Dense.DenseIdealRejection (7.9s)
✔ [9266/9563] Built OAI.Combinatorics.ContingencyTables.Transport.FiniteExposureBudget (6.6s)
✔ [9267/9564] Built OAI.Combinatorics.ContingencyTables.Dense.DenseRationalKernel (8.2s)
✔ [9268/9564] Built OAI.Combinatorics.ContingencyTables.Transport.ContextWeightedEnumeration (6.3s)
✔ [9269/9564] Built OAI.Combinatorics.ContingencyTables.Transport.ExcessContextDefects (6.8s)
✔ [9270/9571] Built OAI.Combinatorics.ContingencyTables.Sampling.SmallGraphProfiles (6.4s)
✔ [9271/9571] Built OAI.Combinatorics.MatchingCount.Machines.TreeCanonical (7.8s)
✔ [9272/9574] Built OAI.Combinatorics.ContingencyTables.Dense.DenseFiniteTransition (6.9s)
✔ [9273/9574] Built OAI.Combinatorics.ContingencyTables.Transport.AuxiliaryRepairMass (7.3s)
✔ [9274/9574] Built OAI.Combinatorics.ContingencyTables.Dense.DenseBoundedTrial (8.6s)
✔ [9275/9577] Built OAI.Combinatorics.ContingencyTables.Sampling.SmallPatternArithmetic (7.7s)
✔ [9276/9577] Built OAI.Combinatorics.MatchingCount.Machines.TreeFinite (7.7s)
✔ [9277/9577] Built OAI.Combinatorics.ContingencyTables.Dense.DenseFiniteWalk (6.7s)
✔ [9278/9577] Built OAI.Combinatorics.ContingencyTables.Dense.DenseBooleanStep (6.8s)
✔ [9279/9577] Built OAI.Combinatorics.ContingencyTables.Transport.FiniteRepairVariance (7.2s)
✔ [9280/9577] Built OAI.Combinatorics.ContingencyTables.Transport.ContextAdjacentTransport (7.1s)
✔ [9281/9577] Built OAI.Combinatorics.ContingencyTables.Dense.DenseBooleanOffsets (6.5s)
✔ [9282/9577] Built OAI.Combinatorics.ContingencyTables.Dense.DenseBoundedRejection (7.6s)
✔ [9283/9577] Built OAI.Combinatorics.MatchingCount.Machines.TreeFiniteCollections (6.9s)
✔ [9284/9577] Built OAI.Combinatorics.MatchingCount.Complexity.TreeCostMeasure (7.7s)
✔ [9285/9584] Built OAI.Combinatorics.ContingencyTables.Dense.DenseBitBudget (6.8s)
✔ [9286/9584] Built OAI.Combinatorics.MatchingCount.Machines.TreeFiniteOps (7.4s)
✔ [9287/9584] Built OAI.Combinatorics.ContingencyTables.Dense.DenseBooleanWalk (6.0s)
✔ [9288/9584] Built OAI.Combinatorics.ContingencyTables.Transport.FiniteGraphPoincareBudget (9.1s)
✔ [9289/9584] Built OAI.Combinatorics.ContingencyTables.Transport.ContextChildVariance (7.7s)
✔ [9290/9585] Built OAI.Combinatorics.MatchingCount.Complexity.TreeNumericCosts (7.6s)
✔ [9291/9585] Built OAI.Combinatorics.MatchingCount.Machines.TreeColex (7.2s)
✔ [9292/9585] Built OAI.Combinatorics.MatchingCount.Machines.TreeFastLookup (6.4s)
✔ [9293/9585] Built OAI.Combinatorics.ContingencyTables.Dense.DenseBooleanTrial (6.8s)
✔ [9294/9589] Built OAI.Combinatorics.ContingencyTables.Sampling.SmallChainBudget (6.6s)
✔ [9295/9589] Built OAI.Combinatorics.ContingencyTables.Transport.ContextGraphMembership (7.2s)
✔ [9296/9589] Built OAI.Combinatorics.ContingencyTables.Sampling.FirstPaperExposureVariance (8.2s)
✔ [9297/9589] Built OAI.Combinatorics.MatchingCount.Complexity.TreePolyTactic (7.1s)
✔ [9298/9589] Built OAI.Combinatorics.MatchingCount.Complexity.TreePolynomialSums (8.3s)
✔ [9299/9589] Built OAI.Combinatorics.MatchingCount.Complexity.TreeCostTactic (7.2s)
✔ [9300/9592] Built OAI.Combinatorics.ContingencyTables.Sampling.ProfileExchangeProgram (7.1s)
✔ [9301/9592] Built OAI.Combinatorics.ContingencyTables.Dense.DenseBooleanDraw (6.8s)
✔ [9302/9592] Built OAI.Combinatorics.ContingencyTables.Sampling.SmallCompletionAcceptance (7.6s)
✔ [9303/9592] Built OAI.Combinatorics.ContingencyTables.Sampling.SmallProposal (7.8s)
✔ [9304/9592] Built OAI.Combinatorics.MatchingCount.Complexity.TreePolynomialGrid (7.5s)
✔ [9305/9592] Built OAI.Combinatorics.ContingencyTables.Sampling.PhysicalGraphVertices (8.2s)
✔ [9306/9592] Built OAI.Combinatorics.ContingencyTables.Transport.IntegerPropagation (7.2s)
✔ [9307/9592] Built OAI.Combinatorics.MatchingCount.Machines.TreeSum (8.3s)
✔ [9308/9594] Built OAI.Combinatorics.ContingencyTables.Dense.DenseIntegerProgram (6.7s)
✔ [9309/9594] Built OAI.Combinatorics.ContingencyTables.Sampling.ProfileExchangeCandidates (6.0s)
✔ [9310/9594] Built OAI.Combinatorics.ContingencyTables.Transport.MeasuredFold (7.3s)
✔ [9311/9594] Built OAI.Combinatorics.ContingencyTables.Dense.DenseMaximalReindex (6.8s)
✔ [9312/9594] Built OAI.Combinatorics.MatchingCount.Complexity.TreeFractionCosts (7.2s)
✔ [9313/9594] Built OAI.Combinatorics.ContingencyTables.Sampling.SmallProfileRepair (6.9s)
✔ [9314/9594] Built OAI.Combinatorics.ContingencyTables.Transport.FiniteAcceptCounts (6.8s)
✔ [9315/9594] Built OAI.Combinatorics.ContingencyTables.Transport.ContextGraphEnergy (11s)
✔ [9316/9594] Built OAI.Combinatorics.ContingencyTables.Transport.IntegerLaw (8.1s)
✔ [9317/9594] Built OAI.Combinatorics.MatchingCount.Machines.TreeIndex (7.1s)
✔ [9318/9596] Built OAI.Combinatorics.MatchingCount.Algorithm.OnlineScheduleNat (7.3s)
✔ [9319/9596] Built OAI.Combinatorics.MatchingCount.Machines.TreePostRealization (7.3s)
✔ [9320/9596] Built OAI.Combinatorics.MatchingCount.Machines.OnlineTree (7.4s)
✔ [9321/9596] Built OAI.Combinatorics.MatchingCount.Tapes.Codec (7.1s)
✔ [9322/9596] Built OAI.Combinatorics.ContingencyTables.Dense.DenseCompletionProgram (7.2s)
✔ [9323/9596] Built OAI.Combinatorics.ContingencyTables.Transport.MeasuredMap (7.5s)
✔ [9324/9596] Built OAI.Combinatorics.MatchingCount.Complexity.TreeChoiceCosts (7.4s)
✔ [9325/9596] Built OAI.Combinatorics.ContingencyTables.Sampling.ProfileRepairProgram (7.7s)
✔ [9326/9596] Built OAI.Combinatorics.ContingencyTables.Sampling.RepairLargeMass (7.1s)
✔ [9327/9596] Built OAI.Combinatorics.ContingencyTables.Dense.DenseTransitionCounts (7.1s)
✔ [9328/9596] Built OAI.Combinatorics.ContingencyTables.Sampling.PhysicalContextVariance (6.9s)
✔ [9329/9596] Built OAI.Combinatorics.ContingencyTables.Transport.IntegerEquivLaw (6.3s)
✔ [9330/9596] Built OAI.Combinatorics.MatchingCount.Machines.TreeProgramUnique (6.3s)
✔ [9331/9596] Built OAI.Combinatorics.ContingencyTables.Sampling.PhysicalPrefixEnergies (11s)
✔ [9332/9596] Built OAI.Combinatorics.MatchingCount.Machines.OnlinePhysicalProgram (6.6s)
✔ [9333/9596] Built OAI.Combinatorics.MatchingCount.Complexity.OnlineCost (6.7s)
✔ [9334/9596] Built OAI.Combinatorics.MatchingCount.Machines.OnlineFrame (7.1s)
✔ [9335/9596] Built OAI.Combinatorics.MatchingCount.Machines.OnlineFold (7.3s)
✔ [9336/9596] Built OAI.Combinatorics.MatchingCount.Tapes.Packed (7.0s)
✔ [9337/9596] Built OAI.Combinatorics.MatchingCount.Tapes.Parse (7.9s)
✔ [9338/9596] Built OAI.Combinatorics.MatchingCount.Machines.PhysicalProgramMap (6.4s)
✔ [9339/9596] Built OAI.Combinatorics.MatchingCount.Machines.PhysicalProgramSeal (6.8s)
✔ [9340/9596] Built OAI.Combinatorics.MatchingCount.Tapes.BlockMap (9.1s)
✔ [9341/9599] Built OAI.Combinatorics.ContingencyTables.Machines.ListWordProgram (6.9s)
✔ [9342/9601] Built OAI.Combinatorics.ContingencyTables.Machines.IntegerMatrixProgram (8.0s)
✔ [9343/9601] Built OAI.Combinatorics.ContingencyTables.Sampling.SmallCellIndexProgram (7.4s)
✔ [9344/9601] Built OAI.Combinatorics.ContingencyTables.Sampling.SmallRepairCapacity (6.4s)
✔ [9345/9601] Built OAI.Combinatorics.ContingencyTables.Sampling.RepairSmallMargins (6.7s)
✔ [9346/9601] Built OAI.Combinatorics.ContingencyTables.Transport.IntegerPushTransport (6.3s)
✔ [9347/9601] Built OAI.Combinatorics.ContingencyTables.Transport.BooleanIntegerLaw (6.8s)
✔ [9348/9601] Built OAI.Combinatorics.MatchingCount.Tapes.TreeEncodingInjective (6.5s)
✔ [9349/9601] Built OAI.Combinatorics.ContingencyTables.Transport.ChoiceContextEnumeration (6.7s)
✔ [9350/9601] Built OAI.Combinatorics.MatchingCount.Complexity.OnlineFrameCost (6.9s)
✔ [9351/9601] Built OAI.Combinatorics.MatchingCount.Complexity.OnlineFoldCost (6.7s)
✔ [9352/9601] Built OAI.Combinatorics.MatchingCount.Tapes.OnlineWord (6.6s)
✔ [9353/9601] Built OAI.Combinatorics.ContingencyTables.Sampling.GreedyPublicProgram (7.1s)
✔ [9354/9601] Built OAI.Combinatorics.ContingencyTables.Dense.DenseAxisProgram (6.9s)
✔ [9355/9604] Built OAI.Combinatorics.ContingencyTables.Machines.FirstSuccessProgram (6.8s)
✔ [9356/9604] Built OAI.Combinatorics.ContingencyTables.Machines.ScaledWordProgram (6.5s)
✔ [9357/9604] Built OAI.Combinatorics.ContingencyTables.Machines.DyadicWordProgram (6.5s)
✔ [9358/9604] Built OAI.Combinatorics.ContingencyTables.Transport.IntegerLawEmbedding (6.7s)
✔ [9359/9604] Built OAI.Combinatorics.ContingencyTables.Machines.NatListEquality (6.6s)
✔ [9360/9604] Built OAI.Combinatorics.ContingencyTables.Machines.BinaryPowerProgram (6.6s)
✔ [9361/9604] Built OAI.Combinatorics.ContingencyTables.Sampling.SmallCellCatalogProgram (7.9s)
✔ [9362/9604] Built OAI.Combinatorics.ContingencyTables.Sampling.PhysicalRepairMass (6.9s)
✔ [9363/9604] Built OAI.Combinatorics.MatchingCount.Tapes.PackedInverse (6.8s)
✔ [9364/9604] Built OAI.Combinatorics.ContingencyTables.Transport.RawSmallChoiceProperties (6.3s)
✔ [9365/9604] Built OAI.Combinatorics.ContingencyTables.Transport.RowMajorPrefixFibres (6.0s)
✔ [9366/9604] Built OAI.Combinatorics.MatchingCount.Complexity.OnlineWordCost (6.6s)
✔ [9367/9604] Built OAI.Combinatorics.ContingencyTables.Machines.MatrixEncoding (6.6s)
✔ [9368/9604] Built OAI.Combinatorics.ContingencyTables.Dense.DenseAxisSemantics (6.8s)
✔ [9369/9604] Built OAI.Combinatorics.ContingencyTables.Transport.IntegerMatrixPoint (6.7s)
✔ [9370/9604] Built OAI.Combinatorics.ContingencyTables.Machines.OffsetCountProgram (6.8s)
✔ [9371/9604] Built OAI.Combinatorics.ContingencyTables.Machines.RetryNumeratorProgram (7.3s)
✔ [9372/9604] Built OAI.Combinatorics.ContingencyTables.Transport.UnaryMarkers (6.4s)
✔ [9373/9604] Built OAI.Combinatorics.ContingencyTables.Machines.BoundedPowerProgram (6.3s)
✔ [9374/9604] Built OAI.Combinatorics.ContingencyTables.Sampling.SmallPatternProgram (7.0s)
✔ [9375/9604] Built OAI.Combinatorics.ContingencyTables.Machines.BinaryExchangeProgram (7.5s)
✔ [9376/9611] Built OAI.Combinatorics.ContingencyTables.Sampling.SmallViewLookupProgram (6.8s)
✔ [9377/9611] Built OAI.Combinatorics.MatchingCount.Tapes.PackedExecution (6.9s)
✔ [9378/9611] Built OAI.Combinatorics.ContingencyTables.Machines.FiniteWordExecution (6.3s)
✔ [9379/9611] Built OAI.Combinatorics.ContingencyTables.Transport.WordContextVariance (6.7s)
✔ [9380/9611] Built OAI.Combinatorics.ContingencyTables.Transport.FiniteGridWords (7.5s)
✔ [9381/9611] Built OAI.Combinatorics.ContingencyTables.Dense.DenseAxisWordProgram (6.6s)
✔ [9382/9611] Built OAI.Combinatorics.ContingencyTables.Machines.VectorRetryProgram (7.2s)
✔ [9383/9611] Built OAI.Combinatorics.ContingencyTables.Dense.DenseIntegerLaw (7.7s)
✔ [9384/9611] Built OAI.Combinatorics.ContingencyTables.Sampling.SmallBoundsProgram (6.6s)
✔ [9385/9611] Built OAI.Combinatorics.ContingencyTables.Sampling.SmallLineSumProgram (6.8s)
✔ [9386/9611] Built OAI.Combinatorics.ContingencyTables.Sampling.SmallRepairWords (6.8s)
✔ [9387/9611] Built OAI.Combinatorics.ContingencyTables.Machines.LiteralProgram (7.4s)
✔ [9388/9611] Built OAI.Combinatorics.ContingencyTables.Transport.AxisProposalTest (7.3s)
✔ [9389/9611] Built OAI.Combinatorics.ContingencyTables.Sampling.FirstPaperTransversalVariance (12s)
✔ [9390/9611] Built OAI.Combinatorics.ContingencyTables.Sampling.SmallComplementProgram (6.0s)
✔ [9391/9611] Built OAI.Combinatorics.ContingencyTables.Dense.DenseSuccessCounts (9.3s)
✔ [9392/9611] Built OAI.Combinatorics.ContingencyTables.Sampling.SmallDefectLabels (6.6s)
✔ [9393/9611] Built OAI.Combinatorics.ContingencyTables.Sampling.SmallBalancedEncoding (6.4s)
✔ [9394/9611] Built OAI.Combinatorics.ContingencyTables.Sampling.InverseSmallRepair (6.6s)
✔ [9395/9611] Built OAI.Combinatorics.ContingencyTables.Machines.FiniteWordMachine (6.9s)
✔ [9396/9611] Built OAI.Combinatorics.ContingencyTables.Sampling.PhysicalRepairGraph (9.8s)
✔ [9397/9613] Built OAI.Combinatorics.ContingencyTables.Sampling.GreedyPublicMachine (6.7s)
✔ [9398/9613] Built OAI.Combinatorics.ContingencyTables.Dense.GridIndexProgram (6.8s)
✔ [9399/9613] Built OAI.Combinatorics.ContingencyTables.Sampling.SmallMarginTestProgram (7.1s)
✔ [9400/9613] Built OAI.Combinatorics.ContingencyTables.Machines.PreparedOffsetCount (7.6s)
✔ [9401/9613] Built OAI.Combinatorics.ContingencyTables.Transport.BalancedCompletionMass (6.9s)
✔ [9402/9613] Built OAI.Combinatorics.ContingencyTables.Sampling.SmallProfileEncoding (7.0s)
✔ [9403/9616] Built OAI.Combinatorics.ContingencyTables.Sampling.ProfileInverseRepairProgram (7.1s)
✔ [9404/9622] Built OAI.Combinatorics.ContingencyTables.Machines.FiniteWordOutput (6.4s)
✔ [9405/9623] Built OAI.Combinatorics.ContingencyTables.Sampling.FirstPaperFullVariance (6.5s)
✔ [9406/9627] Built OAI.Combinatorics.ContingencyTables.Transport.BalancedJointConstruction (6.8s)
✔ [9407/9634] Built OAI.Combinatorics.ContingencyTables.Machines.FiniteWordTableLaw (6.6s)
✔ [9408/9634] Built OAI.Combinatorics.ContingencyTables.Sampling.FirstPaperPhysicalVariance (6.5s)
✔ [9409/9634] Built OAI.Combinatorics.ContingencyTables.Sampling.PhysicalGraphDegree (15s)
✔ [9410/9634] Built OAI.Combinatorics.ContingencyTables.Transport.IntegerResidualCorrection (6.9s)
✔ [9411/9634] Built OAI.Combinatorics.ContingencyTables.Transport.RealKernelApproximation (7.2s)
✔ [9412/9637] Built OAI.Combinatorics.ContingencyTables.Sampling.PhysicalResidualMargins (6.8s)
✔ [9413/9637] Built OAI.Combinatorics.ContingencyTables.Sampling.SmallRepairCandidates (7.8s)
✔ [9414/9637] Built OAI.Combinatorics.ContingencyTables.Machines.ResidualWeightProgram (6.7s)
✔ [9415/9637] Built OAI.Combinatorics.ContingencyTables.Sampling.PhysicalPaperCapacity (8.4s)
✔ [9416/9639] Built OAI.Combinatorics.ContingencyTables.Transport.ReferenceCompletionBlock (8.4s)
✔ [9417/9639] Built OAI.Combinatorics.ContingencyTables.Sampling.PhysicalMassBound (17s)
✔ [9418/9639] Built OAI.Combinatorics.ContingencyTables.Sampling.PhysicalOriginalResiduals (6.8s)
✔ [9419/9639] Built OAI.Combinatorics.ContingencyTables.Sampling.PhysicalSmallGraph (22s)
✔ [9420/9639] Built OAI.Combinatorics.ContingencyTables.Sampling.ExactIntegerChoice (7.2s)
✔ [9421/9639] Built OAI.Combinatorics.ContingencyTables.Transport.ReferenceCompletionBounds (7.9s)
✔ [9422/9645] Built OAI.Combinatorics.ContingencyTables.Machines.OnlineIntegerRetry (7.8s)
✔ [9423/9645] Built OAI.Combinatorics.ContingencyTables.Sampling.PhysicalExchangeMargins (6.5s)
✔ [9424/9645] Built OAI.Combinatorics.ContingencyTables.Transport.CompletionFibreEquiv (7.2s)
✔ [9425/9645] Built OAI.Combinatorics.ContingencyTables.Sampling.ExactIntegerProgram (7.1s)
✔ [9426/9645] Built OAI.Combinatorics.ContingencyTables.Sampling.PhysicalRetryIteration (7.1s)
✔ [9427/9649] Built OAI.Combinatorics.ContingencyTables.Sampling.PhysicalSmallEnergy (13s)
✔ [9428/9650] Built OAI.Combinatorics.ContingencyTables.Sampling.PhysicalRepairMargins (6.6s)
✔ [9429/9671] Built OAI.Combinatorics.ContingencyTables.Transport.ReferenceCompletionEntries (6.6s)
✔ [9430/9699] Built OAI.Combinatorics.ContingencyTables.Machines.GeometricRuntime (14s)
✔ [9431/9699] Built OAI.Combinatorics.ContingencyTables.Sampling.ExactIntegerRetry (7.7s)
✔ [9432/9699] Built OAI.Combinatorics.ContingencyTables.Machines.QuadraticPrefixRuntime (4.1s)
✔ [9433/9714] Built OAI.Combinatorics.ContingencyTables.Sampling.PhysicalCostPolynomial (6.9s)
✔ [9434/9714] Built OAI.Combinatorics.ContingencyTables.Sampling.PhysicalEdgeMargins (9.6s)
✔ [9435/9714] Built OAI.Combinatorics.ContingencyTables.Rooted.MaximumForest (2.5s)
✔ [9436/9714] Built OAI.Combinatorics.ContingencyTables.Sampling.PhysicalRetryTail (6.9s)
✔ [9437/9714] Built OAI.Combinatorics.ContingencyTables.Transport.TwoLiftStates (8.0s)
✔ [9438/9714] Built OAI.Combinatorics.ContingencyTables.Transport.ReferenceEdgeAcceptance (8.7s)
✔ [9439/9716] Built OAI.Combinatorics.ContingencyTables.Rooted.ForestCut (8.5s)
✔ [9440/9716] Built OAI.Combinatorics.ContingencyTables.Sampling.PhysicalPartialSequence (7.1s)
✔ [9441/9716] Built OAI.Combinatorics.ContingencyTables.Machines.OnlineRetryRuntime (6.9s)
✔ [9442/9721] Built OAI.Combinatorics.ContingencyTables.Machines.FixedCardinalityLaw (2.8s)
✔ [9443/9721] Built OAI.Combinatorics.ContingencyTables.Sampling.FirstPaperSmallChain (7.1s)
✔ [9444/9721] Built OAI.Combinatorics.ContingencyTables.Rooted.ForestCapacity (6.9s)
✔ [9445/9721] Built OAI.Combinatorics.ContingencyTables.Sampling.PhysicalPrefixTail (6.3s)
✔ [9446/9725] Built OAI.Combinatorics.ContingencyTables.Transport.FiniteRationalThreshold (6.8s)
✔ [9447/9725] Built OAI.Combinatorics.ContingencyTables.Transport.FiniteIndependentAverages (7.6s)
✔ [9448/9725] Built OAI.Combinatorics.ContingencyTables.Sampling.OriginalBalancedJoint (6.0s)
✔ [9449/9725] Built OAI.Combinatorics.ContingencyTables.Sampling.FirstPaperSmallMixing (7.3s)
✔ [9450/9725] Built OAI.Combinatorics.ContingencyTables.Transport.GraphIntegralCompletion (7.8s)
✔ [9451/9725] Built OAI.Combinatorics.ContingencyTables.Counting.InitializationBrackets (7.5s)
✔ [9452/9725] Built OAI.Combinatorics.ContingencyTables.Sampling.PhysicalEventBounds (7.7s)
✔ [9453/9725] Built OAI.Combinatorics.ContingencyTables.Transport.FiniteLawMoments (7.2s)
✔ [9454/9725] Built OAI.Combinatorics.ContingencyTables.Sampling.FirstPaperBinaryParameters (7.4s)
✔ [9455/9725] Built OAI.Combinatorics.ContingencyTables.Sampling.FirstPaperStationaryMass (6.0s)
✔ [9456/9725] Built OAI.Combinatorics.ContingencyTables.Transport.ReferenceDrawBounds (7.2s)
✔ [9457/9725] Built OAI.Combinatorics.ContingencyTables.Sampling.FirstPaperSmallKernel (6.8s)
✔ [9458/9725] Built OAI.Combinatorics.ContingencyTables.Transport.GraphCompletionUnique (7.0s)
✔ [9459/9725] Built OAI.Combinatorics.ContingencyTables.Sampling.PhysicalPublicLaw (6.8s)
✔ [9460/9725] Built OAI.Combinatorics.ContingencyTables.Machines.InitialLocalChoices (7.3s)
✔ [9461/9729] Built OAI.Combinatorics.ContingencyTables.Machines.FixedCardinalityBits (7.2s)
✔ [9462/9729] Built OAI.Combinatorics.ContingencyTables.Sampling.FirstPaperCorrectionBudget (7.0s)
✔ [9463/9729] Built OAI.Combinatorics.ContingencyTables.Sampling.FirstPaperInputWordBudget (7.2s)
✔ [9464/9729] Built OAI.Combinatorics.ContingencyTables.Sampling.FirstPaperSuccessRatio (8.1s)
✔ [9465/9729] Built OAI.Combinatorics.ContingencyTables.Sampling.FirstPaperProposal (7.6s)
✔ [9466/9729] Built OAI.Combinatorics.ContingencyTables.Sampling.FirstPaperRationalMixing (7.7s)
✔ [9467/9735] Built OAI.Combinatorics.ContingencyTables.Transport.GraphCompletionCounts (7.1s)
✔ [9468/9735] Built OAI.Combinatorics.ContingencyTables.Machines.FixedCardinalityMixture (7.4s)
✔ [9469/9735] Built OAI.Combinatorics.ContingencyTables.Machines.FixedCardinalityProgram (6.8s)
✔ [9470/9735] Built OAI.Combinatorics.ContingencyTables.Transport.PairedLabels (6.3s)
✔ [9471/9735] Built OAI.Combinatorics.ContingencyTables.Transport.SuccessfulJointBijection (7.9s)
✔ [9472/9735] Built OAI.Combinatorics.ContingencyTables.Sampling.FirstPaperBooleanProposal (6.9s)
✔ [9473/9735] Built OAI.Combinatorics.ContingencyTables.Sampling.FirstPaperJointLaw (6.4s)
✔ [9474/9735] Built OAI.Combinatorics.ContingencyTables.Rooted.ForestPhysicalCompletion (8.1s)
✔ [9475/9735] Built OAI.Combinatorics.ContingencyTables.Machines.FixedCardinalityFold (8.1s)
✔ [9476/9735] Built OAI.Combinatorics.ContingencyTables.Transport.InitialTransversals (8.2s)
✔ [9477/9735] Built OAI.Combinatorics.ContingencyTables.Sampling.AllSmallFibres (7.2s)
✔ [9478/9735] Built OAI.Combinatorics.ContingencyTables.Transport.ReferenceFiniteDraw (10s)
✔ [9479/9735] Built OAI.Combinatorics.ContingencyTables.Sampling.FirstPaperSuccessEvent (8.2s)
✔ [9480/9735] Built OAI.Combinatorics.ContingencyTables.Rooted.ForestPenaltyApplication (7.8s)
✔ [9481/9735] Built OAI.Combinatorics.ContingencyTables.Sampling.AllSmallChain (8.6s)
✔ [9482/9735] Built OAI.Combinatorics.ContingencyTables.Sampling.AllSmallInitialization (6.2s)
✔ [9483/9737] Built OAI.Combinatorics.ContingencyTables.Sampling.FirstPaperInitialization (6.3s)
✔ [9484/9737] Built OAI.Combinatorics.ContingencyTables.Sampling.FirstPaperIdealRejection (6.4s)
✔ [9485/9737] Built OAI.Combinatorics.ContingencyTables.Sampling.FirstPaperCompletionLaws (9.3s)
✔ [9486/9737] Built OAI.Combinatorics.ContingencyTables.Transport.StateSuccessEntries (6.2s)
✔ [9487/9737] Built OAI.Combinatorics.ContingencyTables.Rooted.ForestLargeMarginal (6.8s)
✔ [9488/9740] Built OAI.Combinatorics.ContingencyTables.Rooted.ForestLiteralCount (7.9s)
✔ [9489/9740] Built OAI.Combinatorics.ContingencyTables.Sampling.AllSmallRational (7.2s)
✔ [9490/9740] Built OAI.Combinatorics.ContingencyTables.Sampling.FirstPaperFeasibility (8.4s)
✔ [9491/9740] Built OAI.Combinatorics.ContingencyTables.Transport.InitialDefectChoices (10s)
✔ [9492/9740] Built OAI.Combinatorics.ContingencyTables.Sampling.FirstPaperIdealKernel (9.1s)
✔ [9493/9740] Built OAI.Combinatorics.ContingencyTables.Rooted.ForestRootPenalty (9.7s)
✔ [9494/9740] Built OAI.Combinatorics.ContingencyTables.Rooted.ForestAssignmentSplit (8.4s)
✔ [9495/9740] Built OAI.Combinatorics.ContingencyTables.Sampling.AllSmallBoolean (8.0s)
✔ [9496/9740] Built OAI.Combinatorics.ContingencyTables.Sampling.SmallResidualTotals (8.7s)
✔ [9497/9740] Built OAI.Combinatorics.ContingencyTables.Sampling.FirstPaperLocalNeighbors (13s)
✔ [9498/9740] Built OAI.Combinatorics.ContingencyTables.Counting.AnnealingMultipliers (15s)
✔ [9499/9740] Built OAI.Combinatorics.ContingencyTables.Sampling.FirstPaperCompletionComparison (10s)
✔ [9500/9740] Built OAI.Combinatorics.ContingencyTables.Sampling.SmallMarginSemantics (6.9s)
✔ [9501/9740] Built OAI.Combinatorics.ContingencyTables.Sampling.AllSmallOuter (9.2s)
✔ [9502/9740] Built OAI.Combinatorics.ContingencyTables.Rooted.ForestCountIdentification (14s)
✔ [9503/9754] Built OAI.Combinatorics.ContingencyTables.Sampling.FirstPaperLocalProposal (8.6s)
✔ [9504/9754] Built OAI.Combinatorics.ContingencyTables.Sampling.SmallProfileValidator (7.6s)
✔ [9505/9754] Built OAI.Combinatorics.ContingencyTables.Counting.CompanionBinPopulation (4.5s)
✔ [9506/9765] Built OAI.Combinatorics.ContingencyTables.Sampling.FirstPaperImplementedLaw (13s)
✔ [9507/9765] Built OAI.Combinatorics.ContingencyTables.Counting.CompanionFactorialApplication (8.9s)
✔ [9508/9767] Built OAI.Combinatorics.ContingencyTables.Transport.RationalRootBisection (4.2s)
✔ [9509/9767] Built OAI.Combinatorics.ContingencyTables.Sampling.SmallProfileCode (7.3s)
✔ [9510/9768] Built OAI.Combinatorics.ContingencyTables.Transport.FiniteLawRelativeError (6.6s)
✔ [9511/9768] Built OAI.Combinatorics.ContingencyTables.Sampling.FirstPaperBoundedLaw (7.3s)
✔ [9512/9768] Built OAI.Combinatorics.ContingencyTables.Transport.FiniteBiasedAverages (7.4s)
✔ [9513/9768] Built OAI.Combinatorics.ContingencyTables.Sampling.FirstPaperBooleanStep (10s)
✔ [9514/9768] Built OAI.Combinatorics.ContingencyTables.Rooted.ForestAffineCoefficients (7.5s)
✔ [9515/9768] Built OAI.Combinatorics.ContingencyTables.Counting.CompanionInitialization (6.7s)
✔ [9516/9768] Built OAI.Combinatorics.ContingencyTables.Transport.PowerOfTwoApproximation (5.2s)
✔ [9517/9768] Built OAI.Combinatorics.ContingencyTables.Counting.CompanionCellCatalogProgram (7.5s)
✔ [9518/9772] Built OAI.Combinatorics.ContingencyTables.Sampling.SmallRepairGeometryProgram (7.4s)
✔ [9519/9772] Built OAI.Combinatorics.ContingencyTables.Rooted.ForestPenaltyBound (9.0s)
✔ [9520/9772] Built OAI.Combinatorics.ContingencyTables.Sampling.SmallProfileFlatCode (6.0s)
✔ [9521/9774] Built OAI.Combinatorics.ContingencyTables.Transport.FiniteIndependentFailures (6.4s)
✔ [9522/9784] Built OAI.Combinatorics.ContingencyTables.Rooted.ForestAffineCompletion (8.5s)
✔ [9523/9784] Built OAI.Combinatorics.ContingencyTables.Sampling.FirstPaperBooleanDraw (12s)
✔ [9524/9784] Built OAI.Combinatorics.ContingencyTables.Counting.InitialMultiplierValues (8.3s)
✔ [9525/9785] Built OAI.Combinatorics.ContingencyTables.Counting.CompanionAnnealing (9.1s)
✔ [9526/9785] Built OAI.Combinatorics.ContingencyTables.Sampling.SmallRepairCodeProgram (7.0s)
✔ [9527/9785] Built OAI.Combinatorics.ContingencyTables.Sampling.ProfileCodeEquality (7.1s)
✔ [9528/9785] Built OAI.Combinatorics.ContingencyTables.Sampling.SmallExchangeListProgram (7.4s)
✔ [9529/9785] Built OAI.Combinatorics.ContingencyTables.Rooted.ForestScaledPenalty (8.1s)
✔ [9530/9785] Built OAI.Combinatorics.ContingencyTables.Transport.FiniteMedianConfidence (7.1s)
✔ [9531/9785] Built OAI.Combinatorics.ContingencyTables.Counting.CompanionMultiplierUpdate (7.5s)
✔ [9532/9790] Built OAI.Combinatorics.ContingencyTables.Sampling.FirstPaperFiniteSampler (8.6s)
✔ [9533/9792] Built OAI.Combinatorics.ContingencyTables.Counting.CompanionWarmStart (8.3s)
✔ [9534/9792] Built OAI.Combinatorics.ContingencyTables.Sampling.SmallDefectCodeTest (6.9s)
✔ [9535/9792] Built OAI.Combinatorics.ContingencyTables.Machines.MatrixCodeEquality (6.7s)
✔ [9536/9792] Built OAI.Combinatorics.ContingencyTables.Rooted.ForestScaledIdentification (7.6s)
✔ [9537/9792] Built OAI.Combinatorics.ContingencyTables.Counting.CompanionPhaseComposition (7.7s)
✔ [9538/9792] Built OAI.Combinatorics.ContingencyTables.Transport.FiniteCorrectionLaw (7.8s)
✔ [9539/9792] Built OAI.Combinatorics.ContingencyTables.Transport.InitialFactorialLaw (7.1s)
✔ [9540/9792] Built OAI.Combinatorics.ContingencyTables.Sampling.SmallRepairListProgram (7.1s)
✔ [9541/9792] Built OAI.Combinatorics.ContingencyTables.Sampling.OriginalTableCheck (7.3s)
✔ [9542/9792] Built OAI.Combinatorics.ContingencyTables.Rooted.ForestScaledBounds (9.7s)
✔ [9543/9792] Built OAI.Combinatorics.ContingencyTables.Counting.CompanionReferenceAccuracy (8.5s)
✔ [9544/9792] Built OAI.Combinatorics.ContingencyTables.Machines.InitialFactorialBits (7.7s)
✔ [9545/9800] Built OAI.Combinatorics.ContingencyTables.Sampling.SmallInverseRepairList (7.1s)
✔ [9546/9801] Built OAI.Combinatorics.ContingencyTables.Counting.CompanionOracleDensity (8.2s)
✔ [9547/9805] Built OAI.Combinatorics.ContingencyTables.Transport.FiniteProductAccuracy (7.7s)
✔ [9548/9805] Built OAI.Combinatorics.ContingencyTables.Counting.CompanionInitialDraw (7.7s)
✔ [9549/9812] Built OAI.Combinatorics.ContingencyTables.Sampling.FirstPaperCodeNeighbors (9.2s)
✔ [9550/9812] Built OAI.Combinatorics.ContingencyTables.Transport.DegreeCompletion (8.6s)
✔ [9551/9812] Built OAI.Combinatorics.ContingencyTables.Counting.CompanionOracleCut (8.7s)
✔ [9552/9812] Built OAI.Combinatorics.ContingencyTables.Transport.FiniteChainSlowdown (8.1s)
✔ [9553/9812] Built OAI.Combinatorics.ContingencyTables.Transport.RealPathApproximation (7.2s)
✔ [9554/9815] Built OAI.Combinatorics.ContingencyTables.Transport.PairedComplement (13s)
✔ [9555/9818] Built OAI.Combinatorics.ContingencyTables.Counting.CompanionOracleChain (12s)
✔ [9556/9819] Built OAI.Combinatorics.ContingencyTables.Machines.FiniteTraceSlowdown (11s)
✔ [9557/9819] Built OAI.Combinatorics.ContingencyTables.Sampling.FirstPaperCodeProposal (16s)
✔ [9558/9819] Built OAI.Combinatorics.ContingencyTables.Transport.FiniteDirectedBFS (2.1s)
✔ [9559/9819] Built OAI.Combinatorics.ContingencyTables.Counting.CompanionOracleMixing (8.9s)
✔ [9560/9819] Built OAI.Combinatorics.ContingencyTables.Sampling.OriginalProfileEntries (8.2s)
✔ [9561/9819] Built OAI.Combinatorics.ContingencyTables.Transport.DirectedBFSCode (2.0s)
✔ [9562/9819] Built OAI.Combinatorics.ContingencyTables.Transport.ObservableVariance (12s)
✔ [9563/9819] Built OAI.Combinatorics.ContingencyTables.Sampling.FirstPaperComputedCatalog (9.5s)
✔ [9564/9819] Built OAI.Combinatorics.ContingencyTables.Counting.CompanionOracleBudget (8.8s)
✔ [9565/9819] Built OAI.Combinatorics.ContingencyTables.Counting.CompanionOracleRational (8.7s)
✔ [9566/9819] Built OAI.Combinatorics.ContingencyTables.Machines.MatrixSubtractProgram (7.9s)
✔ [9567/9819] Built OAI.Combinatorics.ContingencyTables.Counting.CompanionOracleCorrection (8.9s)
✔ [9568/9819] Built OAI.Combinatorics.ContingencyTables.Machines.SparseViewMatrixProgram (7.4s)
✔ [9569/9819] Built OAI.Combinatorics.ContingencyTables.Sampling.FirstPaperPreparedProposal (7.4s)
✔ [9570/9819] Built OAI.Combinatorics.ContingencyTables.Transport.ObservableBounds (8.8s)
✔ [9571/9819] Built OAI.Combinatorics.ContingencyTables.Counting.CompanionOracleKernel (8.3s)
✔ [9572/9819] Built OAI.Combinatorics.ContingencyTables.Counting.CompanionOracleFibres (7.3s)
✔ [9573/9819] Built OAI.Combinatorics.ContingencyTables.Sampling.OriginalProfileProgram (7.5s)
✔ [9574/9819] Built OAI.Combinatorics.ContingencyTables.Sampling.PaddedResidualProgram (7.1s)
✔ [9575/9819] Built OAI.Combinatorics.ContingencyTables.Dense.DenseExponentProgram (6.9s)
✔ [9576/9819] Built OAI.Combinatorics.ContingencyTables.Transport.ComplementChain (9.3s)
✔ [9577/9819] Built OAI.Combinatorics.ContingencyTables.Counting.CompanionOracleFiniteStep (7.8s)
✔ [9578/9819] Built OAI.Combinatorics.ContingencyTables.Sampling.PaddedResidualSemantics (7.0s)
✔ [9579/9819] Built OAI.Combinatorics.ContingencyTables.Counting.CompanionOracleJointLaw (9.6s)
✔ [9580/9819] Built OAI.Combinatorics.ContingencyTables.Rooted.LargeMarginProgram (7.2s)
✔ [9581/9819] Built OAI.Combinatorics.ContingencyTables.Dense.DenseExponentListProgram (7.6s)
✔ [9582/9824] Built OAI.Combinatorics.ContingencyTables.Transport.TraceBounds (8.5s)
✔ [9583/9824] Built OAI.Combinatorics.ContingencyTables.Counting.CompanionRatioSamples (10s)
✔ [9584/9824] Built OAI.Combinatorics.ContingencyTables.Rooted.LargeMarginSemantics (6.0s)
✔ [9585/9824] Built OAI.Combinatorics.ContingencyTables.Dense.DenseExponentListSemantics (6.7s)
✔ [9586/9824] Built OAI.Combinatorics.ContingencyTables.Counting.CompanionBinIntervals (10s)
✔ [9587/9824] Built OAI.Combinatorics.ContingencyTables.Machines.MaximalListProgram (6.8s)
✔ [9588/9824] Built OAI.Combinatorics.ContingencyTables.Transport.ObservableTrajectory (7.5s)
✔ [9589/9824] Built OAI.Combinatorics.ContingencyTables.Machines.FractionAcceptanceProgram (6.4s)
✔ [9590/9824] Built OAI.Combinatorics.ContingencyTables.Dense.DenseCompletionTest (6.8s)
✔ [9591/9824] Built OAI.Combinatorics.ContingencyTables.Dense.DenseScaleCellProgram (6.0s)
✔ [9592/9827] Built OAI.Combinatorics.ContingencyTables.Counting.CompanionOracleDraw (9.4s)
✔ [9593/9827] Built OAI.Combinatorics.ContingencyTables.Counting.CompanionConcentration (9.3s)
✔ [9594/9827] Built OAI.Combinatorics.ContingencyTables.Machines.RationalIntervalProgram (8.1s)
✔ [9595/9831] Built OAI.Combinatorics.ContingencyTables.Dense.DenseCompletedMatrixProgram (8.2s)
✔ [9596/9831] Built OAI.Combinatorics.ContingencyTables.Transport.FiniteGraphRoots (7.3s)
✔ [9597/9831] Built OAI.Combinatorics.ContingencyTables.Dense.DenseScaleMatrixProgram (7.9s)
✔ [9598/9831] Built OAI.Combinatorics.ContingencyTables.Counting.CompanionCorrectionArithmetic (9.0s)
✔ [9599/9831] Built OAI.Combinatorics.ContingencyTables.Rooted.ForestIntegerEvaluation (8.8s)
✔ [9600/9831] Built OAI.Combinatorics.ContingencyTables.Rooted.RootedCompletion (8.3s)
✔ [9601/9831] Built OAI.Combinatorics.ContingencyTables.Dense.DenseOffsetProgram (8.1s)
✔ [9602/9831] Built OAI.Combinatorics.ContingencyTables.Machines.FiniteGraphRootProgram (10s)
✔ [9603/9831] Built OAI.Combinatorics.ContingencyTables.Dense.DenseGridExponentProgram (6.7s)
✔ [9604/9845] Built OAI.Combinatorics.ContingencyTables.Dense.DenseOffsetSemantics (7.1s)
✔ [9605/9845] Built OAI.Combinatorics.ContingencyTables.Rooted.RootedCut (7.1s)
✔ [9606/9845] Built OAI.Combinatorics.ContingencyTables.Rooted.ForestAffineProgram (7.5s)
✔ [9607/9845] Built OAI.Combinatorics.ContingencyTables.Counting.CompanionCorrectionSamples (11s)
✔ [9608/9845] Built OAI.Combinatorics.ContingencyTables.Transport.FiniteGraphRootSemantics (6.0s)
✔ [9609/9845] Built OAI.Combinatorics.ContingencyTables.Dense.DenseMatrixLayoutProgram (7.2s)
✔ [9610/9846] Built OAI.Combinatorics.ContingencyTables.Dense.DenseOffsetTrial (6.8s)
✔ [9611/9846] Built OAI.Combinatorics.ContingencyTables.Rooted.RootedAffine (8.6s)
✔ [9612/9853] Built OAI.Combinatorics.ContingencyTables.Machines.SignedPairProgram (7.3s)
✔ [9613/9853] Built OAI.Combinatorics.ContingencyTables.Counting.CompanionOracleSchedule (8.3s)
✔ [9614/9853] Built OAI.Combinatorics.ContingencyTables.Dense.DenseFlatExponentProgram (7.1s)
✔ [9615/9853] Built OAI.Combinatorics.ContingencyTables.Machines.FiniteGraphCutProgram (8.0s)
✔ [9616/9853] Built OAI.Combinatorics.ContingencyTables.Rooted.RootedPhysicalCompletion (7.3s)
✔ [9617/9853] Built OAI.Combinatorics.ContingencyTables.Counting.CompanionOracleEstimator (7.8s)
✔ [9618/9853] Built OAI.Combinatorics.ContingencyTables.Rooted.ForestPenaltyProgram (10s)
✔ [9619/9853] Built OAI.Combinatorics.ContingencyTables.Transport.FiniteGraphCutSemantics (6.8s)
✔ [9620/9862] Built OAI.Combinatorics.ContingencyTables.Dense.DenseMetropolisProgram (14s)
✔ [9621/9862] Built OAI.Combinatorics.ContingencyTables.Rooted.RootedIntervals (7.5s)
✔ [9622/9862] Built OAI.Combinatorics.ContingencyTables.Rooted.RootedPenalty (7.5s)
✔ [9623/9862] Built OAI.Combinatorics.ContingencyTables.Counting.CompanionEstimatorRange (10s)
✔ [9624/9862] Built OAI.Combinatorics.ContingencyTables.Dense.DenseCountProgram (7.8s)
✔ [9625/9862] Built OAI.Combinatorics.ContingencyTables.Counting.CompanionEstimatorConfidence (8.5s)
✔ [9626/9862] Built OAI.Combinatorics.ContingencyTables.Dense.DenseWordProgram (7.5s)
✔ [9627/9872] Built OAI.Combinatorics.ContingencyTables.Rooted.RootedLargeMarginal (7.0s)
✔ [9628/9872] Built OAI.Combinatorics.ContingencyTables.Rooted.RootedLiteralCount (7.8s)
✔ [9629/9872] Built OAI.Combinatorics.ContingencyTables.Counting.CompanionEstimatorWords (6.9s)
✔ [9630/9872] Built OAI.Combinatorics.ContingencyTables.Machines.PreparedDenseCount (8.9s)
✔ [9631/9874] Built OAI.Combinatorics.ContingencyTables.Sampling.ExactIntegerOnline (7.5s)
✔ [9632/9874] Built OAI.Combinatorics.ContingencyTables.Dense.DenseMetropolisSemantics (7.2s)
✔ [9633/9874] Built OAI.Combinatorics.ContingencyTables.Dense.DenseStepGrowth (6.7s)
✔ [9634/9874] Built OAI.Combinatorics.ContingencyTables.Machines.BooleanChunkProgram (7.1s)
✔ [9635/9874] Built OAI.Combinatorics.ContingencyTables.Rooted.RootedRootPenalty (8.2s)
✔ [9636/9874] Built OAI.Combinatorics.ContingencyTables.Counting.CompanionEstimatorAmplification (9.0s)
✔ [9637/9874] Built OAI.Combinatorics.ContingencyTables.Dense.DenseMatrixTable (9.4s)
✔ [9638/9874] Built OAI.Combinatorics.ContingencyTables.Rooted.RootedCountIdentification (14s)
✔ [9639/9874] Built OAI.Combinatorics.ContingencyTables.Sampling.ExactIntegerPhysical (6.5s)
✔ [9640/9874] Built OAI.Combinatorics.ContingencyTables.Machines.FractionAggregateProgram (7.4s)
✔ [9641/9874] Built OAI.Combinatorics.ContingencyTables.Dense.DenseWalkProgram (8.8s)
✔ [9642/9874] Built OAI.Combinatorics.ContingencyTables.Machines.FixedCardinalityFlat (6.8s)
✔ [9643/9874] Built OAI.Combinatorics.ContingencyTables.Machines.DependentWordProgram (7.2s)
✔ [9644/9874] Built OAI.Combinatorics.ContingencyTables.Rooted.RootedComponentProgram (7.5s)
✔ [9645/9874] Built OAI.Combinatorics.ContingencyTables.Counting.CompanionWeightOracle (7.4s)
✔ [9646/9874] Built OAI.Combinatorics.ContingencyTables.Rooted.RootedScaledPenalty (7.9s)
✔ [9647/9874] Built OAI.Combinatorics.ContingencyTables.Dense.DenseMatrixProgram (7.7s)
✔ [9648/9874] Built OAI.Combinatorics.ContingencyTables.Dense.DenseWalkSemantics (6.6s)
✔ [9649/9874] Built OAI.Combinatorics.ContingencyTables.Dense.DenseOffsetWidths (7.1s)
✔ [9650/9874] Built OAI.Combinatorics.ContingencyTables.Machines.InitialChoiceProgram (7.2s)
✔ [9651/9874] Built OAI.Combinatorics.ContingencyTables.Machines.NaturalBlockProgram (6.8s)
✔ [9652/9874] Built OAI.Combinatorics.ContingencyTables.Counting.CompanionRationalUpdates (7.9s)
✔ [9653/9874] Built OAI.Combinatorics.ContingencyTables.Rooted.RootedScaledIdentification (8.3s)
✔ [9654/9874] Built OAI.Combinatorics.ContingencyTables.Rooted.RootedIntegerEvaluation (8.9s)
✔ [9655/9874] Built OAI.Combinatorics.ContingencyTables.Dense.DenseMatrixWalk (7.0s)
✔ [9656/9874] Built OAI.Combinatorics.ContingencyTables.Dense.DenseBooleanWalkProgram (7.4s)
✔ [9657/9874] Built OAI.Combinatorics.ContingencyTables.Counting.CompanionPhaseWords (7.6s)
✔ [9658/9874] Built OAI.Combinatorics.ContingencyTables.Rooted.RootedCutReindex (6.9s)
✔ [9659/9874] Built OAI.Combinatorics.ContingencyTables.Rooted.RootedPenaltyProgram (7.0s)
✔ [9660/9874] Built OAI.Combinatorics.ContingencyTables.Rooted.RootedScaledBounds (10s)
✔ [9661/9874] Built OAI.Combinatorics.ContingencyTables.Dense.DenseEnumeratedMatrix (7.4s)
✔ [9662/9874] Built OAI.Combinatorics.ContingencyTables.Dense.DenseTrialProgram (8.6s)
✔ [9663/9877] Built OAI.Combinatorics.ContingencyTables.Rooted.RootedCoefficientProgram (8.9s)
✔ [9664/9877] Built OAI.Combinatorics.ContingencyTables.Rooted.RootedComponentSemantics (7.5s)
✔ [9665/9877] Built OAI.Combinatorics.ContingencyTables.Rooted.RootedOracleDensity (7.8s)
✔ [9666/9877] Built OAI.Combinatorics.ContingencyTables.Counting.CompanionPhaseOracleError (15s)
✔ [9667/9877] Built OAI.Combinatorics.ContingencyTables.Dense.DenseTrialSemantics (7.4s)
✔ [9668/9877] Built OAI.Combinatorics.ContingencyTables.Dense.DenseDrawProgram (7.5s)
✔ [9669/9877] Built OAI.Combinatorics.ContingencyTables.Rooted.RootedOffsetProgram (7.9s)
✔ [9670/9881] Built OAI.Combinatorics.ContingencyTables.Rooted.RootedComponentCode (7.2s)
✔ [9671/9881] Built OAI.Combinatorics.ContingencyTables.Rooted.RootedOracleCut (7.5s)
✔ [9672/9882] Built OAI.Combinatorics.ContingencyTables.Machines.TranslationDecisionProgram (9.8s)
✔ [9673/9882] Built OAI.Combinatorics.ContingencyTables.Rooted.RootedOracleCorrection (12s)
✔ [9674/9882] Built OAI.Combinatorics.ContingencyTables.Transport.BoxCompletion (9.3s)
✔ [9675/9882] Built OAI.Combinatorics.ContingencyTables.Counting.CompanionOracleAcceptance (12s)
✔ [9676/9882] Built OAI.Combinatorics.ContingencyTables.Dense.DenseDrawSemantics (6.8s)
✔ [9677/9882] Built OAI.Combinatorics.ContingencyTables.Rooted.RootedForestDataProgram (7.5s)
✔ [9678/9882] Built OAI.Combinatorics.ContingencyTables.Dense.DenseTableCoordinates (7.6s)
✔ [9679/9882] Built OAI.Combinatorics.ContingencyTables.Machines.SignedFloorProgram (10s)
✔ [9680/9882] Built OAI.Combinatorics.ContingencyTables.Transport.TranslationDecisionSemantics (6.8s)
✔ [9681/9882] Built OAI.Combinatorics.ContingencyTables.Rooted.RootedOracleRational (6.0s)
✔ [9682/9882] Built OAI.Combinatorics.ContingencyTables.Rooted.RootedOracleChain (10s)
✔ [9683/9882] Built OAI.Combinatorics.ContingencyTables.Transport.IndexedTableLaw (7.2s)
✔ [9684/9889] Built OAI.Combinatorics.ContingencyTables.Counting.CompanionBooleanPhase (7.9s)
✔ [9685/9889] Built OAI.Combinatorics.ContingencyTables.Dense.DenseSwapProgram (7.3s)
✔ [9686/9890] Built OAI.Combinatorics.ContingencyTables.Machines.BinIntervalProgram (7.0s)
✔ [9687/9890] Built OAI.Combinatorics.ContingencyTables.Rooted.RootedCellDataProgram (8.8s)
✔ [9688/9890] Built OAI.Combinatorics.ContingencyTables.Rooted.RootedOracleMixing (8.5s)
✔ [9689/9890] Built OAI.Combinatorics.ContingencyTables.Machines.TableIndexProgram (7.1s)
✔ [9690/9890] Built OAI.Combinatorics.ContingencyTables.Counting.CompanionArithmeticProposal (7.8s)
✔ [9691/9893] Built OAI.Combinatorics.ContingencyTables.Transport.DyadicRootBisection (8.2s)
✔ [9692/9893] Built OAI.Combinatorics.ContingencyTables.Dense.DenseNormalizeProgram (8.1s)
✔ [9693/9893] Built OAI.Combinatorics.ContingencyTables.Counting.CompanionBooleanKernel (14s)
✔ [9694/9893] Built OAI.Combinatorics.ContingencyTables.Machines.BinVectorProgram (8.2s)
✔ [9695/9893] Built OAI.Combinatorics.ContingencyTables.Rooted.RootedForestCatalog (8.3s)
✔ [9696/9893] Built OAI.Combinatorics.ContingencyTables.Rooted.RootedOracleKernel (8.2s)
✔ [9697/9896] Built OAI.Combinatorics.ContingencyTables.Machines.CanonicalInitialEncoding (7.7s)
✔ [9698/9896] Built OAI.Combinatorics.ContingencyTables.Counting.CompanionChainValidator (8.1s)
✔ [9699/9896] Built OAI.Combinatorics.ContingencyTables.Machines.DyadicRootProgram (8.5s)
✔ [9700/9896] Built OAI.Combinatorics.ContingencyTables.Dense.DenseNormalizeSemantics (8.4s)
✔ [9701/9898] Built OAI.Combinatorics.ContingencyTables.Counting.CompanionPhaseTrajectory (8.4s)
✔ [9702/9898] Built OAI.Combinatorics.ContingencyTables.Rooted.RootedDemandProgram (10s)
✔ [9703/9898] Built OAI.Combinatorics.ContingencyTables.Rooted.RootedOracleFiniteStep (8.3s)
✔ [9704/9898] Built OAI.Combinatorics.ContingencyTables.Machines.PairedCatalogProgram (8.0s)
✔ [9705/9900] Built OAI.Combinatorics.ContingencyTables.Counting.CompanionNeighborProgram (8.0s)
✔ [9706/9900] Built OAI.Combinatorics.ContingencyTables.Machines.RoundedPowerProgram (7.0s)
✔ [9707/9900] Built OAI.Combinatorics.ContingencyTables.Dense.DenseCanonicalProgram (7.3s)
✔ [9708/9900] Built OAI.Combinatorics.ContingencyTables.Rooted.RootedTreeInputProgram (8.1s)
✔ [9709/9900] Built OAI.Combinatorics.ContingencyTables.Counting.CompanionArithmeticStep (10s)
✔ [9710/9900] Built OAI.Combinatorics.ContingencyTables.Rooted.RootedOracleDraw (9.7s)
✔ [9711/9900] Built OAI.Combinatorics.ContingencyTables.Machines.PairedProfileProgram (7.3s)
✔ [9712/9904] Built OAI.Combinatorics.ContingencyTables.Rooted.RootedRatioSamples (10s)
✔ [9713/9904] Built OAI.Combinatorics.ContingencyTables.Counting.CompanionOrderedProposal (7.8s)
✔ [9714/9904] Built OAI.Combinatorics.ContingencyTables.Transport.FiniteObservableTransport (6.8s)
✔ [9715/9904] Built OAI.Combinatorics.ContingencyTables.Machines.PowerApproximationProgram (7.0s)
✔ [9716/9904] Built OAI.Combinatorics.ContingencyTables.Machines.ResidualDenseProgram (6.7s)
✔ [9717/9904] Built OAI.Combinatorics.ContingencyTables.Machines.CompletionEnumerationProgram (10s)
✔ [9718/9908] Built OAI.Combinatorics.ContingencyTables.Dense.DenseCanonicalSemantics (7.1s)
✔ [9719/9910] Built OAI.Combinatorics.ContingencyTables.Counting.CompanionTraceWords (8.6s)
✔ [9720/9910] Built OAI.Combinatorics.ContingencyTables.Rooted.RootedCorrectionArithmetic (9.8s)
✔ [9721/9910] Built OAI.Combinatorics.ContingencyTables.Counting.CompanionCanonicalEncoding (8.8s)
✔ [9722/9910] Built OAI.Combinatorics.ContingencyTables.Machines.CorrectionValueProgram (7.7s)
✔ [9723/9910] Built OAI.Combinatorics.ContingencyTables.Sampling.PaddedEnumerationBounds (6.8s)
✔ [9724/9910] Built OAI.Combinatorics.ContingencyTables.Transport.BooleanEnumeration (7.0s)
✔ [9725/9910] Built OAI.Combinatorics.ContingencyTables.Dense.DenseWalkTabulation (7.5s)
✔ [9726/9912] Built OAI.Combinatorics.ContingencyTables.Sampling.OriginalTableEnumeration (13s)
✔ [9727/9912] Built OAI.Combinatorics.ContingencyTables.Rooted.LargeMarginReference (7.2s)
✔ [9728/9912] Built OAI.Combinatorics.ContingencyTables.Counting.CompanionTraceProgram (7.1s)
✔ [9729/9914] Built OAI.Combinatorics.ContingencyTables.Counting.EstimatorWordBanks (6.7s)
✔ [9730/9914] Built OAI.Combinatorics.ContingencyTables.Rooted.RootedForestPrepareProgram (38s)
✔ [9731/9914] Built OAI.Combinatorics.ContingencyTables.Dense.DenseReservedWord (18s)
✔ [9732/9916] Built OAI.Combinatorics.ContingencyTables.Dense.DenseTrialCountProgram (8.4s)
✔ [9733/9916] Built OAI.Combinatorics.ContingencyTables.Rooted.RootedCorrectionSamples (12s)
✔ [9734/9916] Built OAI.Combinatorics.ContingencyTables.Counting.CompanionComputedInitial (11s)
✔ [9735/9916] Built OAI.Combinatorics.ContingencyTables.Sampling.OriginalTableBox (7.7s)
✔ [9736/9916] Built OAI.Combinatorics.ContingencyTables.Transport.ListedCompletion (7.7s)
✔ [9737/9916] Built OAI.Combinatorics.ContingencyTables.Machines.MedianFractionProgram (7.0s)
✔ [9738/9916] Built OAI.Combinatorics.ContingencyTables.Rooted.RootedPenaltyEvaluateProgram (7.7s)
✔ [9739/9916] Built OAI.Combinatorics.ContingencyTables.Rooted.RootedOracleSchedule (7.4s)
✔ [9740/9920] Built OAI.Combinatorics.ContingencyTables.Transport.PairedProfileSemantics (8.9s)
✔ [9741/9920] Built OAI.Combinatorics.ContingencyTables.Dense.DenseCandidateCounts (18s)
✔ [9742/9920] Built OAI.Combinatorics.ContingencyTables.Counting.CompanionComputedProposal (10s)
✔ [9743/9920] Built OAI.Combinatorics.ContingencyTables.Sampling.ExactMatrixTrial (7.8s)
✔ [9744/9920] Built OAI.Combinatorics.ContingencyTables.Sampling.OriginalTableIndex (7.2s)
✔ [9745/9920] Built OAI.Combinatorics.ContingencyTables.Rooted.RootedPointPenaltyProgram (34s)
✔ [9746/9920] Built OAI.Combinatorics.ContingencyTables.Sampling.OriginalBoxLaw (7.6s)
✔ [9747/9920] Built OAI.Combinatorics.ContingencyTables.Rooted.RootedCatalogGrid (7.6s)
✔ [9748/9920] Built OAI.Combinatorics.ContingencyTables.Sampling.OriginalTableCardinality (19s)
✔ [9749/9920] Built OAI.Combinatorics.ContingencyTables.Transport.ListedDenseDraw (11s)
✔ [9750/9920] Built OAI.Combinatorics.ContingencyTables.Rooted.RootedOracleEstimator (7.9s)
✔ [9751/9920] Built OAI.Combinatorics.ContingencyTables.Rooted.RootedFactorialApplication (6.9s)
✔ [9752/9921] Built OAI.Combinatorics.ContingencyTables.Machines.PairedFactorialProgram (7.2s)
✔ [9753/9921] Built OAI.Combinatorics.ContingencyTables.Dense.DenseIndexedCounts (6.6s)
✔ [9754/9921] Built OAI.Combinatorics.ContingencyTables.Counting.CompanionPhaseCounts (8.3s)
✔ [9755/9921] Built OAI.Combinatorics.ContingencyTables.Sampling.ExactMatrixLimits (6.6s)
✔ [9756/9921] Built OAI.Combinatorics.ContingencyTables.Sampling.ExactMatrixLookup (6.9s)
✔ [9757/9921] Built OAI.Combinatorics.ContingencyTables.Rooted.RootedBinFramesProgram (9.2s)
✔ [9758/9921] Built OAI.Combinatorics.ContingencyTables.Machines.BinPopulationProgram (7.3s)
✔ [9759/9921] Built OAI.Combinatorics.ContingencyTables.Rooted.RootedCatalogStep (7.5s)
✔ [9760/9925] Built OAI.Combinatorics.ContingencyTables.Sampling.OriginalResidualVector (7.8s)
✔ [9761/9925] Built OAI.Combinatorics.ContingencyTables.Transport.ListedDenseProgramSemantics (9.2s)
✔ [9762/9928] Built OAI.Combinatorics.ContingencyTables.Transport.ListedReferenceDecision (11s)
✔ [9763/9928] Built OAI.Combinatorics.ContingencyTables.Rooted.RootedEstimatorConfidence (8.7s)
✔ [9764/9928] Built OAI.Combinatorics.ContingencyTables.Rooted.RootedEstimatorRange (10s)
✔ [9765/9928] Built OAI.Combinatorics.ContingencyTables.Rooted.RootedAnnealing (9.4s)
✔ [9766/9928] Built OAI.Combinatorics.ContingencyTables.Counting.CompanionMultiplierProgram (7.4s)
✔ [9767/9928] Built OAI.Combinatorics.ContingencyTables.Sampling.ExactMatrixTableLaw (7.7s)
✔ [9768/9928] Built OAI.Combinatorics.ContingencyTables.Rooted.RootedBinDrawLaw (8.3s)
✔ [9769/9928] Built OAI.Combinatorics.ContingencyTables.Rooted.RootedCatalogWalk (7.3s)
✔ [9770/9928] Built OAI.Combinatorics.ContingencyTables.Rooted.RootedOracleStepProgram (8.0s)
✔ [9771/9928] Built OAI.Combinatorics.ContingencyTables.Sampling.OriginalBoxPush (6.9s)
✔ [9772/9928] Built OAI.Combinatorics.ContingencyTables.Machines.FractionMetropolisProgram (7.0s)
✔ [9773/9928] Built OAI.Combinatorics.ContingencyTables.Transport.ListedReservedDraw (9.8s)
✔ [9774/9930] Built OAI.Combinatorics.ContingencyTables.Dense.DenseDrawTabulation (29s)
✔ [9775/9930] Built OAI.Combinatorics.ContingencyTables.Rooted.RootedEstimatorWords (6.9s)
✔ [9776/9930] Built OAI.Combinatorics.ContingencyTables.Rooted.RootedMultiplierUpdate (7.6s)
✔ [9777/9930] Built OAI.Combinatorics.ContingencyTables.Counting.CompanionMultiplierMatrixProgram (9.2s)
✔ [9778/9930] Built OAI.Combinatorics.ContingencyTables.Rooted.RootedOracleWordProgram (7.2s)
✔ [9779/9930] Built OAI.Combinatorics.ContingencyTables.Transport.ListedKernelAccuracy (12s)
✔ [9780/9934] Built OAI.Combinatorics.ContingencyTables.Transport.FiniteObservableReindex (6.8s)
✔ [9781/9934] Built OAI.Combinatorics.ContingencyTables.Sampling.ProfileTransitionProgram (15s)
✔ [9782/9936] Built OAI.Combinatorics.ContingencyTables.Counting.CompanionStateMultiplierProgram (7.5s)
✔ [9783/9936] Built OAI.Combinatorics.ContingencyTables.Rooted.RootedEstimatorAmplification (8.9s)
✔ [9784/9938] Built OAI.Combinatorics.ContingencyTables.Transport.FiniteAdaptiveObservable (6.6s)
✔ [9785/9938] Built OAI.Combinatorics.ContingencyTables.Rooted.RootedOracleWalkProgram (9.5s)
✔ [9786/9938] Built OAI.Combinatorics.ContingencyTables.Dense.DenseSuppliedFallback (25s)
✔ [9787/9938] Built OAI.Combinatorics.ContingencyTables.Sampling.ProfileTransitionSemantics (11s)
✔ [9788/9938] Built OAI.Combinatorics.ContingencyTables.Sampling.OuterTableProgram (8.9s)
✔ [9789/9938] Built OAI.Combinatorics.ContingencyTables.Rooted.RootedWeightOracle (7.7s)
✔ [9790/9938] Built OAI.Combinatorics.ContingencyTables.Machines.FiniteWordSlices (7.2s)
✔ [9791/9939] Built OAI.Combinatorics.ContingencyTables.Transport.BoundedProfileWalk (12s)
✔ [9792/9939] Built OAI.Combinatorics.ContingencyTables.Transport.FiniteMetropolisTransport (6.5s)
✔ [9793/9939] Built OAI.Combinatorics.ContingencyTables.Machines.ScalarScheduleProgram (6.6s)
✔ [9794/9939] Built OAI.Combinatorics.ContingencyTables.Rooted.RootedCorrectionProgram (9.2s)
✔ [9795/9939] Built OAI.Combinatorics.ContingencyTables.Rooted.RootedOracleFlatProgram (8.1s)
✔ [9796/9939] Built OAI.Combinatorics.ContingencyTables.Transport.CanonicalDrawTabulation (9.1s)
✔ [9797/9939] Built OAI.Combinatorics.ContingencyTables.Machines.PairedDemandProgram (14s)
✔ [9798/9939] Built OAI.Combinatorics.ContingencyTables.Transport.ListedBooleanStep (12s)
✔ [9799/9942] Built OAI.Combinatorics.ContingencyTables.Rooted.RootedPhaseWords (7.2s)
✔ [9800/9942] Built OAI.Combinatorics.ContingencyTables.Sampling.OuterTrialProgram (7.4s)
✔ [9801/9942] Built OAI.Combinatorics.ContingencyTables.Machines.CachedProfileDecision (13s)
✔ [9802/9942] Built OAI.Combinatorics.ContingencyTables.Rooted.RootedCorrectionSemantics (6.9s)
✔ [9803/9942] Built OAI.Combinatorics.ContingencyTables.Transport.CanonicalIntegerLaw (7.3s)
✔ [9804/9942] Built OAI.Combinatorics.ContingencyTables.Rooted.RootedRatioSampleProgram (7.0s)
✔ [9805/9946] Built OAI.Combinatorics.ContingencyTables.Transport.BoundedProfileSemantics (12s)
✔ [9806/9946] Built OAI.Combinatorics.ContingencyTables.Rooted.RootedPhaseOracleError (8.8s)
✔ [9807/9946] Built OAI.Combinatorics.ContingencyTables.Counting.CompanionCappedReturn (8.2s)
✔ [9808/9946] Built OAI.Combinatorics.ContingencyTables.Transport.ListedBooleanDraw (11s)
✔ [9809/9946] Built OAI.Combinatorics.ContingencyTables.Sampling.ProfileTrialProgram (6.7s)
✔ [9810/9946] Built OAI.Combinatorics.ContingencyTables.Sampling.OuterMatrixSemantics (6.6s)
✔ [9811/9946] Built OAI.Combinatorics.ContingencyTables.Machines.CachedDecisionSemantics (10s)
✔ [9812/9946] Built OAI.Combinatorics.ContingencyTables.Rooted.RootedCorrectionSampleProgram (9.0s)
✔ [9813/9946] Built OAI.Combinatorics.ContingencyTables.Rooted.RootedRatioSampleLaw (6.9s)
✔ [9814/9946] Built OAI.Combinatorics.ContingencyTables.Machines.FiniteEncodedHistory (7.0s)
✔ [9815/9946] Built OAI.Combinatorics.ContingencyTables.Sampling.ProfileBoxIndex (8.5s)
✔ [9816/9946] Built OAI.Combinatorics.ContingencyTables.Counting.CompanionCappedReturnProgram (7.3s)
✔ [9817/9946] Built OAI.Combinatorics.ContingencyTables.Rooted.RootedOracleAcceptance (11s)
✔ [9818/9946] Built OAI.Combinatorics.ContingencyTables.Transport.ListedScheduledSampler (8.8s)
✔ [9819/9946] Built OAI.Combinatorics.ContingencyTables.Machines.CachedCompletionWeights (23s)
✔ [9820/9946] Built OAI.Combinatorics.ContingencyTables.Transport.ListedIntegerLaw (12s)
✔ [9821/9946] Built OAI.Combinatorics.ContingencyTables.Sampling.ProfileWordProgram (7.6s)
✔ [9822/9946] Built OAI.Combinatorics.ContingencyTables.Rooted.RootedCorrectionSampleLaw (8.5s)
✔ [9823/9946] Built OAI.Combinatorics.ContingencyTables.Transport.ListedOutputSemantics (9.5s)
✔ [9824/9946] Built OAI.Combinatorics.ContingencyTables.Rooted.RootedEstimatorBlockProgram (7.9s)
✔ [9825/9946] Built OAI.Combinatorics.ContingencyTables.Sampling.ProfileBoxEnumeration (7.8s)
✔ [9826/9946] Built OAI.Combinatorics.ContingencyTables.Rooted.RootedBooleanPhase (7.2s)
✔ [9827/9946] Built OAI.Combinatorics.ContingencyTables.Sampling.ProfileBoxLaw (9.1s)
✔ [9828/9946] Built OAI.Combinatorics.ContingencyTables.Sampling.ProfileRetryProgram (7.6s)
✔ [9829/9946] Built OAI.Combinatorics.ContingencyTables.Sampling.ProfileTrialSemantics (8.5s)
✔ [9830/9946] Built OAI.Combinatorics.ContingencyTables.Sampling.UnitOutputSemantics (7.9s)
✔ [9831/9946] Built OAI.Combinatorics.ContingencyTables.Machines.CachedStepCount (20s)
✔ [9832/9946] Built OAI.Combinatorics.ContingencyTables.Rooted.RootedComputedEstimator (7.4s)
✔ [9833/9946] Built OAI.Combinatorics.ContingencyTables.Sampling.ProfileScheduleProgram (7.0s)
✔ [9834/9947] Built OAI.Combinatorics.ContingencyTables.Sampling.ProfileRetrySemantics (8.5s)
✔ [9835/9952] Built OAI.Combinatorics.ContingencyTables.Sampling.ProfileTransitionCount (7.8s)
✔ [9836/9952] Built OAI.Combinatorics.ContingencyTables.Rooted.RootedEstimatorExecution (7.5s)
✔ [9837/9952] Built OAI.Combinatorics.ContingencyTables.Sampling.ProfileSamplingProgram (6.6s)
✔ [9838/9952] Built OAI.Combinatorics.ContingencyTables.Rooted.RootedPhaseAccuracy (7.6s)
✔ [9839/9952] Built OAI.Combinatorics.ContingencyTables.Transport.BooleanCountTransport (7.1s)
✔ [9840/9952] Built OAI.Combinatorics.ContingencyTables.Rooted.RootedEstimatorLayoutProgram (8.1s)
✔ [9841/9952] Built OAI.Combinatorics.ContingencyTables.Machines.PreparedTransitionCache (9.1s)
✔ [9842/9960] Built OAI.Combinatorics.ContingencyTables.Counting.CompanionMinMass (8.5s)
✔ [9843/9960] Built OAI.Combinatorics.ContingencyTables.Sampling.ProfilePublicProgram (6.7s)
✔ [9844/9960] Built OAI.Combinatorics.ContingencyTables.Sampling.ProfileScheduleSemantics (7.0s)
✔ [9845/9960] Built OAI.Combinatorics.ContingencyTables.Machines.TransitionCacheRuntime (8.2s)
✔ [9846/9960] Built OAI.Combinatorics.ContingencyTables.Sampling.ProfileTransitionCountSemantics (12s)
✔ [9847/9960] Built OAI.Combinatorics.ContingencyTables.Sampling.UnitProfileProgram (16s)
✔ [9848/9960] Built OAI.Combinatorics.ContingencyTables.Rooted.RootedEstimatorWordProgram (13s)
✔ [9849/9960] Built OAI.Combinatorics.ContingencyTables.Machines.CachedTerminalCount (8.4s)
✔ [9850/9960] Built OAI.Combinatorics.ContingencyTables.Machines.FinitePlainLift (6.8s)
✔ [9851/9960] Built OAI.Combinatorics.ContingencyTables.Sampling.ProfilePublicSemantics (7.7s)
✔ [9852/9960] Built OAI.Combinatorics.ContingencyTables.Rooted.RootedWarmStart (8.0s)
✔ [9853/9960] Built OAI.Combinatorics.ContingencyTables.Sampling.ProfileMatrixEntry (7.8s)
✔ [9854/9960] Built OAI.Combinatorics.ContingencyTables.Sampling.UnitProfileSemantics (7.2s)
✔ [9855/9960] Built OAI.Combinatorics.ContingencyTables.Sampling.UnitTrialProgram (7.9s)
✔ [9856/9960] Built OAI.Combinatorics.ContingencyTables.Machines.CachedTerminalSemantics (11s)
✔ [9857/9960] Built OAI.Combinatorics.ContingencyTables.Sampling.ProfilePublicMachine (10s)
✔ [9858/9960] Built OAI.Combinatorics.ContingencyTables.Rooted.RootedEstimatorWordSemantics (16s)
✔ [9859/9960] Built OAI.Combinatorics.ContingencyTables.Rooted.RootedConcentration (11s)
✔ [9860/9960] Built OAI.Combinatorics.ContingencyTables.Sampling.ProfileMatrixEntryRuntime (6.8s)
✔ [9861/9960] Built OAI.Combinatorics.ContingencyTables.Sampling.UnitFiniteLaw (7.8s)
✔ [9862/9960] Built OAI.Combinatorics.ContingencyTables.Sampling.ProfileMatrixSemantics (9.7s)
✔ [9863/9960] Built OAI.Combinatorics.ContingencyTables.Sampling.AllSamplingProgram (8.2s)
✔ [9864/9962] Built OAI.Combinatorics.ContingencyTables.Machines.PackedMatrixInjective (6.7s)
✔ [9865/9962] Built OAI.Combinatorics.ContingencyTables.Sampling.ProfileRuntimeBound (7.1s)
✔ [9866/9964] Built OAI.Combinatorics.ContingencyTables.Rooted.RootedEstimatorWordLaw (8.3s)
✔ [9867/9964] Built OAI.Combinatorics.ContingencyTables.Sampling.ProfileTerminalProgram (9.1s)
✔ [9868/9964] Built OAI.Combinatorics.ContingencyTables.Sampling.UnitTrialSemantics (7.8s)
✔ [9869/9964] Built OAI.Combinatorics.ContingencyTables.Sampling.ProfileMatrixProgram (9.8s)
✔ [9870/9964] Built OAI.Combinatorics.ContingencyTables.Rooted.RootedBooleanKernel (14s)
✔ [9871/9964] Built OAI.Combinatorics.ContingencyTables.Sampling.UnitIntegerLaw (7.9s)
✔ [9872/9964] Built OAI.Combinatorics.ContingencyTables.Sampling.RareBranchRuntime (7.2s)
✔ [9873/9964] Built OAI.Combinatorics.ContingencyTables.Counting.CompanionTargetTrace (8.1s)
✔ [9874/9964] Built OAI.Combinatorics.ContingencyTables.Sampling.AllSamplingSemantics (7.9s)
✔ [9875/9964] Built OAI.Combinatorics.ContingencyTables.Sampling.ProfileMatrixLaw (10s)
✔ [9876/9964] Built OAI.Combinatorics.ContingencyTables.Rooted.RootedPhaseTrajectory (8.0s)
✔ [9877/9966] Built OAI.Combinatorics.ContingencyTables.Sampling.UnitMatrixEntry (16s)
✔ [9878/9966] Built OAI.Combinatorics.ContingencyTables.Sampling.UnitBoxLaw (9.4s)
✔ [9879/9966] Built OAI.Combinatorics.ContingencyTables.Sampling.ExactBoxBounds (9.2s)
✔ [9880/9968] Built OAI.Combinatorics.ContingencyTables.Rooted.RootedEstimatorMedianProgram (36s)
✔ [9881/9968] Built OAI.Combinatorics.ContingencyTables.Rooted.RootedSlowConcentration (20s)
✔ [9882/9968] Built OAI.Combinatorics.ContingencyTables.Sampling.AllSamplingAccuracy (8.1s)
✔ [9883/9970] Built OAI.Combinatorics.ContingencyTables.Sampling.ProfileTerminalSemantics (9.3s)
✔ [9884/9970] Built OAI.Combinatorics.ContingencyTables.Counting.CompanionObservableApplication (7.4s)
✔ [9885/9970] Built OAI.Combinatorics.ContingencyTables.Rooted.RootedArithmeticStep (10s)
✔ [9886/9970] Built OAI.Combinatorics.ContingencyTables.Sampling.UnitMatrixProgram (8.8s)
✔ [9887/9972] Built OAI.Combinatorics.ContingencyTables.Transport.ResidualEnumerationBounds (8.7s)
✔ [9888/9972] Built OAI.Combinatorics.ContingencyTables.Rooted.RootedEstimatorMedianLaw (7.1s)
✔ [9889/9972] Built OAI.Combinatorics.ContingencyTables.Sampling.AllSamplingMachine (8.2s)
✔ [9890/9972] Built OAI.Combinatorics.ContingencyTables.Counting.CompanionTrace (9.7s)
✔ [9891/9972] Built OAI.Combinatorics.ContingencyTables.Rooted.RootedObservableApplication (7.0s)
✔ [9892/9972] Built OAI.Combinatorics.ContingencyTables.Sampling.ProfileTrialCountProgram (9.3s)
✔ [9893/9972] Built OAI.Combinatorics.ContingencyTables.Rooted.RootedTraceWords (7.3s)
✔ [9894/9978] Built OAI.Combinatorics.ContingencyTables.Sampling.UnitTerminalProgram (8.7s)
✔ [9895/9978] Built OAI.Combinatorics.ContingencyTables.Sampling.UnitMatrixLaw (8.0s)
✔ [9896/9978] Built OAI.Combinatorics.ContingencyTables.Transport.WarmKernelIteration (7.1s)
✔ [9897/9978] Built OAI.Combinatorics.ContingencyTables.Sampling.CompiledResidualCorrection (8.0s)
✔ [9898/9978] Built OAI.Combinatorics.ContingencyTables.Rooted.RootedTrace (8.5s)
✔ [9899/9978] Built OAI.Combinatorics.ContingencyTables.Counting.CompanionTargetMixing (8.7s)
✔ [9900/9978] Built OAI.Combinatorics.ContingencyTables.Rooted.RootedLabelWeightProgram (15s)
✔ [9901/9981] Built OAI.Combinatorics.ContingencyTables.Rooted.RootedCappedReturn (6.8s)
✔ [9902/9981] Built OAI.Combinatorics.ContingencyTables.Rooted.RootedPhaseExperiment (8.2s)
✔ [9903/9981] Built OAI.Combinatorics.ContingencyTables.Rooted.RootedTargetTrace (7.8s)
✔ [9904/9981] Built OAI.Combinatorics.ContingencyTables.Sampling.UnitTrialCountProgram (9.4s)
✔ [9905/9981] Built OAI.Combinatorics.ContingencyTables.Counting.CompanionWarmReturn (8.8s)
✔ [9906/9981] Built OAI.Combinatorics.ContingencyTables.Machines.FiniteVaryingWordWalk (2.5s)
✔ [9907/9981] Built OAI.Combinatorics.ContingencyTables.Sampling.OriginalTrialVector (22s)
✔ [9908/9981] Built OAI.Combinatorics.ContingencyTables.Counting.CompanionEvaluatedWeightProgram (14s)
✔ [9909/9981] Built OAI.Combinatorics.ContingencyTables.Rooted.RootedObservationStart (6.8s)
✔ [9910/9981] Built OAI.Combinatorics.ContingencyTables.Rooted.RootedTargetMixing (8.3s)
✔ [9911/9981] Built OAI.Combinatorics.ContingencyTables.Rooted.RootedWarmReturn (8.4s)
✔ [9912/9981] Built OAI.Combinatorics.ContingencyTables.Counting.CompanionReturnIteration (7.4s)
✔ [9913/9981] Built OAI.Combinatorics.ContingencyTables.Sampling.UnitTerminalSemantics (8.4s)
✔ [9914/9981] Built OAI.Combinatorics.ContingencyTables.Counting.CompanionEvaluatedWeightLaw (6.6s)
✔ [9915/9981] Built OAI.Combinatorics.ContingencyTables.Counting.CompanionMetropolisProgram (8.2s)
✔ [9916/9981] Built OAI.Combinatorics.ContingencyTables.Rooted.RootedPhaseTrial (8.1s)
✔ [9917/9981] Built OAI.Combinatorics.ContingencyTables.Rooted.RootedReturnIteration (7.4s)
✔ [9918/9981] Built OAI.Combinatorics.ContingencyTables.Sampling.OriginalOuterVector (15s)
✔ [9919/9981] Built OAI.Combinatorics.ContingencyTables.Counting.CompanionReturnWords (7.4s)
✔ [9920/9981] Built OAI.Combinatorics.ContingencyTables.Counting.CompanionMetropolisLaw (7.8s)
✔ [9921/9981] Built OAI.Combinatorics.ContingencyTables.Counting.CompanionMetropolisWordProgram (8.1s)
✔ [9922/9981] Built OAI.Combinatorics.ContingencyTables.Rooted.RootedPlainTrial (7.0s)
✔ [9923/9983] Built OAI.Combinatorics.ContingencyTables.Rooted.RootedReturnWords (7.6s)
✔ [9924/9984] Built OAI.Combinatorics.ContingencyTables.Counting.CompanionBoundedWalkProgram (9.8s)
✔ [9925/9984] Built OAI.Combinatorics.ContingencyTables.Sampling.UnitOriginalVector (21s)
✔ [9926/9986] Built OAI.Combinatorics.ContingencyTables.Counting.CompanionMetropolisWordSemantics (9.2s)
✔ [9927/9989] Built OAI.Combinatorics.ContingencyTables.Rooted.RootedRestartStages (7.9s)
✔ [9928/9989] Built OAI.Combinatorics.ContingencyTables.Counting.CompanionOrderedReturn (7.0s)
✔ [9929/9989] Built OAI.Combinatorics.ContingencyTables.Sampling.SmallBalancedMarginal (7.8s)
✔ [9930/9989] Built OAI.Combinatorics.ContingencyTables.Rooted.ForestBoxCardinality (6.7s)
✔ [9931/9991] Built OAI.Combinatorics.ContingencyTables.Counting.CompanionBoundedWalkSemantics (6.9s)
✔ [9932/9991] Built OAI.Combinatorics.ContingencyTables.Counting.CompanionTransitionWidth (6.4s)
✔ [9933/9991] Built OAI.Combinatorics.ContingencyTables.Transport.PositiveSequenceInterpolation (8.3s)
✔ [9934/9991] Built OAI.Combinatorics.ContingencyTables.Sampling.UnitOuterVector (15s)
✔ [9935/9992] Built OAI.Combinatorics.ContingencyTables.Transport.BalancedCellFibres (6.6s)
✔ [9936/9995] Built OAI.Combinatorics.ContingencyTables.Rooted.RootedRestartPrefix (7.4s)
✔ [9937/9995] Built OAI.Combinatorics.ContingencyTables.Sampling.AllBalancedWidths (6.3s)
✔ [9938/9997] Built OAI.Combinatorics.ContingencyTables.Counting.CompanionFlatReturnProgram (8.4s)
✔ [9939/9997] Built OAI.Combinatorics.ContingencyTables.Transport.BalancedPhysicalPartition (6.5s)
✔ [9940/9997] Built OAI.Combinatorics.ContingencyTables.Machines.ScheduledCountInput (7.2s)
✔ [9941/9997] Built OAI.Combinatorics.ContingencyTables.Rooted.RootedRestartWords (7.6s)
✔ [9942/9997] Built OAI.Combinatorics.ContingencyTables.Rooted.TreeMarginalSignature (7.4s)
✔ [9943/9997] Built OAI.Combinatorics.ContingencyTables.Counting.CompanionRepeatedReturnProgram (8.7s)
✔ [9944/10000] Built OAI.Combinatorics.ContingencyTables.Transport.TransversalCount (10s)
✔ [9945/10002] Built OAI.Combinatorics.ContingencyTables.Machines.ScheduledCountSemantics (8.9s)
✔ [9946/10003] Built OAI.Combinatorics.ContingencyTables.Rooted.RootedRestartTrial (6.8s)
✔ [9947/10003] Built OAI.Combinatorics.ContingencyTables.Rooted.TreeMarginalEnumeration (6.8s)
✔ [9948/10004] Built OAI.Combinatorics.ContingencyTables.Rooted.TreeExteriorPositions (2.2s)
✔ [9949/10004] Built OAI.Combinatorics.ContingencyTables.Transport.SoftWeightUpper (6.7s)
✔ [9950/10008] Built OAI.Combinatorics.ContingencyTables.Machines.ScheduledResidualProgram (12s)
✔ [9951/10008] Built OAI.Combinatorics.ContingencyTables.Counting.CompanionPhysicalNormalizer (6.9s)
✔ [9952/10010] Built OAI.Combinatorics.ContingencyTables.Rooted.RootedTreeMarginal (6.8s)
✔ [9953/10010] Built OAI.Combinatorics.ContingencyTables.Rooted.TreeFeasibleMass (7.7s)
✔ [9954/10010] Built OAI.Combinatorics.ContingencyTables.Rooted.TreeMarginalBounds (8.6s)
✔ [9955/10010] Built OAI.Combinatorics.ContingencyTables.Transport.WeightedCellFibres (6.7s)
✔ [9956/10010] Built OAI.Combinatorics.ContingencyTables.Machines.ScheduledResidualLaw (8.0s)
✔ [9957/10010] Built OAI.Combinatorics.ContingencyTables.Sampling.ExactSamplingParameters (7.1s)
✔ [9958/10013] Built OAI.Combinatorics.ContingencyTables.Counting.CompanionFarMass (6.8s)
✔ [9959/10013] Built OAI.Combinatorics.ContingencyTables.Counting.CompanionPhysicalTables (7.0s)
✔ [9960/10013] Built OAI.Combinatorics.ContingencyTables.Rooted.RootedTreeFeasibleMass (7.0s)
✔ [9961/10013] Built OAI.Combinatorics.ContingencyTables.Rooted.RootedPhysicalNormalizer (10s)
✔ [9962/10013] Built OAI.Combinatorics.ContingencyTables.Rooted.RootedTreeBounds (8.6s)
✔ [9963/10015] Built OAI.Combinatorics.ContingencyTables.Transport.TerminalMassCover (2.8s)
✔ [9964/10015] Built OAI.Combinatorics.ContingencyTables.Sampling.ExactResidualInput (7.7s)
✔ [9965/10015] Built OAI.Combinatorics.ContingencyTables.Rooted.TreeExteriorMass (9.2s)
✔ [9966/10015] Built OAI.Combinatorics.ContingencyTables.Sampling.ExactBranchChoice (6.3s)
✔ [9967/10023] Built OAI.Combinatorics.ContingencyTables.Rooted.RootedPhysicalTables (6.1s)
✔ [9968/10023] Built OAI.Combinatorics.ContingencyTables.Rooted.RootedFarMass (6.6s)
✔ [9969/10023] Built OAI.Combinatorics.ContingencyTables.Rooted.RootedPhaseComposition (6.9s)
✔ [9970/10023] Built OAI.Combinatorics.ContingencyTables.Rooted.RootedTreeExteriorMass (8.9s)
✔ [9971/10026] Built OAI.Combinatorics.ContingencyTables.Counting.CompanionTerminalParameters (3.2s)
✔ [9972/10032] Built OAI.Combinatorics.ContingencyTables.Sampling.ExactCorrectionPrefix (7.0s)
✔ [9973/10032] Built OAI.Combinatorics.ContingencyTables.Counting.CompanionNearMass (7.2s)
✔ [9974/10037] Built OAI.Combinatorics.ContingencyTables.Sampling.ExactOrdinaryProgram (6.7s)
✔ [9975/10037] Built OAI.Combinatorics.ContingencyTables.Transport.FinitePaddedAverage (6.1s)
✔ [9976/10037] Built OAI.Combinatorics.ContingencyTables.Transport.FiniteUniformHistory (6.2s)
✔ [9977/10042] Built OAI.Combinatorics.ContingencyTables.Rooted.RootedReferenceAccuracy (6.9s)
✔ [9978/10042] Built OAI.Combinatorics.ContingencyTables.Rooted.RootedNearMass (6.8s)
✔ [9979/10043] Built OAI.Combinatorics.ContingencyTables.Counting.CompanionTerminalRegions (6.0s)
✔ [9980/10043] Built OAI.Combinatorics.ContingencyTables.Machines.InitialDrawReindex (6.7s)
✔ [9981/10043] Built OAI.Combinatorics.ContingencyTables.Sampling.ExactCoreProgram (7.6s)
✔ [9982/10047] Built OAI.Combinatorics.ContingencyTables.Counting.CompanionPhaseFinishProgram (7.6s)
✔ [9983/10047] Built OAI.Combinatorics.ContingencyTables.Rooted.RootedTerminalRegions (6.9s)
✔ [9984/10047] Built OAI.Combinatorics.ContingencyTables.Counting.CompanionTrajectoryProgram (7.0s)
✔ [9985/10047] Built OAI.Combinatorics.ContingencyTables.Counting.CompanionTerminalMass (8.9s)
✔ [9986/10047] Built OAI.Combinatorics.ContingencyTables.Sampling.ExactPrefixLaw (8.5s)
✔ [9987/10047] Built OAI.Combinatorics.ContingencyTables.Sampling.ExactCoreCost (7.6s)
✔ [9988/10047] Built OAI.Combinatorics.ContingencyTables.Sampling.ExactTypedProgram (6.5s)
✔ [9989/10050] Built OAI.Combinatorics.ContingencyTables.Rooted.RootedTerminalMass (8.6s)
✔ [9990/10050] Built OAI.Combinatorics.ContingencyTables.Counting.CompanionTerminalApplication (6.6s)
✔ [9991/10050] Built OAI.Combinatorics.ContingencyTables.Sampling.ExactPrefixFeasibility (7.8s)
✔ [9992/10050] Built OAI.Combinatorics.ContingencyTables.Sampling.ExactGatePrefix (7.2s)
✔ [9993/10051] Built OAI.Combinatorics.ContingencyTables.Sampling.ExactPhysicalProgram (6.9s)
✔ [9994/10053] Built OAI.Combinatorics.ContingencyTables.Counting.CompanionObservationQueriesProgram (22s)
✔ [9995/10053] Built OAI.Combinatorics.ContingencyTables.Transport.FiniteRecordedHistory (7.6s)
✔ [9996/10053] Built OAI.Combinatorics.ContingencyTables.Rooted.RootedTerminalApplication (8.1s)
✔ [9997/10053] Built OAI.Combinatorics.ContingencyTables.Sampling.ExactTypedCost (17s)
✔ [9998/10054] Built OAI.Combinatorics.ContingencyTables.Sampling.ExactGateCost (6.0s)
✔ [9999/10054] Built OAI.Combinatorics.ContingencyTables.Sampling.ExactTablePrefix (8.4s)
✔ [10000/10054] Built OAI.Combinatorics.ContingencyTables.Sampling.ExactPrintCost (18s)
✔ [10001/10054] Built OAI.Combinatorics.ContingencyTables.Counting.CompanionObservationQueriesLaw (8.2s)
✔ [10002/10054] Built OAI.Combinatorics.ContingencyTables.Sampling.ExactGateTyped (19s)
✔ [10003/10054] Built OAI.Combinatorics.ContingencyTables.Counting.CompanionObservedUpdateProgram (8.1s)
✔ [10004/10054] Built OAI.Combinatorics.ContingencyTables.Rooted.RootedReturnHistoryLaw (6.6s)
✔ [10005/10054] Built OAI.Combinatorics.ContingencyTables.Counting.CompanionPhaseFinishSemantics (8.1s)
✔ [10006/10054] Built OAI.Combinatorics.ContingencyTables.Rooted.RootedStoredEstimate (8.9s)
✔ [10007/10054] Built OAI.Combinatorics.ContingencyTables.Machines.FiniteEncodedBind (7.1s)
✔ [10008/10054] Built OAI.Combinatorics.ContingencyTables.Sampling.ExactPublicPrefix (7.7s)
✔ [10009/10057] Built OAI.Combinatorics.ContingencyTables.Sampling.ExactPhysicalCost (15s)
✔ [10010/10057] Built OAI.Combinatorics.ContingencyTables.Sampling.ExactInputBounds (7.0s)
✔ [10011/10057] Built OAI.Combinatorics.ContingencyTables.Machines.EnumerationPointBounds (6.3s)
✔ [10012/10057] Built OAI.Combinatorics.ContingencyTables.Counting.CompanionPhaseTrialProgram (8.1s)
✔ [10013/10057] Built OAI.Combinatorics.ContingencyTables.Counting.CompanionTrajectoryLaw (6.5s)
✔ [10014/10057] Built OAI.Combinatorics.ContingencyTables.Counting.CompanionObservedUpdateLaw (6.9s)
✔ [10015/10057] Built OAI.Combinatorics.ContingencyTables.Rooted.RootedStoredHistory (6.5s)
✔ [10016/10057] Built OAI.Combinatorics.ContingencyTables.Sampling.ExactGatePhysical (15s)
✔ [10017/10057] Built OAI.Combinatorics.ContingencyTables.Sampling.ExactPublicLaw (8.4s)
✔ [10018/10057] Built OAI.Combinatorics.ContingencyTables.Counting.CompanionMultiplierAgreement (7.4s)
✔ [10019/10057] Built OAI.Combinatorics.ContingencyTables.Machines.ScheduledScalarBounds (6.9s)
✔ [10020/10057] Built OAI.Combinatorics.ContingencyTables.Dense.DenseTabulationScalarBounds (7.7s)
✔ [10021/10057] Built OAI.Combinatorics.ContingencyTables.Sampling.OriginalPointBounds (6.6s)
✔ [10022/10057] Built OAI.Combinatorics.ContingencyTables.Rooted.RootedPhaseHistory (6.0s)
✔ [10023/10059] Built OAI.Combinatorics.ContingencyTables.Rooted.RootedRestartAgreement (6.4s)
✔ [10024/10059] Built OAI.Combinatorics.ContingencyTables.Sampling.ExactPublicCost (22s)
✔ [10025/10059] Built OAI.Combinatorics.ContingencyTables.Transport.TabulationMeasureBounds (9.8s)
✔ [10026/10062] Built OAI.Combinatorics.ContingencyTables.Transport.CacheBoxBounds (6.8s)
✔ [10027/10064] Built OAI.Combinatorics.ContingencyTables.Rooted.RootedHistoryStep (7.7s)
✔ [10028/10064] Built OAI.Combinatorics.ContingencyTables.Counting.CompanionPhaseTrialLaw (7.1s)
✔ [10029/10064] Built OAI.Combinatorics.ContingencyTables.Machines.FiniteVaryingObservable (6.6s)
✔ [10030/10064] Built OAI.Combinatorics.ContingencyTables.Counting.CompanionRepeatedReturnLaw (9.9s)
✔ [10031/10065] Built OAI.Combinatorics.ContingencyTables.Transport.ResidualBoxScale (12s)
✔ [10032/10067] Built OAI.Combinatorics.ContingencyTables.Sampling.ProfileVectorMeasureBounds (13s)
✔ [10033/10070] Built OAI.Combinatorics.ContingencyTables.Rooted.RootedHistoryConfidence (9.1s)
✔ [10034/10082] Built OAI.Combinatorics.ContingencyTables.Counting.CountingPhaseSchedule (12s)
✔ [10035/10083] Built OAI.Combinatorics.ContingencyTables.Transport.TabulationPreparationBounds (10s)
✔ [10036/10087] Built OAI.Combinatorics.ContingencyTables.Rooted.RootedCountingWords (7.1s)
✔ [10037/10087] Built OAI.Combinatorics.ContingencyTables.Counting.CompanionLabelMetadataProgram (6.9s)
✔ [10038/10087] Built OAI.Combinatorics.ContingencyTables.Sampling.ExactGatePublic (33s)
✔ [10039/10087] Built OAI.Combinatorics.ContingencyTables.Counting.CompanionCanonicalHistory (7.3s)
✔ [10040/10087] Built OAI.Combinatorics.ContingencyTables.Rooted.RootedCountingSchedule (7.6s)
✔ [10041/10087] Built OAI.Combinatorics.ContingencyTables.Sampling.ExactEntryBoxBound (13s)
✔ [10042/10087] Built OAI.Combinatorics.ContingencyTables.Transport.FiniteProjectedHistory (6.4s)
✔ [10043/10087] Built OAI.Combinatorics.ContingencyTables.Sampling.ExactGatePolynomial (6.8s)
✔ [10044/10087] Built OAI.Combinatorics.ContingencyTables.Counting.CompanionInitialMatrixProgram (7.7s)
✔ [10045/10087] Built OAI.Combinatorics.ContingencyTables.Sampling.ExactExpectedTime (7.2s)
✔ [10046/10087] Built OAI.Combinatorics.ContingencyTables.Counting.CountingPhaseScalarProgram (8.1s)
✔ [10047/10087] Built OAI.Combinatorics.ContingencyTables.Counting.CountingTerminalSchedule (7.3s)
✔ [10048/10087] Built OAI.Combinatorics.ContingencyTables.Counting.CompanionCanonicalHistoryLaw (6.8s)
✔ [10049/10088] Built OAI.Combinatorics.ContingencyTables.Sampling.ExactRareMeasureBound (7.4s)
✔ [10050/10088] Built OAI.Combinatorics.ContingencyTables.Sampling.ExactRareCost (6.8s)
✔ [10051/10091] Built OAI.Combinatorics.ContingencyTables.Counting.CountingCoefficientProgram (7.2s)
✔ [10052/10098] Built OAI.Combinatorics.ContingencyTables.Counting.CompanionInitialStoredProgram (7.9s)
✔ [10053/10098] Built OAI.Combinatorics.ContingencyTables.Counting.CountingOracleScheduleProgram (8.1s)
✔ [10054/10098] Built OAI.Combinatorics.ContingencyTables.Sampling.ExactRarePublicBound (7.2s)
✔ [10055/10105] Built OAI.Combinatorics.ContingencyTables.Transport.PublishedEdmondsKarp (1.9s)
✔ [10056/10105] Built OAI.Combinatorics.ContingencyTables.Machines.WeightedArgmaxProgram (6.8s)
✔ [10057/10105] Built OAI.Combinatorics.ContingencyTables.Sampling.ExactSamplingMachine (7.5s)
✔ [10058/10108] Built OAI.Combinatorics.ContingencyTables.Transport.PathAugmentation (3.3s)
✔ [10059/10108] Built OAI.Combinatorics.ContingencyTables.Rooted.RootedOracleConfigProgram (10s)
✔ [10060/10108] Built OAI.Combinatorics.ContingencyTables.Transport.ResidualSearch (2.4s)
✔ [10061/10108] Built OAI.Combinatorics.ContingencyTables.Counting.CountingPhaseParametersProgram (12s)
✔ [10062/10108] Built OAI.Combinatorics.ContingencyTables.Rooted.MaximumForestExchange (2.3s)
✔ [10063/10108] Built OAI.Combinatorics.ContingencyTables.Transport.ResidualAugmentation (2.2s)
✔ [10064/10108] Built OAI.Combinatorics.ContingencyTables.Transport.EdmondsKarpAlgorithm (2.1s)
✔ [10065/10109] Built OAI.Combinatorics.ContingencyTables.Rooted.ForestEdgeChoiceProgram (7.1s)
✔ [10066/10109] Built OAI.Combinatorics.ContingencyTables.Machines.DirectedBFSProgram (8.8s)
✔ [10067/10109] Built OAI.Combinatorics.ContingencyTables.Rooted.RootedOracleConfigSemantics (7.3s)
✔ [10068/10109] Built OAI.Combinatorics.ContingencyTables.Transport.BoundedCellShift (2.8s)
✔ [10069/10109] Built OAI.Combinatorics.ContingencyTables.Transport.LayeredTableNetwork (4.5s)
✔ [10070/10120] Built OAI.Combinatorics.ContingencyTables.Transport.BoundedTableFeasibility (2.0s)
✔ [10071/10123] Built OAI.Combinatorics.ContingencyTables.Rooted.ForestJoinProgram (7.4s)
✔ [10072/10127] Built OAI.Combinatorics.ContingencyTables.Transport.DirectedBFSBounds (7.4s)
✔ [10073/10127] Built OAI.Combinatorics.ContingencyTables.Machines.BoundedBinarySearch (2.5s)
✔ [10074/10132] Built OAI.Combinatorics.ContingencyTables.Counting.CompanionPhaseContextProgram (7.4s)
✔ [10075/10132] Built OAI.Combinatorics.ContingencyTables.Transport.BoundedTableComplement (1.9s)
✔ [10076/10132] Built OAI.Combinatorics.ContingencyTables.Transport.FlowClamp (6.7s)
✔ [10077/10137] Built OAI.Combinatorics.ContingencyTables.Transport.TableTightening (1.9s)
✔ [10078/10137] Built OAI.Combinatorics.ContingencyTables.Counting.CompanionRestartStageProgram (7.5s)
✔ [10079/10142] Built OAI.Combinatorics.ContingencyTables.Machines.DirectedBFSRuntime (10s)
✔ [10080/10142] Built OAI.Combinatorics.ContingencyTables.Rooted.RootedCountingAmplification (9.9s)
✔ [10081/10142] Built OAI.Combinatorics.ContingencyTables.Counting.CountingLabelCountProgram (7.2s)
✔ [10082/10145] Built OAI.Combinatorics.ContingencyTables.Counting.CompanionRestartInitializer (16s)
✔ [10083/10149] Built OAI.Combinatorics.ContingencyTables.Counting.CompanionRestartStageLaw (8.2s)
✔ [10084/10151] Built OAI.Combinatorics.ContingencyTables.Machines.FractionRepetitionProgram (6.5s)
✔ [10085/10151] Built OAI.Combinatorics.ContingencyTables.Counting.CompanionRestartProgram (9.4s)
✔ [10086/10151] Built OAI.Combinatorics.ContingencyTables.Machines.ResidualGraphProgram (8.4s)
✔ [10087/10151] Built OAI.Combinatorics.ContingencyTables.Counting.CountingOracleScheduleBounds (7.3s)
✔ [10088/10151] Built OAI.Combinatorics.ContingencyTables.Counting.CompanionScaleSizes (6.0s)
✔ [10089/10151] Built OAI.Combinatorics.ContingencyTables.Counting.CompanionRestartSemantics (6.5s)
✔ [10090/10158] Built OAI.Combinatorics.ContingencyTables.Machines.FlowPathProgram (8.5s)
✔ [10091/10158] Built OAI.Combinatorics.ContingencyTables.Transport.NetworkVertexCode (7.7s)
✔ [10092/10158] Built OAI.Combinatorics.ContingencyTables.Counting.CountingOracleWordBounds (9.3s)
✔ [10093/10158] Built OAI.Combinatorics.ContingencyTables.Counting.CompanionRestartPadding (6.7s)
✔ [10094/10158] Built OAI.Combinatorics.ContingencyTables.Counting.CompanionInitializedRestartProgram (21s)
✔ [10095/10158] Built OAI.Combinatorics.ContingencyTables.Machines.FlowEntryProgram (6.9s)
✔ [10096/10158] Built OAI.Combinatorics.ContingencyTables.Counting.CompanionFractionSize (6.6s)
✔ [10097/10158] Built OAI.Combinatorics.ContingencyTables.Rooted.LargeEdgeCatalogProgram (6.9s)
✔ [10098/10158] Built OAI.Combinatorics.ContingencyTables.Counting.CompanionRestartDataLaw (15s)
✔ [10099/10158] Built OAI.Combinatorics.ContingencyTables.Counting.CountingMarkerBounds (6.8s)
✔ [10100/10158] Built OAI.Combinatorics.ContingencyTables.Counting.CountingWordsBound (7.0s)
✔ [10101/10158] Built OAI.Combinatorics.ContingencyTables.Counting.CompanionObservationPadding (6.1s)
✔ [10102/10158] Built OAI.Combinatorics.ContingencyTables.Machines.FiniteWordJointPadding (6.5s)
✔ [10103/10158] Built OAI.Combinatorics.ContingencyTables.Counting.CompanionRestartSchedule (7.9s)
✔ [10104/10158] Built OAI.Combinatorics.ContingencyTables.Machines.FlowMatrixProgram (7.7s)
✔ [10105/10158] Built OAI.Combinatorics.ContingencyTables.Counting.CompanionStoredSize (6.8s)
✔ [10106/10158] Built OAI.Combinatorics.ContingencyTables.Counting.CompanionRestartNativeLaw (6.8s)
✔ [10107/10158] Built OAI.Combinatorics.ContingencyTables.Rooted.ForestGreedyProgram (8.9s)
✔ [10108/10162] Built OAI.Combinatorics.ContingencyTables.Counting.CompanionUniformPhaseWidth (7.2s)
✔ [10109/10162] Built OAI.Combinatorics.ContingencyTables.Counting.CompanionRestartScheduleSemantics (7.4s)
✔ [10110/10164] Built OAI.Combinatorics.ContingencyTables.Transport.FlowMatrixBounds (7.3s)
✔ [10111/10164] Built OAI.Combinatorics.ContingencyTables.Counting.CompanionStoredShape (7.4s)
✔ [10112/10164] Built OAI.Combinatorics.ContingencyTables.Counting.CompanionOuterPhaseProgram (9.0s)
✔ [10113/10168] Built OAI.Combinatorics.ContingencyTables.Rooted.ForestGreedySemantics (7.0s)
✔ [10114/10172] Built OAI.Combinatorics.ContingencyTables.Counting.CountingScheduleSizes (7.1s)
✔ [10115/10172] Built OAI.Combinatorics.ContingencyTables.Counting.CompanionInitializedRestartSemantics (6.7s)
✔ [10116/10172] Built OAI.Combinatorics.ContingencyTables.Machines.ScalarScheduleBounds (6.5s)
✔ [10117/10172] Built OAI.Combinatorics.ContingencyTables.Machines.FlowLoopProgram (8.6s)
✔ [10118/10172] Built OAI.Combinatorics.ContingencyTables.Counting.CompanionOuterHistoryProgram (8.0s)
✔ [10119/10172] Built OAI.Combinatorics.ContingencyTables.Counting.CompanionCodeBounds (8.8s)
✔ [10120/10172] Built OAI.Combinatorics.ContingencyTables.Rooted.ComputedLargeForest (7.1s)
✔ [10121/10176] Built OAI.Combinatorics.ContingencyTables.Counting.CountingCoefficientBounds (7.4s)
✔ [10122/10176] Built OAI.Combinatorics.ContingencyTables.Counting.CompanionInitializedRestartLaw (6.9s)
✔ [10123/10176] Built OAI.Combinatorics.ContingencyTables.Counting.CountingControlBounds (6.7s)
✔ [10124/10176] Built OAI.Combinatorics.ContingencyTables.Counting.CompanionStoredRepresentation (6.0s)
✔ [10125/10176] Built OAI.Combinatorics.ContingencyTables.Machines.NetworkCapacityProgram (7.7s)
✔ [10126/10176] Built OAI.Combinatorics.ContingencyTables.Counting.CompanionTrialPadding (6.9s)
✔ [10127/10176] Built OAI.Combinatorics.ContingencyTables.Counting.CompanionPhaseSize (7.9s)
✔ [10128/10176] Built OAI.Combinatorics.ContingencyTables.Rooted.ComputedForestCode (6.8s)
✔ [10129/10177] Built OAI.Combinatorics.ContingencyTables.Counting.CountingTerminalBounds (6.8s)
✔ [10130/10180] Built OAI.Combinatorics.ContingencyTables.Transport.FiniteSameLawSupport (6.2s)
✔ [10131/10180] Built OAI.Combinatorics.ContingencyTables.Counting.CompanionInitializedRestartJoint (6.8s)
✔ [10132/10184] Built OAI.Combinatorics.ContingencyTables.Counting.CompanionHistorySize (7.5s)
✔ [10133/10184] Built OAI.Combinatorics.ContingencyTables.Machines.NetworkFeasibilityProgram (8.2s)
✔ [10134/10184] Built OAI.Combinatorics.ContingencyTables.Counting.CompanionRestartSupport (7.2s)
✔ [10135/10184] Built OAI.Combinatorics.ContingencyTables.Transport.FiniteBoundedProjectedHistory (6.3s)
✔ [10136/10184] Built OAI.Combinatorics.ContingencyTables.Counting.CompanionOuterPhaseSemantics (8.2s)
✔ [10137/10184] Built OAI.Combinatorics.ContingencyTables.Rooted.RootedZeroLabels (10s)
✔ [10138/10184] Built OAI.Combinatorics.ContingencyTables.Machines.BoundedComplementProgram (6.9s)
✔ [10139/10184] Built OAI.Combinatorics.ContingencyTables.Machines.NetworkTableProgram (7.4s)
✔ [10140/10186] Built OAI.Combinatorics.ContingencyTables.Machines.ListSubtractProgram (6.8s)
✔ [10141/10187] Built OAI.Combinatorics.ContingencyTables.Machines.BinarySearchProgram (7.4s)
✔ [10142/10190] Built OAI.Combinatorics.ContingencyTables.Counting.CompanionHistoryReadback (6.7s)
✔ [10143/10191] Built OAI.Combinatorics.ContingencyTables.Counting.CompanionPhaseContinuation (7.9s)
✔ [10144/10195] Built OAI.Combinatorics.ContingencyTables.Machines.LowerCapacityProgram (7.0s)
✔ [10145/10195] Built OAI.Combinatorics.ContingencyTables.Machines.FractionOutputProgram (6.0s)
✔ [10146/10195] Built OAI.Combinatorics.ContingencyTables.Counting.CountingInputParser (7.2s)
✔ [10147/10195] Built OAI.Combinatorics.ContingencyTables.Counting.CompanionRestartContinuation (6.4s)
✔ [10148/10195] Built OAI.Combinatorics.ContingencyTables.Counting.CompanionProjectedHistory (6.7s)
✔ [10149/10195] Built OAI.Combinatorics.ContingencyTables.Machines.FiniteWordRationalLaw (6.7s)
✔ [10150/10198] Built OAI.Combinatorics.ContingencyTables.Machines.CellLowerTestProgram (6.0s)
✔ [10151/10198] Built OAI.Combinatorics.ContingencyTables.Counting.CountingInputSymbols (6.1s)
✔ [10152/10211] Built OAI.Combinatorics.ContingencyTables.Counting.CompanionOuterWidths (6.4s)
✔ [10153/10213] Built OAI.Combinatorics.ContingencyTables.Counting.CompanionOuterPhaseLaw (7.1s)
✔ [10154/10215] Built OAI.Combinatorics.ContingencyTables.Machines.CellMaximumProgram (6.5s)
✔ [10155/10215] Built OAI.Analysis.KLS.Convexity.PrekopaLeindler (6.5s)
✔ [10156/10215] Built OAI.Combinatorics.ContingencyTables.Machines.RepeatedFractionProgram (7.4s)
✔ [10157/10220] Built OAI.Combinatorics.ContingencyTables.Counting.CompanionCanonicalPhaseLaw (8.3s)
✔ [10159/10221] Built OAI.Combinatorics.ContingencyTables.Dense.CheegerCoarea (8.5s)
✔ [10160/10221] Built OAI.Combinatorics.ContingencyTables.Dense.FiniteBoxPrekopa (3.7s)
✔ [10161/10221] Built OAI.Combinatorics.ContingencyTables.Transport.EdmondsKarpDistance (2.4s)
✔ [10162/10221] Built OAI.Combinatorics.ContingencyTables.Machines.CellMinimumProgram (7.4s)
✔ [10163/10221] Built OAI.Combinatorics.ContingencyTables.Counting.CompanionCanonicalPhaseSupport (6.8s)
✔ [10164/10221] Built OAI.Combinatorics.ContingencyTables.Dense.CheegerMedian (6.6s)
✔ [10165/10221] Built OAI.Combinatorics.ContingencyTables.Transport.EdmondsKarpAugmentation (2.4s)
✔ [10166/10221] Built OAI.Combinatorics.ContingencyTables.Dense.CheegerPositive (8.3s)
⚠ [10167/10221] Built ComparatorChallenges.ContingencyTables (7.3s)
warning: ../.upstream/openai-math/lean/ComparatorChallenges/ContingencyTables.lean:211:8: declaration uses `sorry`
warning: ../.upstream/openai-math/lean/ComparatorChallenges/ContingencyTables.lean:214:8: declaration uses `sorry`
warning: ../.upstream/openai-math/lean/ComparatorChallenges/ContingencyTables.lean:217:8: declaration uses `sorry`
✔ [10168/10221] Built OAI.Combinatorics.ContingencyTables.Transport.EdmondsKarpTrace (1.0s)
✔ [10169/10221] Built OAI.Combinatorics.ContingencyTables.Transport.EdmondsKarpBound (2.0s)
✔ [10170/10221] Built OAI.Combinatorics.ContingencyTables.Transport.ComputedTableTightening (6.0s)
✔ [10171/10221] Built OAI.Combinatorics.ContingencyTables.Machines.EndpointMatrixProgram (6.4s)
✔ [10172/10221] Built OAI.Combinatorics.ContingencyTables.Dense.FiniteCheegerProof (6.7s)
✔ [10173/10221] Built OAI.Combinatorics.ContingencyTables.Machines.TightenedInputProgram (5.3s)
✔ [10174/10221] Built OAI.Combinatorics.ContingencyTables.Transport.ComputedCompanionInstance (4.6s)
✔ [10175/10221] Built OAI.Combinatorics.ContingencyTables.Rooted.ComputedRootedInput (4.6s)
✔ [10176/10221] Built OAI.Combinatorics.ContingencyTables.Counting.ComputedCountingParameters (4.8s)
✔ [10177/10221] Built OAI.Combinatorics.ContingencyTables.Counting.ComputedCountingWords (5.2s)
✔ [10178/10221] Built OAI.Combinatorics.ContingencyTables.Counting.CountingPublicInputBounds (6.1s)
✔ [10179/10221] Built OAI.Combinatorics.ContingencyTables.Counting.CountingBaseProgram (6.5s)
✔ [10180/10221] Built OAI.Combinatorics.ContingencyTables.Counting.CountingPublicTerminalBounds (6.6s)
✔ [10181/10221] Built OAI.Combinatorics.ContingencyTables.Counting.CountingMachineTime (6.7s)
✔ [10182/10221] Built OAI.Combinatorics.ContingencyTables.Counting.CountingTerminalProgram (6.4s)
✔ [10183/10221] Built OAI.Combinatorics.ContingencyTables.Counting.ComputedCountingZero (8.4s)
✔ [10184/10221] Built OAI.Combinatorics.ContingencyTables.Counting.CountingPublicControls (4.9s)
✔ [10185/10221] Built OAI.Combinatorics.ContingencyTables.Counting.CountingComputedSettings (5.1s)
✔ [10186/10221] Built OAI.Combinatorics.ContingencyTables.Counting.CountingSettingsCorrect (4.5s)
✔ [10187/10221] Built OAI.Combinatorics.ContingencyTables.Counting.CountingPublicWordBound (4.9s)
✔ [10188/10221] Built OAI.Combinatorics.ContingencyTables.Counting.CountingPreparedState (5.6s)
✔ [10189/10221] Built OAI.Combinatorics.ContingencyTables.Counting.CountingDirectWordBound (5.0s)
✔ [10190/10221] Built OAI.Combinatorics.ContingencyTables.Counting.CountingDirectProgram (5.1s)
✔ [10191/10221] Built OAI.Combinatorics.ContingencyTables.Counting.CompanionUniformPhaseBounds (12s)
✔ [10192/10221] Built OAI.Combinatorics.ContingencyTables.Counting.CountingAmplifiedProgram (7.4s)
✔ [10193/10221] Built OAI.Combinatorics.ContingencyTables.Counting.CountingDirectSemantics (6.9s)
✔ [10194/10221] Built OAI.Combinatorics.ContingencyTables.Counting.CountingBranchProgram (12s)
✔ [10195/10221] Built OAI.Combinatorics.ContingencyTables.Counting.CountingAmplifiedLaw (6.5s)
✔ [10196/10221] Built OAI.Combinatorics.ContingencyTables.Counting.CountingAdaptiveInputProgram (15s)
✔ [10197/10221] Built OAI.Combinatorics.ContingencyTables.Counting.CountingDirectBudgetBound (6.0s)
✔ [10198/10221] Built OAI.Combinatorics.ContingencyTables.Counting.CountingDirectLaw (6.8s)
✔ [10199/10221] Built OAI.Combinatorics.ContingencyTables.Counting.CountingAdaptiveReserve (6.1s)
✔ [10200/10221] Built OAI.Combinatorics.ContingencyTables.Counting.CountingMachineEvents (6.5s)
✔ [10201/10221] Built OAI.Combinatorics.ContingencyTables.Counting.CountingBranchSemantics (6.6s)
✔ [10202/10221] Built OAI.Combinatorics.ContingencyTables.Counting.CountingAdaptiveInputSemantics (6.6s)
✔ [10203/10221] Built OAI.Combinatorics.ContingencyTables.Counting.CountingDirectSuccess (6.2s)
✔ [10204/10221] Built OAI.Combinatorics.ContingencyTables.Counting.CountingMachineMainEvent (6.6s)
✔ [10205/10221] Built OAI.Combinatorics.ContingencyTables.Counting.CountingBranchBudgetBound (6.3s)
✔ [10206/10221] Built OAI.Combinatorics.ContingencyTables.Counting.CountingBranchMachine (5.7s)
✔ [10207/10221] Built OAI.Combinatorics.ContingencyTables.Counting.CountingPositiveProgram (14s)
✔ [10208/10221] Built OAI.Combinatorics.ContingencyTables.Counting.CountingBranchSuccess (4.6s)
✔ [10209/10221] Built OAI.Combinatorics.ContingencyTables.Counting.CountingPositiveSemantics (4.5s)
✔ [10210/10221] Built OAI.Combinatorics.ContingencyTables.Counting.CountingActualInitialization (4.7s)
✔ [10211/10221] Built OAI.Combinatorics.ContingencyTables.Counting.CountingPositiveWordLaw (5.9s)
✔ [10212/10221] Built OAI.Combinatorics.ContingencyTables.Counting.CountingActualSettings (6.5s)
✔ [10213/10221] Built OAI.Combinatorics.ContingencyTables.Counting.CountingPositiveWordBound (15s)
✔ [10214/10221] Built OAI.Combinatorics.ContingencyTables.Counting.CountingActualPhase (4.8s)
✔ [10215/10221] Built OAI.Combinatorics.ContingencyTables.Counting.CountingExecutedMachine (4.5s)
✔ [10216/10221] Built OAI.Combinatorics.ContingencyTables.Counting.CountingHistoryApplication (4.6s)
✔ [10217/10221] Built OAI.Combinatorics.ContingencyTables.Counting.CountingAmplifiedSourceLaw (4.7s)
✔ [10218/10221] Built OAI.Combinatorics.ContingencyTables.Counting.CountingPublicAccuracy (4.9s)
✔ [10219/10221] Built OAI.Combinatorics.ContingencyTables.Counting.CountingConditionalAssembly (4.3s)
✔ [10220/10221] Built OAI.Combinatorics.ContingencyTables.Counting.CountingMainMachine (4.3s)
✔ [10221/10221] Built OAI.Combinatorics.ContingencyTables.UnconditionalMain (4.3s)
Build completed successfully (10221 jobs).
'OAI.ContingencyTables.boundedSampling' depends on axioms: [propext, Classical.choice, Quot.sound]
'OAI.ContingencyTables.exactSampling' depends on axioms: [propext, Classical.choice, Quot.sound]
'OAI.ContingencyTables.counting' depends on axioms: [propext, Classical.choice, Quot.sound]
Axiom allowlist passed for 3 declarations.
Verification completed: 2026-10-08T22:25:57Z
